transaction_id,user_id,timestamp,amount,location_city,distance_from_home_km,device_id,transaction_type,merchant_category,is_fraud
TXN_000001,USR_0052,2026-03-16 08:16:28,108.33,Paris,4.54,DEV_088,Online,Luxury,0
TXN_000002,USR_0022,2026-03-27 16:54:12,126.12,Sydney,1.19,DEV_022,Online,Utilities,0
TXN_000003,USR_0089,2026-01-11 14:44:00,43.19,London,0.24,DEV_089,Online,Utilities,0
TXN_000004,USR_0051,2026-03-21 15:59:39,68.34,Mumbai,0.24,DEV_051,Online,Gaming,0
TXN_000005,USR_0089,2026-02-09 04:27:39,41.64,London,0.08,DEV_089,POS,Gaming,0
TXN_000006,USR_0008,2026-02-28 22:14:06,42.24,New York,1.01,DEV_008,Online,Gaming,0
TXN_000007,USR_0054,2026-01-04 03:30:36,107.0,Sydney,14.03,DEV_054,ATM,Utilities,0
TXN_000008,USR_0087,2026-03-06 18:33:31,35.58,Toronto,2.46,DEV_087,Online,Gaming,0
TXN_000009,USR_0060,2026-03-25 12:52:11,32.84,New York,0.9,DEV_060,Online,Travel,0
TXN_000010,USR_0011,2026-03-20 09:10:10,94.87,Sydney,7.38,DEV_011,ATM,Grocery,0
TXN_000011,USR_0072,2026-01-12 12:41:47,14.27,New York,1.86,DEV_072,POS,Luxury,0
TXN_000012,USR_0035,2026-03-17 03:38:40,241.75,Mumbai,9.45,DEV_035,Online,Luxury,0
TXN_000013,USR_0009,2026-03-25 10:32:46,11.67,Sydney,0.57,DEV_009,POS,Gaming,0
TXN_000014,USR_0094,2026-02-02 18:54:28,44.34,Sydney,7.04,DEV_086,ATM,Electronics,0
TXN_000015,USR_0045,2026-02-05 09:13:33,143.35,Berlin,8.14,DEV_045,POS,Electronics,0
TXN_000016,USR_0092,2026-02-11 05:08:40,17.58,Paris,1.29,DEV_092,ATM,Travel,0
TXN_000017,USR_0070,2026-02-18 19:11:03,53.11,Sydney,5.9,DEV_070,Online,Grocery,0
TXN_000018,USR_0052,2026-01-18 07:36:16,29.04,Paris,1.42,DEV_052,Online,Grocery,0
TXN_000019,USR_0059,2026-01-10 09:52:48,44.41,Mumbai,0.17,DEV_059,POS,Transfer,0
TXN_000020,USR_0044,2026-01-26 17:26:49,28.01,Paris,5.58,DEV_044,POS,Transfer,0
TXN_000021,USR_0098,2026-02-05 15:39:49,120.19,Tokyo,8.01,DEV_098,POS,Luxury,0
TXN_000022,USR_0020,2026-03-28 12:05:15,11.09,Paris,3.59,DEV_020,Online,Grocery,0
TXN_000023,USR_0040,2026-01-01 19:48:15,128.19,New York,5.63,DEV_040,POS,Electronics,0
TXN_000024,USR_0099,2026-01-02 17:01:58,120.47,Mumbai,4.05,DEV_099,Online,Gaming,0
TXN_000025,USR_0069,2026-01-02 08:43:16,23.59,Berlin,1.63,DEV_069,ATM,Utilities,0
TXN_000026,USR_0033,2026-03-11 22:11:35,188.31,London,7.69,DEV_033,Online,Grocery,0
TXN_000027,USR_0099,2026-02-20 02:06:16,610.38,Sydney,2833.92,DEV_068,Online,Gaming,1
TXN_000028,USR_0021,2026-02-24 02:25:51,78.17,Berlin,9.46,DEV_021,Online,Luxury,0
TXN_000029,USR_0086,2026-03-18 01:57:10,67.93,Sydney,19.29,DEV_086,POS,Transfer,0
TXN_000030,USR_0030,2026-01-29 10:33:04,54.09,Sydney,1.09,DEV_030,Online,Grocery,0
TXN_000031,USR_0017,2026-01-21 09:00:27,210.04,London,12.32,DEV_024,Online,Utilities,0
TXN_000032,USR_0053,2026-01-02 08:01:34,134.63,Berlin,1.74,DEV_053,Online,Electronics,0
TXN_000033,USR_0025,2026-01-08 23:08:25,87.4,Toronto,4.22,DEV_025,Online,Travel,0
TXN_000034,USR_0027,2026-01-19 07:53:13,97.75,Mumbai,5.97,DEV_027,Online,Travel,0
TXN_000035,USR_0026,2026-03-17 13:00:18,71.46,Mumbai,0.43,DEV_026,POS,Utilities,0
TXN_000036,USR_0016,2026-03-08 06:52:59,11.82,New York,4.32,DEV_016,Online,Electronics,0
TXN_000037,USR_0063,2026-03-10 05:01:49,68.09,Berlin,0.15,DEV_063,POS,Transfer,0
TXN_000038,USR_0097,2026-03-26 08:44:55,25.8,Paris,4.88,DEV_097,POS,Luxury,0
TXN_000039,USR_0055,2026-03-23 05:50:31,252.03,Toronto,3.63,DEV_055,Online,Gaming,0
TXN_000040,USR_0058,2026-01-17 11:21:26,23.24,Tokyo,0.42,DEV_058,Online,Electronics,0
TXN_000041,USR_0001,2026-02-17 00:35:58,61.79,London,6.27,DEV_001,Wire Transfer,Travel,0
TXN_000042,USR_0064,2026-03-22 12:21:18,95.12,New York,0.24,DEV_064,Online,Transfer,0
TXN_000043,USR_0078,2026-01-01 02:37:15,12.7,Sydney,9.67,DEV_078,Online,Transfer,0
TXN_000044,USR_0039,2026-01-30 21:15:15,46.98,Toronto,2.54,DEV_039,Online,Travel,0
TXN_000045,USR_0010,2026-02-12 17:55:05,55.19,Tokyo,3.88,DEV_010,ATM,Electronics,0
TXN_000046,USR_0092,2026-03-31 00:59:43,114.92,Paris,5.65,DEV_101,POS,Grocery,0
TXN_000047,USR_0033,2026-02-24 09:21:43,24.16,London,0.36,DEV_035,Online,Electronics,0
TXN_000048,USR_0008,2026-02-01 08:48:28,11.53,New York,8.42,DEV_114,POS,Transfer,0
TXN_000049,USR_0036,2026-02-07 02:40:20,61.61,Paris,2.75,DEV_036,POS,Gaming,0
TXN_000050,USR_0082,2026-01-01 19:37:20,37.09,Tokyo,13.35,DEV_082,POS,Grocery,0
TXN_000051,USR_0099,2026-03-19 14:47:04,59.68,Mumbai,3.43,DEV_099,Online,Gaming,0
TXN_000052,USR_0012,2026-03-17 01:47:40,16.22,Paris,1.92,DEV_012,POS,Travel,0
TXN_000053,USR_0016,2026-02-28 15:40:36,69.96,New York,4.03,DEV_016,POS,Travel,0
TXN_000054,USR_0053,2026-01-14 21:39:53,367.79,Berlin,0.29,DEV_053,POS,Travel,0
TXN_000055,USR_0076,2026-01-27 08:19:20,72.59,Paris,0.53,DEV_076,Online,Luxury,0
TXN_000056,USR_0066,2026-03-05 03:56:52,27.26,Tokyo,4.35,DEV_066,Online,Travel,0
TXN_000057,USR_0089,2026-01-05 13:35:40,40.68,London,0.44,DEV_089,POS,Electronics,0
TXN_000058,USR_0019,2026-02-12 15:45:01,10.74,Mumbai,3.16,DEV_019,ATM,Travel,0
TXN_000059,USR_0001,2026-03-09 04:54:26,222.86,London,2.35,DEV_001,Online,Utilities,0
TXN_000060,USR_0058,2026-01-22 15:50:03,62.78,Paris,1.95,DEV_058,Online,Luxury,0
TXN_000061,USR_0019,2026-01-28 11:12:19,21.82,Mumbai,1.22,DEV_019,POS,Luxury,0
TXN_000062,USR_0016,2026-02-08 09:43:50,31.44,New York,15.02,DEV_016,POS,Electronics,0
TXN_000063,USR_0092,2026-01-19 02:14:59,38.34,New York,4.38,DEV_092,POS,Travel,0
TXN_000064,USR_0017,2026-01-24 04:42:48,119.26,London,5.77,DEV_017,ATM,Electronics,0
TXN_000065,USR_0069,2026-01-07 15:47:58,15.61,Berlin,10.46,DEV_069,POS,Utilities,0
TXN_000066,USR_0065,2026-02-17 03:00:47,40.73,London,6.92,DEV_065,POS,Grocery,0
TXN_000067,USR_0098,2026-03-24 19:09:28,30.76,Tokyo,0.29,DEV_098,Wire Transfer,Utilities,0
TXN_000068,USR_0003,2026-02-06 23:52:20,94.18,Mumbai,7.08,DEV_003,Online,Grocery,0
TXN_000069,USR_0051,2026-03-06 08:09:16,26.87,Mumbai,5.57,DEV_051,Online,Electronics,0
TXN_000070,USR_0034,2026-03-21 14:27:01,57.73,Tokyo,9.56,DEV_034,ATM,Grocery,0
TXN_000071,USR_0017,2026-03-01 18:54:39,45.47,London,7.68,DEV_017,ATM,Gaming,0
TXN_000072,USR_0098,2026-02-18 15:00:53,75.8,London,4.05,DEV_098,POS,Travel,0
TXN_000073,USR_0030,2026-02-19 08:38:14,87.75,Sydney,7.96,DEV_030,POS,Gaming,0
TXN_000074,USR_0088,2026-02-16 16:43:48,54.1,New York,1.99,DEV_088,Online,Grocery,0
TXN_000075,USR_0023,2026-02-24 07:39:34,43.24,Toronto,5.98,DEV_023,POS,Luxury,0
TXN_000076,USR_0027,2026-03-18 15:48:44,69.87,Mumbai,1.27,DEV_027,Online,Utilities,0
TXN_000077,USR_0021,2026-03-16 07:53:36,38.6,Berlin,11.23,DEV_021,Online,Electronics,0
TXN_000078,USR_0047,2026-02-17 02:07:52,56.59,Toronto,0.85,DEV_036,ATM,Grocery,0
TXN_000079,USR_0099,2026-02-16 02:16:28,59.99,Mumbai,12.89,DEV_099,POS,Electronics,0
TXN_000080,USR_0026,2026-03-17 21:43:41,19.29,Tokyo,5.81,DEV_026,Online,Electronics,0
TXN_000081,USR_0038,2026-03-09 23:12:34,17.2,Sydney,6.69,DEV_038,ATM,Utilities,0
TXN_000082,USR_0090,2026-01-09 21:56:13,153.79,Tokyo,4.5,DEV_090,POS,Travel,0
TXN_000083,USR_0100,2026-01-25 13:47:01,98.93,Paris,2.83,DEV_100,Online,Electronics,0
TXN_000084,USR_0064,2026-01-24 03:43:29,54.83,New York,2.0,DEV_021,Online,Travel,0
TXN_000085,USR_0004,2026-03-02 01:22:37,31.81,Paris,0.95,DEV_031,POS,Gaming,0
TXN_000086,USR_0024,2026-02-05 07:59:26,65.77,Berlin,12.47,DEV_024,Online,Luxury,0
TXN_000087,USR_0062,2026-03-23 14:31:20,59.78,Sydney,3.24,DEV_062,Wire Transfer,Gaming,0
TXN_000088,USR_0019,2026-01-15 07:48:35,28.04,Mumbai,0.61,DEV_019,POS,Luxury,0
TXN_000089,USR_0100,2026-01-17 09:20:12,13.46,Paris,2.05,DEV_130,Online,Electronics,0
TXN_000090,USR_0084,2026-02-06 12:10:40,10.18,Paris,0.62,DEV_084,POS,Travel,0
TXN_000091,USR_0049,2026-02-25 13:55:16,227.96,London,0.66,DEV_049,Online,Luxury,0
TXN_000092,USR_0001,2026-02-14 01:21:43,13.2,London,7.61,DEV_001,POS,Luxury,0
TXN_000093,USR_0085,2026-02-12 15:45:40,81.12,Berlin,3.7,DEV_085,Online,Travel,0
TXN_000094,USR_0014,2026-03-03 03:23:11,33.31,Sydney,6.88,DEV_014,ATM,Travel,0
TXN_000095,USR_0066,2026-01-30 00:52:29,26.91,Tokyo,3.91,DEV_066,POS,Electronics,0
TXN_000096,USR_0064,2026-02-05 13:11:15,72.91,New York,3.81,DEV_064,Online,Grocery,0
TXN_000097,USR_0027,2026-03-29 10:19:34,24.87,Mumbai,6.26,DEV_027,Online,Transfer,0
TXN_000098,USR_0031,2026-02-07 05:47:15,70.21,Toronto,3.49,DEV_031,POS,Transfer,0
TXN_000099,USR_0002,2026-01-25 01:49:14,86.96,Tokyo,3.91,DEV_002,Online,Electronics,0
TXN_000100,USR_0038,2026-02-09 04:41:41,50.29,Sydney,14.71,DEV_038,POS,Grocery,0
TXN_000101,USR_0097,2026-01-27 10:46:06,68.43,London,0.54,DEV_097,Online,Travel,0
TXN_000102,USR_0092,2026-03-11 00:32:30,45.87,Paris,6.67,DEV_092,POS,Utilities,0
TXN_000103,USR_0021,2026-03-14 11:28:25,18.65,Berlin,12.68,DEV_021,POS,Transfer,0
TXN_000104,USR_0047,2026-01-04 16:26:48,24.96,Toronto,7.75,DEV_025,ATM,Utilities,0
TXN_000105,USR_0002,2026-02-12 13:41:26,96.94,Tokyo,3.01,DEV_002,Online,Grocery,0
TXN_000106,USR_0071,2026-03-14 02:53:39,170.11,Toronto,2.25,DEV_071,Online,Transfer,0
TXN_000107,USR_0049,2026-01-15 23:48:22,49.93,London,4.07,DEV_049,Online,Travel,0
TXN_000108,USR_0001,2026-03-08 18:28:47,100.1,London,1.18,DEV_001,Online,Transfer,0
TXN_000109,USR_0093,2026-03-09 19:06:05,67.55,Berlin,1.74,DEV_093,POS,Grocery,0
TXN_000110,USR_0094,2026-02-22 00:36:53,17.06,Tokyo,2.04,DEV_094,Online,Utilities,0
TXN_000111,USR_0034,2026-01-27 09:33:47,260.9,Tokyo,9.16,DEV_034,POS,Luxury,0
TXN_000112,USR_0088,2026-02-09 19:09:10,11.29,New York,0.55,DEV_088,POS,Travel,0
TXN_000113,USR_0008,2026-03-30 17:45:05,301.56,New York,4.62,DEV_008,ATM,Utilities,0
TXN_000114,USR_0085,2026-01-08 01:46:53,157.33,Sydney,0.07,DEV_085,Online,Luxury,0
TXN_000115,USR_0036,2026-01-18 06:30:52,155.07,Paris,8.5,DEV_036,Online,Travel,0
TXN_000116,USR_0012,2026-01-29 15:38:59,44.23,Paris,4.02,DEV_012,ATM,Utilities,0
TXN_000117,USR_0024,2026-02-17 13:21:20,53.44,New York,11.25,DEV_024,Online,Utilities,0
TXN_000118,USR_0009,2026-01-31 18:00:07,43.48,London,1.23,DEV_009,Online,Transfer,0
TXN_000119,USR_0098,2026-02-10 21:49:10,122.4,Tokyo,3.77,DEV_098,Online,Transfer,0
TXN_000120,USR_0025,2026-03-10 03:49:57,25.03,London,0.06,DEV_025,ATM,Electronics,0
TXN_000121,USR_0012,2026-01-15 04:41:16,22.53,Paris,12.29,DEV_012,POS,Electronics,0
TXN_000122,USR_0054,2026-03-26 18:43:54,16.15,Tokyo,7.37,DEV_054,Online,Grocery,0
TXN_000123,USR_0059,2026-01-13 06:20:22,203.83,Mumbai,2.53,DEV_056,Online,Gaming,0
TXN_000124,USR_0020,2026-03-08 00:16:34,131.77,Paris,15.53,DEV_020,POS,Grocery,0
TXN_000125,USR_0073,2026-03-22 20:12:00,89.33,London,4.56,DEV_108,POS,Utilities,0
TXN_000126,USR_0098,2026-03-18 02:50:51,16.24,Tokyo,12.46,DEV_098,POS,Travel,0
TXN_000127,USR_0012,2026-02-14 00:13:49,102.33,Paris,5.09,DEV_012,POS,Grocery,0
TXN_000128,USR_0082,2026-02-26 20:30:16,86.8,Tokyo,0.26,DEV_016,ATM,Travel,0
TXN_000129,USR_0026,2026-03-18 12:04:36,34.39,Tokyo,0.64,DEV_026,Online,Luxury,0
TXN_000130,USR_0087,2026-01-21 21:02:20,138.75,Toronto,9.31,DEV_087,Online,Travel,0
TXN_000131,USR_0024,2026-03-16 05:28:02,52.64,New York,10.81,DEV_024,POS,Travel,0
TXN_000132,USR_0015,2026-03-03 18:29:11,111.67,Toronto,1.92,DEV_015,POS,Utilities,0
TXN_000133,USR_0066,2026-02-17 21:14:30,311.59,Tokyo,0.0,DEV_066,ATM,Luxury,0
TXN_000134,USR_0039,2026-03-25 03:53:17,104.74,Toronto,2.57,DEV_039,ATM,Travel,0
TXN_000135,USR_0010,2026-03-29 01:12:56,58.05,Paris,6.59,DEV_010,Online,Gaming,0
TXN_000136,USR_0018,2026-02-28 22:48:29,31.11,Sydney,12.06,DEV_018,POS,Gaming,0
TXN_000137,USR_0059,2026-02-06 21:45:29,29.48,Mumbai,4.44,DEV_059,POS,Utilities,0
TXN_000138,USR_0077,2026-02-14 22:06:25,317.41,Berlin,1.32,DEV_077,POS,Transfer,0
TXN_000139,USR_0074,2026-01-04 11:56:26,26.19,Tokyo,1.03,DEV_074,Online,Travel,0
TXN_000140,USR_0087,2026-02-18 09:17:36,69.12,Toronto,3.72,DEV_087,POS,Grocery,0
TXN_000141,USR_0088,2026-02-17 07:30:10,26.52,New York,1.27,DEV_088,POS,Electronics,0
TXN_000142,USR_0011,2026-01-26 05:45:12,30.72,London,3.24,DEV_011,ATM,Grocery,0
TXN_000143,USR_0005,2026-02-11 15:21:46,44.13,Berlin,2.33,DEV_005,POS,Utilities,0
TXN_000144,USR_0037,2026-03-13 05:52:59,156.18,Paris,23.82,DEV_037,POS,Electronics,0
TXN_000145,USR_0067,2026-01-08 14:29:11,61.01,Mumbai,9.99,DEV_067,ATM,Gaming,0
TXN_000146,USR_0097,2026-02-24 05:12:26,90.1,London,9.07,DEV_097,POS,Utilities,0
TXN_000147,USR_0060,2026-01-20 23:34:30,221.4,Paris,3.13,DEV_107,Online,Travel,0
TXN_000148,USR_0031,2026-02-25 16:20:33,126.0,Toronto,3.54,DEV_113,POS,Travel,0
TXN_000149,USR_0098,2026-03-01 07:33:15,2448.99,Mumbai,816.55,DEV_074,Online,Electronics,1
TXN_000150,USR_0098,2026-01-04 17:49:50,22.86,Tokyo,7.01,DEV_098,POS,Gaming,0
TXN_000151,USR_0091,2026-01-18 23:50:23,14.53,Mumbai,4.36,DEV_091,Online,Electronics,0
TXN_000152,USR_0014,2026-02-11 09:28:31,48.38,Sydney,5.21,DEV_014,Online,Grocery,0
TXN_000153,USR_0006,2026-02-06 18:35:26,105.64,Sydney,5.75,DEV_006,Wire Transfer,Grocery,0
TXN_000154,USR_0099,2026-01-11 16:40:44,58.67,Mumbai,8.74,DEV_099,POS,Gaming,0
TXN_000155,USR_0022,2026-01-24 15:35:38,205.86,Sydney,0.82,DEV_022,POS,Luxury,0
TXN_000156,USR_0084,2026-02-25 04:18:13,47.96,Paris,1.87,DEV_084,POS,Luxury,0
TXN_000157,USR_0064,2026-02-16 11:52:16,39.88,New York,9.99,DEV_064,Online,Grocery,0
TXN_000158,USR_0093,2026-03-01 23:05:24,49.3,Paris,3.78,DEV_024,ATM,Luxury,0
TXN_000159,USR_0020,2026-03-22 07:15:57,10.08,Paris,4.56,DEV_020,POS,Grocery,0
TXN_000160,USR_0060,2026-03-26 22:50:38,35.64,Paris,4.46,DEV_060,Online,Transfer,0
TXN_000161,USR_0018,2026-02-08 05:36:29,52.5,Tokyo,4.58,DEV_018,ATM,Utilities,0
TXN_000162,USR_0041,2026-01-28 15:43:03,99.89,London,0.79,DEV_041,Online,Utilities,0
TXN_000163,USR_0086,2026-03-09 20:45:15,63.31,Sydney,0.05,DEV_086,Online,Transfer,0
TXN_000164,USR_0030,2026-01-15 16:18:20,42.87,Sydney,0.71,DEV_030,ATM,Electronics,0
TXN_000165,USR_0044,2026-02-22 07:20:16,18.62,Paris,11.33,DEV_044,POS,Grocery,0
TXN_000166,USR_0076,2026-01-05 05:12:39,115.18,Paris,2.07,DEV_084,POS,Utilities,0
TXN_000167,USR_0058,2026-02-01 06:56:21,77.06,Tokyo,3.74,DEV_012,Online,Transfer,0
TXN_000168,USR_0025,2026-02-04 06:58:52,35.94,London,3.18,DEV_025,POS,Luxury,0
TXN_000169,USR_0044,2026-02-03 14:33:53,1671.03,New York,1795.11,DEV_059,ATM,Electronics,1
TXN_000170,USR_0074,2026-02-15 14:45:06,14.87,Tokyo,0.16,DEV_074,ATM,Travel,0
TXN_000171,USR_0058,2026-01-26 19:13:00,74.41,Tokyo,6.65,DEV_058,POS,Luxury,0
TXN_000172,USR_0096,2026-01-09 08:08:08,93.97,New York,3.33,DEV_096,POS,Electronics,0
TXN_000173,USR_0058,2026-01-13 15:00:05,41.48,Tokyo,3.14,DEV_058,POS,Gaming,0
TXN_000174,USR_0094,2026-03-25 13:42:01,241.02,Sydney,1.0,DEV_094,Online,Gaming,0
TXN_000175,USR_0014,2026-02-26 22:36:39,80.63,Sydney,0.5,DEV_014,Online,Luxury,0
TXN_000176,USR_0005,2026-02-18 06:49:34,69.35,Berlin,2.53,DEV_005,ATM,Utilities,0
TXN_000177,USR_0014,2026-02-10 07:50:39,36.71,Sydney,8.83,DEV_014,POS,Grocery,0
TXN_000178,USR_0057,2026-02-21 00:24:31,41.01,London,4.65,DEV_057,POS,Gaming,0
TXN_000179,USR_0056,2026-03-10 02:27:39,63.09,Berlin,3.88,DEV_037,ATM,Transfer,0
TXN_000180,USR_0001,2026-02-20 12:20:06,22.9,London,0.46,DEV_001,POS,Gaming,0
TXN_000181,USR_0053,2026-03-10 16:08:17,10.32,Berlin,15.16,DEV_053,POS,Travel,0
TXN_000182,USR_0043,2026-01-29 02:28:01,59.39,Mumbai,0.67,DEV_124,POS,Electronics,0
TXN_000183,USR_0085,2026-01-08 11:48:16,21.04,Berlin,1.34,DEV_085,POS,Travel,0
TXN_000184,USR_0090,2026-03-04 03:10:34,54.69,Tokyo,4.81,DEV_090,Online,Grocery,0
TXN_000185,USR_0046,2026-02-05 05:55:15,25.79,Sydney,5.38,DEV_046,Online,Gaming,0
TXN_000186,USR_0066,2026-03-09 22:42:57,34.89,Tokyo,10.07,DEV_066,Online,Travel,0
TXN_000187,USR_0075,2026-03-19 16:03:15,104.18,Mumbai,13.0,DEV_075,ATM,Travel,0
TXN_000188,USR_0083,2026-03-27 03:50:04,18.32,Sydney,3.93,DEV_083,POS,Travel,0
TXN_000189,USR_0021,2026-03-17 05:37:22,48.71,Berlin,1.36,DEV_021,Online,Luxury,0
TXN_000190,USR_0072,2026-01-13 03:09:33,102.59,New York,3.47,DEV_072,ATM,Gaming,0
TXN_000191,USR_0093,2026-03-11 19:08:09,20.49,Berlin,3.74,DEV_093,Online,Travel,0
TXN_000192,USR_0070,2026-02-08 20:55:09,212.33,Sydney,0.09,DEV_047,Online,Travel,0
TXN_000193,USR_0025,2026-01-20 16:41:07,14.04,London,13.62,DEV_125,POS,Transfer,0
TXN_000194,USR_0052,2026-01-09 15:46:53,115.6,Paris,3.87,DEV_052,POS,Grocery,0
TXN_000195,USR_0077,2026-03-13 13:39:15,58.04,Berlin,0.66,DEV_077,Online,Travel,0
TXN_000196,USR_0056,2026-01-22 19:09:36,29.27,New York,16.47,DEV_056,POS,Transfer,0
TXN_000197,USR_0047,2026-01-12 12:09:30,1619.28,Mumbai,2672.84,DEV_137,Wire Transfer,Luxury,1
TXN_000198,USR_0015,2026-03-21 20:01:13,39.09,Toronto,11.82,DEV_015,Online,Gaming,0
TXN_000199,USR_0050,2026-03-16 00:49:27,45.83,Mumbai,5.51,DEV_069,Online,Luxury,0
TXN_000200,USR_0098,2026-01-12 17:13:04,16.54,Tokyo,0.12,DEV_098,POS,Electronics,0
TXN_000201,USR_0073,2026-01-14 23:14:21,13.92,London,0.76,DEV_073,POS,Electronics,0
TXN_000202,USR_0039,2026-02-21 04:43:28,900.6,Mumbai,4129.79,DEV_102,Wire Transfer,Electronics,1
TXN_000203,USR_0039,2026-02-26 14:06:36,15.82,Toronto,11.23,DEV_039,Online,Grocery,0
TXN_000204,USR_0068,2026-02-19 21:26:36,14.55,Paris,8.06,DEV_068,ATM,Electronics,0
TXN_000205,USR_0067,2026-03-26 21:28:21,49.68,Mumbai,1.06,DEV_067,POS,Electronics,0
TXN_000206,USR_0087,2026-01-18 23:43:25,66.46,Toronto,0.46,DEV_087,POS,Travel,0
TXN_000207,USR_0080,2026-03-05 08:48:41,48.9,New York,7.06,DEV_080,POS,Utilities,0
TXN_000208,USR_0023,2026-02-13 15:59:23,11.31,Toronto,6.68,DEV_023,POS,Gaming,0
TXN_000209,USR_0070,2026-03-01 01:12:53,101.49,Sydney,0.68,DEV_070,POS,Utilities,0
TXN_000210,USR_0036,2026-01-20 14:02:08,37.17,Paris,2.4,DEV_036,POS,Luxury,0
TXN_000211,USR_0052,2026-01-21 05:10:21,69.66,Paris,3.63,DEV_052,Wire Transfer,Transfer,0
TXN_000212,USR_0012,2026-02-15 02:56:46,60.44,Paris,4.94,DEV_012,POS,Luxury,0
TXN_000213,USR_0080,2026-02-21 22:43:18,15.48,New York,2.58,DEV_080,Online,Gaming,0
TXN_000214,USR_0082,2026-01-18 06:04:47,65.64,Tokyo,3.26,DEV_082,Online,Utilities,0
TXN_000215,USR_0052,2026-01-31 11:16:18,123.37,Paris,5.49,DEV_052,POS,Travel,0
TXN_000216,USR_0068,2026-02-04 20:48:59,18.46,Paris,4.51,DEV_068,Online,Travel,0
TXN_000217,USR_0006,2026-01-17 12:42:07,72.82,Sydney,5.25,DEV_010,Online,Utilities,0
TXN_000218,USR_0011,2026-01-18 06:20:33,87.19,Mumbai,20.58,DEV_073,POS,Utilities,0
TXN_000219,USR_0007,2026-02-07 12:51:27,72.56,Toronto,5.01,DEV_007,Online,Transfer,0
TXN_000220,USR_0052,2026-03-12 22:13:55,46.09,Paris,0.7,DEV_052,Online,Travel,0
TXN_000221,USR_0027,2026-01-04 08:14:19,22.65,Mumbai,2.45,DEV_027,Online,Transfer,0
TXN_000222,USR_0079,2026-01-06 19:33:40,19.59,Toronto,3.83,DEV_082,Online,Gaming,0
TXN_000223,USR_0081,2026-01-18 22:55:30,77.52,London,3.46,DEV_034,Online,Gaming,0
TXN_000224,USR_0082,2026-03-12 00:42:15,71.89,Tokyo,9.82,DEV_082,Online,Grocery,0
TXN_000225,USR_0009,2026-03-12 19:57:28,47.41,London,1.47,DEV_021,ATM,Travel,0
TXN_000226,USR_0034,2026-03-20 16:55:35,75.81,Toronto,4.76,DEV_034,Online,Gaming,0
TXN_000227,USR_0065,2026-01-27 20:34:44,12.52,London,6.86,DEV_065,Online,Grocery,0
TXN_000228,USR_0005,2026-02-08 02:48:51,38.33,Berlin,1.76,DEV_005,POS,Gaming,0
TXN_000229,USR_0051,2026-01-14 23:29:46,61.85,London,8.88,DEV_112,Wire Transfer,Travel,0
TXN_000230,USR_0008,2026-03-23 18:35:43,252.41,Mumbai,5.5,DEV_008,POS,Grocery,0
TXN_000231,USR_0089,2026-02-19 23:19:21,157.0,London,1.94,DEV_089,Online,Transfer,0
TXN_000232,USR_0053,2026-01-19 15:45:35,118.56,Berlin,5.34,DEV_053,ATM,Travel,0
TXN_000233,USR_0073,2026-02-23 08:28:08,61.92,London,2.46,DEV_073,ATM,Gaming,0
TXN_000234,USR_0032,2026-01-11 05:57:01,6257.96,Sydney,3422.98,DEV_119,ATM,Luxury,1
TXN_000235,USR_0012,2026-02-17 14:40:40,75.7,Paris,1.25,DEV_012,POS,Travel,0
TXN_000236,USR_0096,2026-03-23 21:34:02,100.94,New York,1.57,DEV_096,Online,Transfer,0
TXN_000237,USR_0079,2026-01-04 16:17:55,25.61,Toronto,3.52,DEV_079,POS,Transfer,0
TXN_000238,USR_0097,2026-01-28 05:50:47,17.28,Mumbai,0.82,DEV_097,POS,Travel,0
TXN_000239,USR_0008,2026-01-31 19:39:21,118.55,New York,6.77,DEV_008,Online,Electronics,0
TXN_000240,USR_0098,2026-02-15 06:25:46,98.15,Tokyo,8.44,DEV_098,Online,Grocery,0
TXN_000241,USR_0036,2026-03-07 18:49:57,129.1,New York,8.94,DEV_036,Online,Luxury,0
TXN_000242,USR_0016,2026-01-23 09:31:30,51.31,New York,3.49,DEV_016,POS,Electronics,0
TXN_000243,USR_0024,2026-01-21 11:48:05,42.29,New York,2.66,DEV_038,Online,Gaming,0
TXN_000244,USR_0057,2026-02-17 11:10:36,67.67,London,3.28,DEV_080,Online,Gaming,0
TXN_000245,USR_0004,2026-01-04 11:01:11,83.35,Paris,8.17,DEV_004,POS,Utilities,0
TXN_000246,USR_0083,2026-01-06 03:03:51,109.88,Mumbai,6.15,DEV_083,POS,Gaming,0
TXN_000247,USR_0094,2026-01-04 08:49:58,27.49,Mumbai,2.32,DEV_094,Wire Transfer,Gaming,0
TXN_000248,USR_0045,2026-03-21 18:55:28,75.72,Berlin,7.7,DEV_045,ATM,Luxury,0
TXN_000249,USR_0009,2026-02-24 09:11:53,23.26,London,2.25,DEV_113,POS,Utilities,0
TXN_000250,USR_0070,2026-01-25 21:17:04,109.19,Sydney,0.29,DEV_070,Online,Transfer,0
TXN_000251,USR_0084,2026-03-20 20:56:52,52.88,Sydney,0.72,DEV_084,ATM,Grocery,0
TXN_000252,USR_0100,2026-02-01 19:06:16,71.24,Paris,0.73,DEV_100,Wire Transfer,Utilities,0
TXN_000253,USR_0024,2026-01-21 14:02:19,12.4,New York,1.61,DEV_024,Wire Transfer,Utilities,0
TXN_000254,USR_0095,2026-01-26 21:40:57,30.29,Toronto,0.85,DEV_082,ATM,Grocery,0
TXN_000255,USR_0021,2026-02-28 04:40:35,106.06,Berlin,0.45,DEV_021,POS,Travel,0
TXN_000256,USR_0048,2026-03-05 09:49:58,124.37,New York,7.75,DEV_048,Wire Transfer,Transfer,0
TXN_000257,USR_0003,2026-01-28 03:49:42,64.16,Mumbai,3.12,DEV_003,Online,Grocery,0
TXN_000258,USR_0033,2026-02-12 13:29:21,45.18,London,0.47,DEV_033,Wire Transfer,Transfer,0
TXN_000259,USR_0098,2026-03-23 05:35:23,14.55,Tokyo,6.15,DEV_098,POS,Transfer,0
TXN_000260,USR_0005,2026-01-20 04:05:21,25.83,Berlin,0.51,DEV_005,POS,Gaming,0
TXN_000261,USR_0088,2026-02-08 23:13:43,38.6,New York,19.1,DEV_088,Online,Transfer,0
TXN_000262,USR_0020,2026-01-07 19:22:38,101.19,Paris,0.09,DEV_020,Online,Utilities,0
TXN_000263,USR_0027,2026-03-07 21:19:56,282.94,New York,7.39,DEV_131,ATM,Grocery,0
TXN_000264,USR_0042,2026-03-27 10:33:23,40.23,Tokyo,3.0,DEV_051,Online,Gaming,0
TXN_000265,USR_0074,2026-01-15 05:20:07,112.33,Tokyo,4.31,DEV_074,Online,Utilities,0
TXN_000266,USR_0082,2026-03-26 17:55:53,63.04,Tokyo,0.91,DEV_082,ATM,Luxury,0
TXN_000267,USR_0040,2026-03-01 05:47:17,24.67,New York,1.02,DEV_040,Online,Gaming,0
TXN_000268,USR_0094,2026-01-04 03:55:49,136.36,Sydney,0.63,DEV_094,Wire Transfer,Transfer,0
TXN_000269,USR_0021,2026-01-29 15:24:13,21.8,Berlin,10.68,DEV_021,Online,Grocery,0
TXN_000270,USR_0003,2026-01-03 18:39:28,2477.64,Sydney,1206.81,DEV_133,ATM,Luxury,1
TXN_000271,USR_0092,2026-02-07 12:58:04,172.73,Paris,0.59,DEV_092,ATM,Gaming,0
TXN_000272,USR_0073,2026-01-19 17:03:16,121.19,London,10.59,DEV_073,Online,Electronics,0
TXN_000273,USR_0062,2026-01-17 06:39:28,19.95,Sydney,2.14,DEV_062,POS,Utilities,0
TXN_000274,USR_0017,2026-03-21 17:24:20,130.65,Paris,1.46,DEV_017,Online,Gaming,0
TXN_000275,USR_0047,2026-02-22 08:39:02,79.23,Toronto,23.98,DEV_047,POS,Grocery,0
TXN_000276,USR_0047,2026-01-31 23:28:37,14.61,Toronto,7.2,DEV_047,ATM,Grocery,0
TXN_000277,USR_0039,2026-02-07 13:13:44,81.08,Toronto,1.51,DEV_039,POS,Luxury,0
TXN_000278,USR_0098,2026-03-28 15:32:07,26.71,Tokyo,2.4,DEV_098,ATM,Luxury,0
TXN_000279,USR_0084,2026-01-21 23:25:36,97.54,Paris,12.51,DEV_084,Online,Luxury,0
TXN_000280,USR_0003,2026-01-03 18:23:37,128.9,Mumbai,20.03,DEV_003,POS,Grocery,0
TXN_000281,USR_0019,2026-03-24 12:33:50,26.02,New York,0.64,DEV_019,Online,Gaming,0
TXN_000282,USR_0089,2026-01-16 17:04:13,32.93,London,1.78,DEV_068,ATM,Electronics,0
TXN_000283,USR_0086,2026-03-25 09:19:36,73.96,Sydney,3.79,DEV_086,POS,Luxury,0
TXN_000284,USR_0064,2026-01-05 21:19:41,57.9,New York,0.33,DEV_064,Online,Transfer,0
TXN_000285,USR_0073,2026-03-12 18:32:28,2834.97,New York,510.5,DEV_008,Online,Transfer,1
TXN_000286,USR_0047,2026-01-09 17:45:11,47.06,Toronto,7.43,DEV_047,POS,Transfer,0
TXN_000287,USR_0051,2026-03-26 03:41:44,27.62,Mumbai,3.59,DEV_051,POS,Utilities,0
TXN_000288,USR_0066,2026-01-05 04:40:55,98.46,Tokyo,3.53,DEV_145,Online,Utilities,0
TXN_000289,USR_0090,2026-02-26 04:20:42,31.07,Tokyo,17.79,DEV_090,Online,Luxury,0
TXN_000290,USR_0048,2026-03-10 21:58:04,68.09,New York,3.85,DEV_136,Online,Gaming,0
TXN_000291,USR_0097,2026-02-18 05:17:13,47.52,London,1.23,DEV_009,ATM,Grocery,0
TXN_000292,USR_0041,2026-03-31 11:59:12,37.52,London,3.54,DEV_041,POS,Luxury,0
TXN_000293,USR_0011,2026-02-01 07:18:36,21.74,Mumbai,2.47,DEV_011,POS,Transfer,0
TXN_000294,USR_0012,2026-02-08 18:15:24,122.85,Paris,15.51,DEV_091,Online,Utilities,0
TXN_000295,USR_0047,2026-02-16 06:40:22,143.42,Toronto,1.48,DEV_047,POS,Transfer,0
TXN_000296,USR_0019,2026-01-31 17:46:22,100.42,Sydney,0.37,DEV_019,POS,Transfer,0
TXN_000297,USR_0074,2026-01-30 10:06:57,69.35,Tokyo,3.49,DEV_039,ATM,Gaming,0
TXN_000298,USR_0070,2026-03-12 11:29:30,59.08,Sydney,8.83,DEV_070,POS,Gaming,0
TXN_000299,USR_0035,2026-03-20 21:53:46,65.96,Mumbai,0.22,DEV_035,Online,Travel,0
TXN_000300,USR_0024,2026-02-18 15:09:25,86.65,New York,2.81,DEV_024,Online,Electronics,0
TXN_000301,USR_0030,2026-02-25 00:43:39,41.52,Sydney,2.99,DEV_030,Online,Luxury,0
TXN_000302,USR_0048,2026-01-30 09:02:23,69.73,New York,6.11,DEV_048,Online,Transfer,0
TXN_000303,USR_0007,2026-01-01 19:06:43,103.28,Toronto,14.65,DEV_007,Online,Luxury,0
TXN_000304,USR_0043,2026-02-25 02:56:46,44.26,Mumbai,1.86,DEV_043,Online,Gaming,0
TXN_000305,USR_0056,2026-03-26 21:31:55,17.23,New York,0.92,DEV_056,Wire Transfer,Luxury,0
TXN_000306,USR_0075,2026-02-20 20:59:24,12.59,Mumbai,0.16,DEV_075,Online,Luxury,0
TXN_000307,USR_0015,2026-03-17 17:05:56,159.72,Toronto,0.62,DEV_015,ATM,Gaming,0
TXN_000308,USR_0018,2026-01-27 14:51:39,16.0,Tokyo,4.67,DEV_022,POS,Transfer,0
TXN_000309,USR_0049,2026-02-20 02:01:48,103.28,London,8.97,DEV_049,Online,Luxury,0
TXN_000310,USR_0085,2026-02-02 08:47:41,27.42,Berlin,8.88,DEV_085,POS,Transfer,0
TXN_000311,USR_0099,2026-01-07 12:07:40,53.63,Mumbai,2.57,DEV_099,POS,Grocery,0
TXN_000312,USR_0024,2026-03-17 13:15:37,95.3,New York,0.8,DEV_024,ATM,Travel,0
TXN_000313,USR_0064,2026-03-02 12:40:58,93.24,New York,3.81,DEV_139,POS,Transfer,0
TXN_000314,USR_0081,2026-02-23 02:38:47,146.26,London,14.42,DEV_081,Wire Transfer,Gaming,0
TXN_000315,USR_0052,2026-01-14 05:40:47,33.41,Paris,3.38,DEV_052,POS,Luxury,0
TXN_000316,USR_0075,2026-02-08 01:49:51,65.97,Mumbai,10.03,DEV_075,ATM,Travel,0
TXN_000317,USR_0004,2026-02-18 04:05:00,370.92,New York,0.31,DEV_004,ATM,Luxury,0
TXN_000318,USR_0063,2026-02-02 10:10:45,12.03,Toronto,17.8,DEV_063,POS,Utilities,0
TXN_000319,USR_0093,2026-03-04 06:23:17,86.66,Berlin,0.72,DEV_093,ATM,Luxury,0
TXN_000320,USR_0056,2026-03-03 08:38:53,10.58,New York,30.64,DEV_056,Online,Travel,0
TXN_000321,USR_0067,2026-03-18 14:57:04,75.14,Toronto,0.36,DEV_067,POS,Travel,0
TXN_000322,USR_0001,2026-01-11 20:27:15,17.17,London,2.55,DEV_001,POS,Travel,0
TXN_000323,USR_0075,2026-02-27 21:02:26,74.99,Mumbai,4.3,DEV_083,POS,Electronics,0
TXN_000324,USR_0040,2026-03-21 17:04:16,112.86,London,6.14,DEV_040,POS,Travel,0
TXN_000325,USR_0034,2026-03-26 21:16:22,32.49,Tokyo,0.83,DEV_053,ATM,Grocery,0
TXN_000326,USR_0030,2026-01-24 03:21:24,689.92,New York,2197.38,DEV_031,Online,Transfer,1
TXN_000327,USR_0023,2026-03-26 11:06:07,67.3,Toronto,4.9,DEV_023,POS,Utilities,0
TXN_000328,USR_0053,2026-03-02 20:27:03,63.85,Berlin,0.64,DEV_053,POS,Travel,0
TXN_000329,USR_0078,2026-02-26 07:28:33,74.55,Sydney,0.28,DEV_078,Online,Electronics,0
TXN_000330,USR_0093,2026-01-10 16:36:33,89.79,Berlin,0.32,DEV_069,ATM,Transfer,0
TXN_000331,USR_0028,2026-01-17 09:34:02,19.05,Paris,4.16,DEV_028,ATM,Luxury,0
TXN_000332,USR_0013,2026-01-26 07:52:50,40.79,London,16.63,DEV_060,POS,Travel,0
TXN_000333,USR_0010,2026-01-23 01:41:02,91.15,Tokyo,5.49,DEV_010,Wire Transfer,Travel,0
TXN_000334,USR_0025,2026-02-28 12:28:13,51.93,London,5.03,DEV_048,Online,Grocery,0
TXN_000335,USR_0099,2026-02-03 05:22:54,75.41,Sydney,7.37,DEV_099,POS,Transfer,0
TXN_000336,USR_0100,2026-02-06 17:13:02,40.15,Paris,10.19,DEV_100,POS,Travel,0
TXN_000337,USR_0045,2026-02-08 21:28:12,19.55,Berlin,5.27,DEV_045,POS,Transfer,0
TXN_000338,USR_0028,2026-01-16 17:18:31,66.26,Paris,0.45,DEV_118,POS,Transfer,0
TXN_000339,USR_0044,2026-01-13 19:08:30,10.96,Paris,2.38,DEV_100,ATM,Luxury,0
TXN_000340,USR_0025,2026-01-09 04:26:13,68.77,London,0.05,DEV_025,POS,Utilities,0
TXN_000341,USR_0065,2026-03-07 11:13:23,30.21,London,1.24,DEV_065,POS,Electronics,0
TXN_000342,USR_0059,2026-03-27 13:10:06,18.32,Paris,1.54,DEV_059,POS,Travel,0
TXN_000343,USR_0057,2026-02-02 02:10:05,64.57,London,5.44,DEV_057,POS,Luxury,0
TXN_000344,USR_0008,2026-02-03 16:39:50,49.81,New York,2.54,DEV_098,POS,Transfer,0
TXN_000345,USR_0079,2026-02-25 19:28:59,13.87,Toronto,15.83,DEV_079,Wire Transfer,Electronics,0
TXN_000346,USR_0075,2026-02-07 02:49:03,39.59,Mumbai,1.28,DEV_026,ATM,Luxury,0
TXN_000347,USR_0045,2026-02-12 02:09:22,118.33,Berlin,5.05,DEV_045,Online,Grocery,0
TXN_000348,USR_0047,2026-03-15 02:02:27,93.91,Berlin,3.87,DEV_114,Online,Gaming,0
TXN_000349,USR_0075,2026-03-21 07:00:07,215.95,Mumbai,3.77,DEV_075,POS,Transfer,0
TXN_000350,USR_0006,2026-03-04 22:45:57,102.99,Sydney,3.96,DEV_006,POS,Utilities,0
TXN_000351,USR_0093,2026-02-12 23:32:23,13.33,Berlin,9.28,DEV_093,ATM,Gaming,0
TXN_000352,USR_0070,2026-03-15 03:29:44,206.61,Sydney,26.31,DEV_070,POS,Luxury,0
TXN_000353,USR_0089,2026-03-12 12:31:13,14.93,London,4.87,DEV_089,POS,Luxury,0
TXN_000354,USR_0098,2026-02-21 23:21:52,57.91,Tokyo,18.93,DEV_098,POS,Gaming,0
TXN_000355,USR_0094,2026-03-01 19:42:34,21.54,Sydney,4.16,DEV_094,Online,Electronics,0
TXN_000356,USR_0036,2026-03-19 13:51:32,62.19,London,8.17,DEV_036,ATM,Luxury,0
TXN_000357,USR_0022,2026-02-18 02:26:44,43.5,Mumbai,11.25,DEV_022,Online,Luxury,0
TXN_000358,USR_0034,2026-02-23 01:35:46,56.73,Tokyo,3.28,DEV_094,ATM,Grocery,0
TXN_000359,USR_0091,2026-01-08 19:41:13,110.69,Mumbai,1.45,DEV_091,POS,Electronics,0
TXN_000360,USR_0001,2026-01-10 06:44:09,248.17,London,0.14,DEV_001,Online,Grocery,0
TXN_000361,USR_0017,2026-03-26 04:29:09,31.58,London,15.02,DEV_017,POS,Luxury,0
TXN_000362,USR_0076,2026-02-17 21:48:09,20.09,Paris,2.81,DEV_076,POS,Utilities,0
TXN_000363,USR_0004,2026-02-14 12:01:26,54.74,Paris,1.15,DEV_004,Online,Travel,0
TXN_000364,USR_0046,2026-01-03 05:09:47,39.45,Sydney,1.75,DEV_046,Online,Luxury,0
TXN_000365,USR_0040,2026-02-08 02:11:10,86.89,New York,7.37,DEV_040,ATM,Travel,0
TXN_000366,USR_0053,2026-03-02 18:24:55,183.8,Berlin,2.49,DEV_053,POS,Gaming,0
TXN_000367,USR_0054,2026-02-12 03:51:33,244.96,Sydney,1.28,DEV_054,Online,Luxury,0
TXN_000368,USR_0086,2026-02-11 05:14:22,34.13,Sydney,6.58,DEV_086,POS,Electronics,0
TXN_000369,USR_0050,2026-03-17 00:58:05,91.05,Tokyo,8.49,DEV_050,ATM,Utilities,0
TXN_000370,USR_0100,2026-01-25 00:43:18,103.44,Paris,3.91,DEV_100,POS,Electronics,0
TXN_000371,USR_0074,2026-02-26 16:13:19,108.61,Tokyo,4.38,DEV_017,POS,Gaming,0
TXN_000372,USR_0025,2026-02-21 10:56:58,17.03,London,3.61,DEV_025,ATM,Electronics,0
TXN_000373,USR_0015,2026-03-13 09:14:07,115.77,Toronto,0.65,DEV_015,Online,Electronics,0
TXN_000374,USR_0041,2026-03-18 19:47:20,36.58,London,19.2,DEV_041,POS,Travel,0
TXN_000375,USR_0055,2026-01-24 22:37:51,41.13,Toronto,0.89,DEV_055,Online,Luxury,0
TXN_000376,USR_0043,2026-02-25 00:21:07,113.82,Mumbai,4.78,DEV_059,POS,Utilities,0
TXN_000377,USR_0097,2026-01-12 20:25:20,46.49,London,1.85,DEV_064,POS,Luxury,0
TXN_000378,USR_0076,2026-01-09 04:42:55,140.3,Paris,0.86,DEV_076,ATM,Luxury,0
TXN_000379,USR_0057,2026-03-29 11:11:32,34.39,London,13.69,DEV_057,POS,Gaming,0
TXN_000380,USR_0080,2026-02-05 01:54:15,61.74,New York,1.7,DEV_080,POS,Grocery,0
TXN_000381,USR_0005,2026-01-14 18:40:56,70.46,Berlin,1.42,DEV_019,POS,Luxury,0
TXN_000382,USR_0066,2026-01-17 01:41:49,197.88,Tokyo,5.13,DEV_066,Online,Luxury,0
TXN_000383,USR_0054,2026-03-16 05:36:28,31.16,Sydney,1.62,DEV_054,Online,Transfer,0
TXN_000384,USR_0074,2026-03-23 01:02:08,61.58,Tokyo,19.31,DEV_074,POS,Grocery,0
TXN_000385,USR_0091,2026-01-09 14:24:48,29.95,Mumbai,1.15,DEV_091,Online,Electronics,0
TXN_000386,USR_0038,2026-03-28 12:27:01,68.81,Sydney,0.94,DEV_041,Online,Gaming,0
TXN_000387,USR_0019,2026-01-30 22:06:11,62.39,Mumbai,5.13,DEV_019,POS,Grocery,0
TXN_000388,USR_0097,2026-01-09 23:59:27,34.39,London,1.58,DEV_097,ATM,Electronics,0
TXN_000389,USR_0089,2026-01-27 10:23:05,25.58,Toronto,13.99,DEV_089,POS,Grocery,0
TXN_000390,USR_0028,2026-01-27 12:25:36,1449.39,Mumbai,1414.89,DEV_083,Online,Gaming,1
TXN_000391,USR_0036,2026-02-25 12:04:24,23.58,Paris,5.58,DEV_114,POS,Electronics,0
TXN_000392,USR_0035,2026-03-10 20:32:51,169.89,Mumbai,2.85,DEV_035,POS,Electronics,0
TXN_000393,USR_0019,2026-03-19 17:10:15,61.45,Mumbai,5.55,DEV_019,POS,Transfer,0
TXN_000394,USR_0023,2026-03-01 04:15:42,10.9,Toronto,1.43,DEV_023,Online,Luxury,0
TXN_000395,USR_0061,2026-02-16 21:31:29,70.66,Toronto,5.59,DEV_061,ATM,Travel,0
TXN_000396,USR_0019,2026-03-07 07:02:59,61.08,Mumbai,1.12,DEV_019,POS,Utilities,0
TXN_000397,USR_0008,2026-01-05 22:31:14,46.25,New York,1.15,DEV_008,ATM,Grocery,0
TXN_000398,USR_0054,2026-01-23 07:28:36,110.64,Sydney,3.03,DEV_054,POS,Electronics,0
TXN_000399,USR_0040,2026-02-26 15:11:31,20.14,New York,7.66,DEV_040,POS,Electronics,0
TXN_000400,USR_0057,2026-01-14 03:56:51,44.04,Mumbai,3.17,DEV_055,POS,Utilities,0
TXN_000401,USR_0001,2026-01-10 21:06:45,21.37,London,0.37,DEV_001,ATM,Transfer,0
TXN_000402,USR_0047,2026-03-18 13:57:39,116.54,Toronto,0.04,DEV_047,POS,Grocery,0
TXN_000403,USR_0021,2026-01-18 01:37:00,124.63,Berlin,7.79,DEV_021,Wire Transfer,Gaming,0
TXN_000404,USR_0049,2026-03-27 21:28:09,27.14,London,1.92,DEV_109,POS,Utilities,0
TXN_000405,USR_0041,2026-03-11 08:10:29,150.23,London,2.11,DEV_041,Online,Grocery,0
TXN_000406,USR_0029,2026-01-11 04:24:14,22.84,Berlin,5.92,DEV_145,POS,Transfer,0
TXN_000407,USR_0066,2026-02-01 18:26:44,57.03,New York,0.88,DEV_066,POS,Luxury,0
TXN_000408,USR_0078,2026-01-20 23:10:49,17.24,Sydney,1.26,DEV_078,Online,Travel,0
TXN_000409,USR_0047,2026-01-21 06:36:37,36.58,Toronto,6.92,DEV_047,POS,Grocery,0
TXN_000410,USR_0062,2026-01-19 14:59:44,87.49,Sydney,6.06,DEV_062,POS,Utilities,0
TXN_000411,USR_0001,2026-01-28 19:33:53,3883.0,Berlin,3543.81,DEV_064,Online,Luxury,1
TXN_000412,USR_0039,2026-01-14 02:46:23,56.67,Toronto,0.61,DEV_039,POS,Travel,0
TXN_000413,USR_0053,2026-02-24 14:46:24,2288.64,Paris,531.42,DEV_131,ATM,Luxury,1
TXN_000414,USR_0032,2026-03-29 00:36:41,10.65,New York,6.43,DEV_032,ATM,Grocery,0
TXN_000415,USR_0051,2026-01-18 12:35:01,49.01,Mumbai,1.01,DEV_051,POS,Transfer,0
TXN_000416,USR_0046,2026-02-25 01:06:37,11.02,Sydney,1.65,DEV_006,Online,Grocery,0
TXN_000417,USR_0036,2026-01-14 12:04:30,77.93,Paris,0.38,DEV_036,POS,Transfer,0
TXN_000418,USR_0093,2026-02-23 09:47:46,38.05,Berlin,2.33,DEV_093,Online,Luxury,0
TXN_000419,USR_0095,2026-03-28 05:13:14,40.99,Toronto,8.9,DEV_095,POS,Electronics,0
TXN_000420,USR_0061,2026-01-09 02:24:55,14.47,Berlin,7.27,DEV_061,POS,Travel,0
TXN_000421,USR_0096,2026-01-22 08:56:25,10.96,New York,1.16,DEV_096,POS,Travel,0
TXN_000422,USR_0092,2026-01-07 11:16:21,165.25,Paris,7.11,DEV_092,ATM,Transfer,0
TXN_000423,USR_0086,2026-01-23 14:35:41,51.75,Sydney,6.3,DEV_086,Online,Transfer,0
TXN_000424,USR_0059,2026-01-10 05:24:17,164.97,Mumbai,3.54,DEV_002,Online,Luxury,0
TXN_000425,USR_0090,2026-03-19 10:12:38,113.4,Tokyo,1.59,DEV_090,ATM,Utilities,0
TXN_000426,USR_0061,2026-01-15 13:37:04,123.63,Berlin,3.11,DEV_061,ATM,Electronics,0
TXN_000427,USR_0053,2026-01-25 04:32:14,50.24,Berlin,20.46,DEV_053,POS,Grocery,0
TXN_000428,USR_0028,2026-01-22 13:47:51,760.64,Berlin,361.65,DEV_096,ATM,Transfer,1
TXN_000429,USR_0005,2026-02-26 08:28:43,1718.99,Sydney,1750.53,DEV_104,Online,Gaming,1
TXN_000430,USR_0018,2026-02-25 17:48:49,118.88,Tokyo,6.14,DEV_018,ATM,Transfer,0
TXN_000431,USR_0031,2026-01-29 04:08:58,136.89,Toronto,30.22,DEV_013,Online,Gaming,0
TXN_000432,USR_0075,2026-02-22 06:52:42,43.86,Paris,0.07,DEV_075,Online,Utilities,0
TXN_000433,USR_0024,2026-02-04 14:36:33,34.02,New York,0.71,DEV_003,POS,Transfer,0
TXN_000434,USR_0010,2026-02-13 08:38:48,76.11,Tokyo,6.6,DEV_020,POS,Travel,0
TXN_000435,USR_0024,2026-01-12 00:08:42,37.2,New York,3.75,DEV_024,Wire Transfer,Gaming,0
TXN_000436,USR_0042,2026-01-13 17:54:27,55.58,Tokyo,14.9,DEV_042,ATM,Travel,0
TXN_000437,USR_0075,2026-03-08 16:21:40,13.64,Mumbai,5.17,DEV_083,POS,Travel,0
TXN_000438,USR_0004,2026-03-27 09:45:36,89.38,Paris,3.04,DEV_004,Online,Gaming,0
TXN_000439,USR_0050,2026-03-29 10:22:39,625.67,Sydney,2377.18,DEV_020,Wire Transfer,Gaming,1
TXN_000440,USR_0003,2026-01-18 21:50:19,43.41,Mumbai,0.83,DEV_003,ATM,Electronics,0
TXN_000441,USR_0075,2026-02-21 20:42:47,68.6,London,6.06,DEV_128,POS,Travel,0
TXN_000442,USR_0016,2026-03-02 23:26:37,25.42,New York,9.94,DEV_016,POS,Travel,0
TXN_000443,USR_0073,2026-02-26 21:01:22,25.84,London,5.88,DEV_073,ATM,Transfer,0
TXN_000444,USR_0094,2026-02-18 21:43:09,14.51,Sydney,18.51,DEV_094,ATM,Luxury,0
TXN_000445,USR_0011,2026-01-18 05:53:37,25.39,Mumbai,1.3,DEV_011,Online,Gaming,0
TXN_000446,USR_0015,2026-02-09 07:55:16,284.31,Toronto,0.91,DEV_104,Online,Transfer,0
TXN_000447,USR_0094,2026-02-19 04:36:07,29.26,Sydney,2.2,DEV_101,Online,Gaming,0
TXN_000448,USR_0095,2026-03-12 05:25:37,140.0,London,0.84,DEV_095,POS,Utilities,0
TXN_000449,USR_0096,2026-03-25 17:05:01,66.5,New York,3.52,DEV_096,Online,Utilities,0
TXN_000450,USR_0087,2026-01-12 23:36:48,279.75,Toronto,2.52,DEV_087,Online,Utilities,0
TXN_000451,USR_0013,2026-03-09 13:38:32,81.52,Berlin,7.5,DEV_013,POS,Travel,0
TXN_000452,USR_0013,2026-02-28 03:43:12,193.33,Berlin,0.08,DEV_013,POS,Gaming,0
TXN_000453,USR_0044,2026-03-16 04:20:53,39.15,Paris,9.82,DEV_044,POS,Grocery,0
TXN_000454,USR_0096,2026-02-19 19:27:57,153.4,New York,8.51,DEV_096,POS,Utilities,0
TXN_000455,USR_0095,2026-01-22 11:29:57,62.29,Toronto,2.33,DEV_120,Online,Utilities,0
TXN_000456,USR_0067,2026-01-27 09:04:02,123.56,Mumbai,1.68,DEV_067,POS,Grocery,0
TXN_000457,USR_0006,2026-03-16 15:12:13,191.69,Sydney,11.22,DEV_006,POS,Transfer,0
TXN_000458,USR_0062,2026-01-12 22:48:19,26.19,Sydney,1.23,DEV_062,Online,Transfer,0
TXN_000459,USR_0045,2026-03-17 23:27:58,13.57,Berlin,2.36,DEV_045,POS,Transfer,0
TXN_000460,USR_0017,2026-02-18 17:36:23,174.78,London,0.2,DEV_017,Online,Luxury,0
TXN_000461,USR_0013,2026-03-05 05:46:14,2176.81,Toronto,3571.94,DEV_002,Wire Transfer,Gaming,1
TXN_000462,USR_0017,2026-02-17 15:15:41,105.37,London,2.54,DEV_017,Online,Transfer,0
TXN_000463,USR_0055,2026-01-06 18:28:32,72.07,Toronto,12.07,DEV_055,Online,Gaming,0
TXN_000464,USR_0030,2026-01-19 19:48:48,181.37,Sydney,28.13,DEV_030,Online,Travel,0
TXN_000465,USR_0012,2026-01-14 04:00:13,23.63,Paris,12.78,DEV_012,Online,Luxury,0
TXN_000466,USR_0011,2026-01-06 05:53:42,106.32,Mumbai,1.35,DEV_011,ATM,Utilities,0
TXN_000467,USR_0086,2026-03-27 02:34:25,99.96,New York,2.82,DEV_086,Online,Grocery,0
TXN_000468,USR_0021,2026-01-28 13:56:02,12.76,Berlin,5.07,DEV_021,Online,Gaming,0
TXN_000469,USR_0066,2026-01-24 15:03:01,150.5,Tokyo,6.72,DEV_066,Wire Transfer,Gaming,0
TXN_000470,USR_0058,2026-03-01 23:05:03,37.69,Tokyo,2.86,DEV_058,Online,Luxury,0
TXN_000471,USR_0028,2026-03-05 18:33:36,321.42,Paris,3.89,DEV_028,POS,Utilities,0
TXN_000472,USR_0027,2026-01-29 00:27:52,90.49,Mumbai,1.59,DEV_027,ATM,Luxury,0
TXN_000473,USR_0024,2026-01-13 18:46:21,162.84,New York,5.21,DEV_024,Online,Luxury,0
TXN_000474,USR_0058,2026-01-07 07:07:06,10.45,Tokyo,1.19,DEV_058,POS,Travel,0
TXN_000475,USR_0050,2026-02-21 06:44:35,32.73,Tokyo,1.78,DEV_050,POS,Luxury,0
TXN_000476,USR_0021,2026-01-14 10:15:52,122.37,Berlin,0.95,DEV_143,ATM,Utilities,0
TXN_000477,USR_0052,2026-03-14 15:20:46,21.67,Paris,0.62,DEV_052,Online,Travel,0
TXN_000478,USR_0087,2026-01-23 18:41:07,17.27,Toronto,10.32,DEV_087,POS,Electronics,0
TXN_000479,USR_0089,2026-03-04 06:48:19,2502.25,Berlin,4044.71,DEV_122,Online,Luxury,1
TXN_000480,USR_0055,2026-01-11 14:26:44,266.15,Toronto,1.21,DEV_055,POS,Luxury,0
TXN_000481,USR_0030,2026-01-10 04:05:30,17.08,Sydney,0.95,DEV_030,ATM,Utilities,0
TXN_000482,USR_0092,2026-02-26 22:26:01,12.1,Paris,7.62,DEV_031,Online,Gaming,0
TXN_000483,USR_0001,2026-02-14 15:03:18,305.74,London,4.27,DEV_001,ATM,Travel,0
TXN_000484,USR_0081,2026-01-14 07:43:17,38.08,London,2.25,DEV_081,Online,Grocery,0
TXN_000485,USR_0038,2026-02-15 08:59:27,129.49,Sydney,1.25,DEV_038,ATM,Luxury,0
TXN_000486,USR_0013,2026-01-07 22:36:32,24.85,Berlin,0.08,DEV_026,ATM,Electronics,0
TXN_000487,USR_0020,2026-03-27 18:20:53,79.44,Paris,17.73,DEV_020,Online,Gaming,0
TXN_000488,USR_0015,2026-03-14 23:02:42,12.93,Toronto,5.91,DEV_015,POS,Electronics,0
TXN_000489,USR_0048,2026-01-11 19:56:23,47.48,New York,11.48,DEV_048,POS,Utilities,0
TXN_000490,USR_0058,2026-02-03 11:35:27,14.72,Tokyo,2.51,DEV_058,ATM,Utilities,0
TXN_000491,USR_0004,2026-03-02 08:30:36,57.47,Toronto,6.19,DEV_004,POS,Grocery,0
TXN_000492,USR_0045,2026-01-28 21:16:49,186.98,Berlin,12.41,DEV_045,POS,Electronics,0
TXN_000493,USR_0018,2026-01-05 03:48:01,46.36,Tokyo,6.57,DEV_094,POS,Electronics,0
TXN_000494,USR_0004,2026-01-28 08:14:20,28.8,Paris,9.3,DEV_004,Online,Gaming,0
TXN_000495,USR_0006,2026-02-19 08:01:51,63.28,Sydney,8.82,DEV_006,Online,Grocery,0
TXN_000496,USR_0041,2026-01-06 02:50:44,121.62,London,2.9,DEV_041,POS,Transfer,0
TXN_000497,USR_0003,2026-03-18 00:15:04,80.03,Mumbai,5.82,DEV_003,Online,Luxury,0
TXN_000498,USR_0047,2026-01-29 14:56:46,171.73,Toronto,7.49,DEV_047,POS,Electronics,0
TXN_000499,USR_0078,2026-03-20 08:35:53,42.46,Berlin,0.53,DEV_078,Online,Electronics,0
TXN_000500,USR_0099,2026-01-31 18:49:46,2561.79,Toronto,4878.51,DEV_126,Wire Transfer,Electronics,1
TXN_000501,USR_0042,2026-02-26 10:13:37,12.61,Tokyo,4.27,DEV_090,ATM,Grocery,0
TXN_000502,USR_0047,2026-03-30 11:09:34,67.69,Toronto,2.53,DEV_047,Online,Luxury,0
TXN_000503,USR_0079,2026-01-01 09:06:06,19.2,Toronto,3.6,DEV_141,ATM,Grocery,0
TXN_000504,USR_0063,2026-03-24 15:13:00,29.52,Mumbai,0.46,DEV_063,Online,Gaming,0
TXN_000505,USR_0030,2026-01-23 07:47:34,100.75,Sydney,0.26,DEV_030,Online,Gaming,0
TXN_000506,USR_0047,2026-02-01 23:58:37,25.84,Toronto,1.17,DEV_047,POS,Grocery,0
TXN_000507,USR_0070,2026-02-12 12:49:02,44.13,Mumbai,5.69,DEV_070,Online,Electronics,0
TXN_000508,USR_0013,2026-01-22 04:25:14,29.56,Berlin,10.86,DEV_013,Online,Luxury,0
TXN_000509,USR_0038,2026-01-15 18:34:45,111.6,Sydney,0.76,DEV_005,Online,Utilities,0
TXN_000510,USR_0075,2026-02-24 15:45:40,12.31,New York,22.91,DEV_075,Wire Transfer,Luxury,0
TXN_000511,USR_0094,2026-01-13 01:19:26,66.05,Sydney,10.05,DEV_094,POS,Gaming,0
TXN_000512,USR_0010,2026-03-26 18:22:57,81.16,Tokyo,3.47,DEV_107,Online,Luxury,0
TXN_000513,USR_0085,2026-01-11 22:15:31,58.2,Berlin,1.46,DEV_085,Online,Travel,0
TXN_000514,USR_0092,2026-03-22 15:41:40,28.96,Paris,10.03,DEV_040,Online,Luxury,0
TXN_000515,USR_0067,2026-01-06 11:59:07,153.22,Mumbai,14.41,DEV_030,Online,Gaming,0
TXN_000516,USR_0025,2026-02-10 04:00:31,86.62,London,1.33,DEV_025,Online,Transfer,0
TXN_000517,USR_0080,2026-03-11 10:03:24,133.07,New York,0.23,DEV_080,POS,Electronics,0
TXN_000518,USR_0012,2026-03-10 22:03:52,10.9,Paris,0.43,DEV_060,POS,Luxury,0
TXN_000519,USR_0036,2026-02-10 17:10:47,75.23,Paris,8.19,DEV_036,POS,Gaming,0
TXN_000520,USR_0024,2026-03-12 20:39:48,16.12,New York,4.59,DEV_024,POS,Utilities,0
TXN_000521,USR_0036,2026-03-02 14:33:16,58.45,Paris,5.98,DEV_036,POS,Gaming,0
TXN_000522,USR_0020,2026-01-31 10:18:57,29.02,Paris,7.06,DEV_020,POS,Utilities,0
TXN_000523,USR_0095,2026-03-14 07:01:33,35.41,Toronto,5.47,DEV_095,Online,Gaming,0
TXN_000524,USR_0017,2026-03-13 14:14:00,54.92,London,1.92,DEV_017,Online,Utilities,0
TXN_000525,USR_0079,2026-01-29 14:05:30,1894.32,Tokyo,1911.66,DEV_110,Wire Transfer,Gaming,1
TXN_000526,USR_0087,2026-02-10 22:07:27,215.49,Toronto,4.17,DEV_095,Online,Transfer,0
TXN_000527,USR_0069,2026-01-03 16:59:39,42.12,Berlin,3.27,DEV_054,POS,Transfer,0
TXN_000528,USR_0054,2026-01-29 10:00:57,154.26,Sydney,3.12,DEV_054,Online,Electronics,0
TXN_000529,USR_0029,2026-01-10 00:24:51,34.61,Berlin,0.71,DEV_108,POS,Transfer,0
TXN_000530,USR_0020,2026-03-17 12:12:56,46.08,Tokyo,26.19,DEV_020,Online,Utilities,0
TXN_000531,USR_0092,2026-03-22 21:37:55,113.49,Paris,1.32,DEV_092,POS,Luxury,0
TXN_000532,USR_0026,2026-03-01 16:25:58,60.67,Sydney,0.45,DEV_026,POS,Travel,0
TXN_000533,USR_0078,2026-03-02 12:18:18,121.49,Sydney,0.21,DEV_078,Online,Utilities,0
TXN_000534,USR_0042,2026-03-20 07:57:15,117.92,Tokyo,4.37,DEV_042,POS,Transfer,0
TXN_000535,USR_0068,2026-01-25 00:15:20,105.66,Paris,2.06,DEV_068,POS,Grocery,0
TXN_000536,USR_0013,2026-02-14 20:30:16,33.46,Berlin,16.99,DEV_013,POS,Electronics,0
TXN_000537,USR_0011,2026-02-13 22:31:55,28.78,Mumbai,0.64,DEV_011,Online,Utilities,0
TXN_000538,USR_0029,2026-03-12 07:44:18,21.8,Berlin,0.32,DEV_093,ATM,Utilities,0
TXN_000539,USR_0089,2026-02-07 22:29:06,1542.24,Sydney,3158.86,DEV_064,ATM,Luxury,1
TXN_000540,USR_0007,2026-01-17 07:11:17,24.31,Toronto,1.0,DEV_007,Online,Luxury,0
TXN_000541,USR_0052,2026-01-25 04:27:12,42.32,Paris,0.89,DEV_052,Online,Grocery,0
TXN_000542,USR_0071,2026-03-15 13:23:41,16.75,Toronto,0.62,DEV_071,POS,Luxury,0
TXN_000543,USR_0027,2026-02-18 10:06:23,42.81,Mumbai,1.76,DEV_027,POS,Gaming,0
TXN_000544,USR_0037,2026-01-27 17:00:00,34.98,Berlin,3.17,DEV_037,Online,Electronics,0
TXN_000545,USR_0012,2026-01-27 05:49:17,33.83,Paris,1.09,DEV_012,Wire Transfer,Electronics,0
TXN_000546,USR_0006,2026-03-09 18:02:45,115.16,Sydney,3.17,DEV_006,Online,Electronics,0
TXN_000547,USR_0033,2026-02-04 23:05:45,205.42,London,0.11,DEV_029,Online,Utilities,0
TXN_000548,USR_0015,2026-02-19 20:01:05,41.17,Toronto,0.28,DEV_015,Online,Transfer,0
TXN_000549,USR_0058,2026-02-28 05:09:52,24.25,Tokyo,2.91,DEV_058,POS,Utilities,0
TXN_000550,USR_0066,2026-03-27 04:20:59,50.79,Tokyo,2.95,DEV_066,POS,Gaming,0
TXN_000551,USR_0096,2026-03-28 09:05:31,1180.88,Sydney,300.9,DEV_042,Online,Electronics,1
TXN_000552,USR_0059,2026-01-11 10:41:13,40.43,Tokyo,4.91,DEV_059,Online,Travel,0
TXN_000553,USR_0035,2026-01-19 08:10:45,135.43,Mumbai,15.23,DEV_035,Online,Travel,0
TXN_000554,USR_0004,2026-03-15 07:28:50,14.8,Paris,4.27,DEV_004,POS,Transfer,0
TXN_000555,USR_0071,2026-01-18 11:16:30,122.31,Toronto,11.65,DEV_071,Online,Utilities,0
TXN_000556,USR_0072,2026-03-26 00:58:31,189.63,New York,20.69,DEV_072,POS,Gaming,0
TXN_000557,USR_0023,2026-03-02 20:23:06,94.82,Toronto,0.24,DEV_028,Online,Gaming,0
TXN_000558,USR_0063,2026-01-26 11:23:36,36.14,Toronto,7.26,DEV_063,POS,Gaming,0
TXN_000559,USR_0046,2026-01-13 20:41:28,214.1,Sydney,4.57,DEV_046,Online,Transfer,0
TXN_000560,USR_0069,2026-03-04 18:16:56,72.47,Berlin,1.16,DEV_063,POS,Transfer,0
TXN_000561,USR_0055,2026-02-28 10:47:38,35.54,Toronto,5.81,DEV_055,POS,Grocery,0
TXN_000562,USR_0051,2026-03-11 16:13:30,22.97,Mumbai,8.03,DEV_051,POS,Luxury,0
TXN_000563,USR_0033,2026-01-29 20:35:30,14.58,London,1.0,DEV_033,POS,Utilities,0
TXN_000564,USR_0077,2026-03-12 17:27:25,378.06,Berlin,0.73,DEV_077,Online,Gaming,0
TXN_000565,USR_0055,2026-01-03 16:51:02,47.0,Toronto,0.68,DEV_055,Online,Travel,0
TXN_000566,USR_0043,2026-03-16 21:38:50,38.79,Mumbai,4.5,DEV_043,POS,Travel,0
TXN_000567,USR_0091,2026-02-25 19:34:41,124.23,Mumbai,1.47,DEV_091,Online,Grocery,0
TXN_000568,USR_0057,2026-03-07 16:53:50,56.79,London,0.7,DEV_057,ATM,Gaming,0
TXN_000569,USR_0017,2026-02-02 17:04:27,32.1,London,0.03,DEV_017,POS,Transfer,0
TXN_000570,USR_0075,2026-02-11 22:15:41,18.95,Tokyo,4.26,DEV_075,POS,Transfer,0
TXN_000571,USR_0088,2026-03-24 12:01:38,24.2,New York,0.11,DEV_088,ATM,Electronics,0
TXN_000572,USR_0093,2026-03-19 21:54:26,71.48,Berlin,1.75,DEV_093,Online,Gaming,0
TXN_000573,USR_0055,2026-03-27 21:31:13,68.6,New York,4.45,DEV_039,POS,Electronics,0
TXN_000574,USR_0030,2026-01-03 18:33:28,31.65,Sydney,2.56,DEV_009,Online,Electronics,0
TXN_000575,USR_0004,2026-01-19 12:38:40,600.38,Toronto,4453.62,DEV_005,ATM,Gaming,1
TXN_000576,USR_0002,2026-03-22 19:47:40,386.51,Tokyo,6.37,DEV_002,Online,Utilities,0
TXN_000577,USR_0009,2026-02-15 06:51:09,26.2,London,0.74,DEV_009,POS,Electronics,0
TXN_000578,USR_0073,2026-01-12 22:14:11,84.16,London,13.42,DEV_073,Online,Transfer,0
TXN_000579,USR_0078,2026-02-14 18:03:05,104.37,Sydney,5.88,DEV_078,Online,Electronics,0
TXN_000580,USR_0025,2026-02-09 11:29:16,74.98,London,6.48,DEV_075,POS,Transfer,0
TXN_000581,USR_0083,2026-03-31 06:55:17,30.38,Mumbai,1.11,DEV_083,Online,Grocery,0
TXN_000582,USR_0055,2026-03-17 15:45:38,23.12,Toronto,15.65,DEV_055,Online,Travel,0
TXN_000583,USR_0051,2026-01-25 12:06:31,69.55,Mumbai,3.32,DEV_051,ATM,Electronics,0
TXN_000584,USR_0034,2026-01-13 23:20:03,86.19,Tokyo,14.5,DEV_034,POS,Luxury,0
TXN_000585,USR_0026,2026-03-10 18:44:14,34.31,Tokyo,8.11,DEV_090,Online,Utilities,0
TXN_000586,USR_0056,2026-03-04 00:44:22,118.62,New York,14.57,DEV_056,Online,Grocery,0
TXN_000587,USR_0029,2026-03-28 15:54:38,77.65,Berlin,4.9,DEV_029,ATM,Grocery,0
TXN_000588,USR_0091,2026-02-15 12:23:43,41.43,Mumbai,0.92,DEV_091,Online,Gaming,0
TXN_000589,USR_0037,2026-03-09 00:14:32,52.16,Berlin,7.88,DEV_037,ATM,Luxury,0
TXN_000590,USR_0014,2026-02-24 05:44:30,175.98,Sydney,0.77,DEV_082,POS,Utilities,0
TXN_000591,USR_0079,2026-01-30 23:57:02,83.89,Toronto,4.99,DEV_079,ATM,Grocery,0
TXN_000592,USR_0098,2026-01-06 16:48:23,66.8,Tokyo,26.99,DEV_098,Online,Travel,0
TXN_000593,USR_0078,2026-01-17 23:34:16,21.91,Toronto,3.11,DEV_078,Online,Luxury,0
TXN_000594,USR_0054,2026-03-09 02:37:53,80.73,Sydney,4.52,DEV_054,POS,Luxury,0
TXN_000595,USR_0016,2026-03-25 12:16:49,45.29,New York,3.06,DEV_016,POS,Electronics,0
TXN_000596,USR_0094,2026-01-18 05:58:29,131.46,Tokyo,1.5,DEV_066,Online,Gaming,0
TXN_000597,USR_0086,2026-01-07 10:23:59,122.27,Sydney,6.99,DEV_086,POS,Travel,0
TXN_000598,USR_0097,2026-01-25 02:08:00,56.69,London,2.14,DEV_097,POS,Grocery,0
TXN_000599,USR_0055,2026-01-22 13:45:07,17.43,Toronto,1.32,DEV_055,POS,Electronics,0
TXN_000600,USR_0054,2026-03-11 15:05:48,85.4,Sydney,8.44,DEV_054,POS,Utilities,0
TXN_000601,USR_0098,2026-03-28 22:54:49,2380.74,Toronto,1739.48,DEV_040,Wire Transfer,Gaming,1
TXN_000602,USR_0065,2026-03-28 08:11:47,136.66,London,0.51,DEV_065,Online,Gaming,0
TXN_000603,USR_0042,2026-01-19 20:40:18,11.2,Toronto,11.72,DEV_042,Online,Travel,0
TXN_000604,USR_0071,2026-03-20 09:54:26,14.12,Toronto,1.27,DEV_071,Wire Transfer,Utilities,0
TXN_000605,USR_0029,2026-02-23 18:39:46,17.34,Sydney,15.33,DEV_029,Online,Travel,0
TXN_000606,USR_0089,2026-01-29 01:54:22,18.49,London,5.04,DEV_035,POS,Grocery,0
TXN_000607,USR_0052,2026-03-10 03:47:32,15.27,Paris,15.56,DEV_052,Online,Transfer,0
TXN_000608,USR_0054,2026-03-17 01:34:31,17.98,Sydney,9.05,DEV_023,Wire Transfer,Transfer,0
TXN_000609,USR_0071,2026-03-29 06:06:35,40.76,Toronto,2.5,DEV_071,POS,Electronics,0
TXN_000610,USR_0050,2026-03-27 05:45:32,125.11,Tokyo,5.32,DEV_050,Online,Electronics,0
TXN_000611,USR_0070,2026-01-08 22:38:10,44.68,Sydney,0.2,DEV_070,Wire Transfer,Electronics,0
TXN_000612,USR_0097,2026-01-07 12:42:54,134.59,London,0.62,DEV_097,ATM,Travel,0
TXN_000613,USR_0038,2026-02-07 15:17:10,52.28,Sydney,7.3,DEV_038,POS,Grocery,0
TXN_000614,USR_0023,2026-03-20 09:28:38,73.83,New York,8.26,DEV_023,POS,Utilities,0
TXN_000615,USR_0010,2026-01-04 10:39:02,85.88,Tokyo,4.01,DEV_010,Wire Transfer,Travel,0
TXN_000616,USR_0042,2026-01-11 18:49:35,67.4,Tokyo,3.73,DEV_042,Online,Luxury,0
TXN_000617,USR_0058,2026-01-24 10:05:53,57.34,Tokyo,2.66,DEV_058,Online,Electronics,0
TXN_000618,USR_0097,2026-01-07 21:44:42,71.17,London,1.38,DEV_110,Online,Grocery,0
TXN_000619,USR_0088,2026-02-03 07:21:08,42.91,New York,1.41,DEV_088,Online,Electronics,0
TXN_000620,USR_0094,2026-02-05 14:31:03,27.86,Sydney,2.93,DEV_145,Online,Gaming,0
TXN_000621,USR_0045,2026-03-24 20:00:17,153.61,Tokyo,0.61,DEV_045,POS,Luxury,0
TXN_000622,USR_0009,2026-03-18 17:50:04,50.66,London,1.29,DEV_009,POS,Electronics,0
TXN_000623,USR_0046,2026-01-31 11:36:59,124.94,Sydney,1.06,DEV_046,Online,Gaming,0
TXN_000624,USR_0049,2026-03-23 18:34:31,46.96,London,9.43,DEV_049,ATM,Travel,0
TXN_000625,USR_0046,2026-03-11 05:48:29,12.73,Sydney,6.83,DEV_118,POS,Electronics,0
TXN_000626,USR_0072,2026-02-15 13:09:48,72.76,New York,3.27,DEV_072,Online,Utilities,0
TXN_000627,USR_0071,2026-01-16 15:13:36,52.83,Toronto,1.22,DEV_071,Wire Transfer,Utilities,0
TXN_000628,USR_0030,2026-02-11 18:49:20,58.4,Sydney,6.14,DEV_030,Online,Gaming,0
TXN_000629,USR_0048,2026-02-16 21:32:19,11.45,New York,2.22,DEV_048,Online,Electronics,0
TXN_000630,USR_0084,2026-03-16 08:23:47,69.6,Paris,6.57,DEV_084,POS,Electronics,0
TXN_000631,USR_0044,2026-01-02 08:17:00,54.7,Paris,0.98,DEV_044,POS,Transfer,0
TXN_000632,USR_0051,2026-01-17 09:39:51,135.31,Mumbai,2.08,DEV_048,Online,Transfer,0
TXN_000633,USR_0011,2026-02-03 22:41:18,21.76,Mumbai,6.13,DEV_011,Online,Grocery,0
TXN_000634,USR_0026,2026-01-24 22:41:24,127.72,Tokyo,6.09,DEV_026,Online,Travel,0
TXN_000635,USR_0014,2026-02-13 17:48:57,58.74,London,1.5,DEV_115,POS,Travel,0
TXN_000636,USR_0004,2026-02-07 20:46:33,41.04,Paris,4.8,DEV_004,ATM,Grocery,0
TXN_000637,USR_0074,2026-01-10 11:46:13,81.41,Tokyo,4.88,DEV_074,POS,Luxury,0
TXN_000638,USR_0053,2026-03-14 01:37:39,116.32,Mumbai,1.03,DEV_053,ATM,Electronics,0
TXN_000639,USR_0085,2026-01-22 08:14:13,37.7,Berlin,13.51,DEV_085,Online,Utilities,0
TXN_000640,USR_0038,2026-03-19 09:12:21,34.69,Berlin,9.56,DEV_038,POS,Luxury,0
TXN_000641,USR_0010,2026-02-13 19:03:19,57.44,Tokyo,4.76,DEV_010,POS,Gaming,0
TXN_000642,USR_0057,2026-03-28 11:30:59,27.82,London,1.08,DEV_057,Online,Electronics,0
TXN_000643,USR_0025,2026-01-04 11:17:30,43.45,London,2.77,DEV_025,POS,Grocery,0
TXN_000644,USR_0085,2026-02-14 06:11:13,45.6,Berlin,0.2,DEV_085,POS,Utilities,0
TXN_000645,USR_0088,2026-01-02 14:16:39,39.7,New York,0.52,DEV_088,Wire Transfer,Gaming,0
TXN_000646,USR_0033,2026-02-28 19:06:22,57.33,London,9.43,DEV_033,Online,Luxury,0
TXN_000647,USR_0054,2026-03-31 00:05:35,178.06,Sydney,0.29,DEV_054,POS,Utilities,0
TXN_000648,USR_0054,2026-03-26 08:57:48,26.18,Sydney,3.62,DEV_054,ATM,Gaming,0
TXN_000649,USR_0028,2026-03-20 09:28:49,70.08,Paris,0.42,DEV_028,POS,Travel,0
TXN_000650,USR_0040,2026-01-05 06:28:13,43.9,New York,10.59,DEV_040,POS,Transfer,0
TXN_000651,USR_0050,2026-03-02 16:32:14,165.67,Tokyo,7.14,DEV_050,Online,Transfer,0
TXN_000652,USR_0070,2026-03-16 15:35:28,87.35,Sydney,14.43,DEV_070,Online,Grocery,0
TXN_000653,USR_0091,2026-03-19 20:39:02,19.08,Mumbai,1.14,DEV_091,POS,Transfer,0
TXN_000654,USR_0025,2026-02-17 22:56:43,120.27,Mumbai,10.82,DEV_025,POS,Gaming,0
TXN_000655,USR_0056,2026-03-21 20:02:42,188.06,New York,6.96,DEV_056,Online,Electronics,0
TXN_000656,USR_0038,2026-01-09 18:09:07,25.75,Sydney,4.94,DEV_038,Online,Travel,0
TXN_000657,USR_0038,2026-03-27 04:07:42,41.83,Sydney,1.66,DEV_038,POS,Gaming,0
TXN_000658,USR_0025,2026-02-12 08:05:42,115.21,London,2.85,DEV_025,ATM,Travel,0
TXN_000659,USR_0098,2026-01-17 13:06:48,53.67,Tokyo,0.72,DEV_098,ATM,Gaming,0
TXN_000660,USR_0069,2026-01-10 00:25:05,21.96,Berlin,2.19,DEV_090,POS,Utilities,0
TXN_000661,USR_0023,2026-03-09 21:37:25,31.56,Toronto,4.4,DEV_023,Online,Utilities,0
TXN_000662,USR_0095,2026-01-07 18:29:02,261.21,Toronto,2.73,DEV_095,POS,Grocery,0
TXN_000663,USR_0077,2026-02-23 22:28:30,191.67,Berlin,1.75,DEV_077,POS,Electronics,0
TXN_000664,USR_0049,2026-03-30 06:42:19,45.09,London,10.51,DEV_049,POS,Travel,0
TXN_000665,USR_0023,2026-02-26 18:40:27,43.39,Toronto,3.49,DEV_023,POS,Utilities,0
TXN_000666,USR_0062,2026-03-15 03:08:19,108.43,Sydney,3.19,DEV_062,Online,Electronics,0
TXN_000667,USR_0066,2026-03-03 03:15:16,1132.18,Toronto,1780.31,DEV_122,Wire Transfer,Gaming,1
TXN_000668,USR_0091,2026-03-06 02:40:59,57.92,Mumbai,0.67,DEV_091,POS,Grocery,0
TXN_000669,USR_0009,2026-01-10 02:46:40,19.38,London,3.15,DEV_009,Online,Gaming,0
TXN_000670,USR_0050,2026-02-07 03:55:12,71.12,Tokyo,4.2,DEV_050,Online,Travel,0
TXN_000671,USR_0006,2026-02-02 22:07:52,36.6,Sydney,4.77,DEV_006,POS,Gaming,0
TXN_000672,USR_0054,2026-03-29 22:35:04,20.02,Sydney,4.34,DEV_054,POS,Grocery,0
TXN_000673,USR_0003,2026-01-14 21:12:09,15.6,Mumbai,0.84,DEV_003,Online,Gaming,0
TXN_000674,USR_0044,2026-02-21 04:15:40,51.54,Paris,6.24,DEV_044,Online,Grocery,0
TXN_000675,USR_0081,2026-01-11 17:50:52,202.64,London,0.48,DEV_081,POS,Grocery,0
TXN_000676,USR_0027,2026-03-30 02:49:18,85.78,Mumbai,6.91,DEV_027,Wire Transfer,Travel,0
TXN_000677,USR_0081,2026-03-29 07:05:10,22.05,London,18.96,DEV_081,POS,Grocery,0
TXN_000678,USR_0068,2026-02-10 16:17:54,32.76,Paris,0.47,DEV_030,POS,Luxury,0
TXN_000679,USR_0023,2026-03-26 16:07:44,11.91,Mumbai,1.37,DEV_023,POS,Luxury,0
TXN_000680,USR_0076,2026-01-21 11:25:07,26.52,Paris,3.51,DEV_103,POS,Electronics,0
TXN_000681,USR_0046,2026-03-15 13:48:15,139.41,Sydney,0.75,DEV_046,POS,Utilities,0
TXN_000682,USR_0034,2026-02-17 05:10:30,19.16,Tokyo,1.52,DEV_034,Online,Luxury,0
TXN_000683,USR_0035,2026-03-17 17:11:45,37.81,Mumbai,11.3,DEV_035,Online,Luxury,0
TXN_000684,USR_0078,2026-01-14 09:10:45,18.27,Sydney,1.31,DEV_078,Online,Travel,0
TXN_000685,USR_0057,2026-02-21 15:25:18,35.14,London,1.07,DEV_057,POS,Electronics,0
TXN_000686,USR_0079,2026-01-19 13:08:45,110.32,Tokyo,2.6,DEV_079,Online,Travel,0
TXN_000687,USR_0034,2026-03-21 06:33:41,289.77,Tokyo,1.63,DEV_034,ATM,Transfer,0
TXN_000688,USR_0032,2026-02-09 07:46:10,83.49,Paris,0.63,DEV_032,POS,Electronics,0
TXN_000689,USR_0004,2026-03-25 06:49:45,27.73,Paris,1.2,DEV_004,Online,Luxury,0
TXN_000690,USR_0021,2026-01-15 12:52:39,143.41,Berlin,2.71,DEV_021,POS,Luxury,0
TXN_000691,USR_0095,2026-01-11 15:43:51,107.75,Toronto,9.77,DEV_095,POS,Grocery,0
TXN_000692,USR_0099,2026-02-13 01:37:20,10.64,Mumbai,2.63,DEV_099,POS,Travel,0
TXN_000693,USR_0055,2026-02-13 21:48:50,48.43,Toronto,6.49,DEV_055,Online,Transfer,0
TXN_000694,USR_0012,2026-01-12 09:29:48,21.05,Paris,6.97,DEV_012,POS,Transfer,0
TXN_000695,USR_0090,2026-03-01 01:48:58,22.44,Tokyo,3.96,DEV_090,Online,Transfer,0
TXN_000696,USR_0071,2026-03-17 17:01:32,23.04,Toronto,3.51,DEV_071,POS,Travel,0
TXN_000697,USR_0039,2026-01-01 13:33:04,21.61,Toronto,1.81,DEV_039,ATM,Gaming,0
TXN_000698,USR_0089,2026-02-27 02:49:50,126.85,London,4.31,DEV_089,POS,Travel,0
TXN_000699,USR_0018,2026-01-15 11:21:09,140.73,Tokyo,3.46,DEV_018,POS,Gaming,0
TXN_000700,USR_0082,2026-03-20 09:54:30,17.16,Tokyo,0.79,DEV_082,POS,Luxury,0
TXN_000701,USR_0069,2026-02-25 14:25:58,18.98,Berlin,6.78,DEV_069,POS,Electronics,0
TXN_000702,USR_0007,2026-02-14 12:46:33,19.32,Toronto,2.44,DEV_007,POS,Travel,0
TXN_000703,USR_0019,2026-03-18 19:44:08,136.97,Mumbai,0.94,DEV_019,POS,Transfer,0
TXN_000704,USR_0011,2026-03-01 23:53:04,15.06,Mumbai,1.26,DEV_011,Online,Gaming,0
TXN_000705,USR_0075,2026-03-04 22:08:46,77.75,Mumbai,0.69,DEV_075,ATM,Utilities,0
TXN_000706,USR_0084,2026-02-14 00:24:34,16.63,Paris,0.33,DEV_084,ATM,Electronics,0
TXN_000707,USR_0060,2026-02-23 02:22:29,76.6,Paris,1.87,DEV_070,ATM,Luxury,0
TXN_000708,USR_0074,2026-03-24 05:52:04,84.58,Tokyo,5.43,DEV_074,Online,Utilities,0
TXN_000709,USR_0015,2026-03-02 07:17:14,10.78,Toronto,0.75,DEV_015,Wire Transfer,Luxury,0
TXN_000710,USR_0021,2026-01-11 12:32:01,121.92,Berlin,1.4,DEV_021,ATM,Grocery,0
TXN_000711,USR_0071,2026-02-24 00:43:43,29.07,Toronto,4.99,DEV_058,POS,Electronics,0
TXN_000712,USR_0093,2026-03-19 06:34:23,84.84,Berlin,6.99,DEV_093,Online,Transfer,0
TXN_000713,USR_0086,2026-01-27 08:50:14,129.26,Berlin,0.09,DEV_086,Wire Transfer,Grocery,0
TXN_000714,USR_0073,2026-02-12 12:22:16,30.83,London,0.13,DEV_073,POS,Travel,0
TXN_000715,USR_0093,2026-03-11 17:29:40,86.0,Berlin,1.67,DEV_093,POS,Luxury,0
TXN_000716,USR_0001,2026-03-03 14:59:34,23.23,London,0.56,DEV_001,POS,Electronics,0
TXN_000717,USR_0058,2026-01-08 13:36:57,117.67,Tokyo,5.59,DEV_058,Online,Grocery,0
TXN_000718,USR_0081,2026-01-18 08:04:10,12.21,London,4.34,DEV_081,Online,Utilities,0
TXN_000719,USR_0064,2026-01-12 10:37:31,52.95,New York,0.07,DEV_064,Online,Luxury,0
TXN_000720,USR_0081,2026-03-12 21:36:50,21.08,London,5.75,DEV_081,Online,Luxury,0
TXN_000721,USR_0069,2026-02-28 09:35:30,10.15,Berlin,20.65,DEV_059,POS,Gaming,0
TXN_000722,USR_0007,2026-03-31 03:36:16,17.1,Toronto,5.34,DEV_007,Wire Transfer,Electronics,0
TXN_000723,USR_0036,2026-02-08 12:22:55,33.33,Paris,1.04,DEV_080,POS,Grocery,0
TXN_000724,USR_0069,2026-02-07 16:59:43,49.14,Berlin,6.61,DEV_069,Online,Gaming,0
TXN_000725,USR_0053,2026-02-13 07:46:25,79.33,Berlin,3.85,DEV_053,POS,Travel,0
TXN_000726,USR_0029,2026-01-17 00:44:09,154.05,Berlin,4.21,DEV_029,Online,Gaming,0
TXN_000727,USR_0048,2026-01-24 03:18:05,85.22,New York,1.28,DEV_048,Online,Grocery,0
TXN_000728,USR_0083,2026-03-22 22:30:18,41.37,Mumbai,4.98,DEV_083,Online,Grocery,0
TXN_000729,USR_0032,2026-03-06 12:15:05,208.52,New York,1.37,DEV_032,ATM,Utilities,0
TXN_000730,USR_0057,2026-03-28 22:58:36,92.99,London,1.49,DEV_093,Online,Electronics,0
TXN_000731,USR_0057,2026-03-31 22:20:32,27.41,London,5.28,DEV_057,Online,Transfer,0
TXN_000732,USR_0082,2026-01-25 15:20:25,121.35,Tokyo,36.7,DEV_082,POS,Gaming,0
TXN_000733,USR_0052,2026-03-29 02:02:12,105.53,Paris,4.97,DEV_052,Online,Grocery,0
TXN_000734,USR_0067,2026-01-28 02:57:33,108.93,Mumbai,1.14,DEV_130,Wire Transfer,Utilities,0
TXN_000735,USR_0068,2026-01-08 05:22:32,163.76,London,0.74,DEV_041,POS,Travel,0
TXN_000736,USR_0047,2026-02-21 03:41:53,33.73,London,3.3,DEV_047,Online,Grocery,0
TXN_000737,USR_0034,2026-01-30 00:01:40,18.89,Tokyo,4.36,DEV_057,ATM,Transfer,0
TXN_000738,USR_0070,2026-03-15 00:24:10,154.08,Sydney,8.4,DEV_070,ATM,Electronics,0
TXN_000739,USR_0085,2026-03-30 00:18:43,11.09,Berlin,10.34,DEV_085,POS,Gaming,0
TXN_000740,USR_0030,2026-01-10 05:05:11,217.76,Sydney,1.07,DEV_030,Online,Luxury,0
TXN_000741,USR_0087,2026-01-10 01:34:18,1460.01,London,2385.9,DEV_033,ATM,Luxury,1
TXN_000742,USR_0083,2026-03-22 02:43:44,119.03,Mumbai,4.44,DEV_083,POS,Transfer,0
TXN_000743,USR_0049,2026-03-19 19:27:21,97.29,London,0.15,DEV_018,Online,Utilities,0
TXN_000744,USR_0026,2026-03-07 15:34:39,56.02,Tokyo,2.91,DEV_026,ATM,Electronics,0
TXN_000745,USR_0038,2026-02-07 04:02:49,67.36,Sydney,3.39,DEV_038,Online,Utilities,0
TXN_000746,USR_0078,2026-03-12 17:02:13,53.36,Sydney,13.66,DEV_078,POS,Electronics,0
TXN_000747,USR_0089,2026-03-25 05:00:04,107.83,London,1.25,DEV_089,ATM,Luxury,0
TXN_000748,USR_0058,2026-02-17 11:12:33,41.29,Tokyo,0.14,DEV_058,POS,Luxury,0
TXN_000749,USR_0067,2026-01-08 19:30:25,22.49,Mumbai,5.22,DEV_067,POS,Luxury,0
TXN_000750,USR_0092,2026-03-02 13:23:10,16.88,Toronto,3.56,DEV_092,Online,Gaming,0
TXN_000751,USR_0011,2026-02-26 05:49:42,131.45,Sydney,5.04,DEV_011,Online,Electronics,0
TXN_000752,USR_0049,2026-02-08 01:58:23,33.13,London,1.57,DEV_049,POS,Transfer,0
TXN_000753,USR_0067,2026-03-25 07:12:57,72.26,Mumbai,0.23,DEV_067,Online,Travel,0
TXN_000754,USR_0021,2026-01-20 07:17:12,130.84,Berlin,0.75,DEV_028,ATM,Travel,0
TXN_000755,USR_0040,2026-03-22 19:28:57,123.49,New York,7.83,DEV_040,ATM,Grocery,0
TXN_000756,USR_0085,2026-02-24 02:16:42,64.47,Berlin,2.37,DEV_085,Online,Luxury,0
TXN_000757,USR_0092,2026-03-07 07:50:19,20.04,Paris,0.07,DEV_092,POS,Transfer,0
TXN_000758,USR_0058,2026-03-19 16:04:20,161.78,Tokyo,6.25,DEV_058,Online,Grocery,0
TXN_000759,USR_0032,2026-03-02 00:43:05,20.52,New York,5.22,DEV_032,POS,Grocery,0
TXN_000760,USR_0057,2026-03-11 14:55:46,103.45,London,4.4,DEV_131,POS,Gaming,0
TXN_000761,USR_0031,2026-03-14 09:24:20,101.02,Toronto,0.71,DEV_031,Online,Gaming,0
TXN_000762,USR_0077,2026-03-27 14:47:08,4359.26,Sydney,4604.22,DEV_112,ATM,Electronics,1
TXN_000763,USR_0009,2026-01-17 08:48:39,16.93,London,4.88,DEV_009,Online,Travel,0
TXN_000764,USR_0069,2026-03-06 23:57:09,103.62,Berlin,8.1,DEV_069,Online,Travel,0
TXN_000765,USR_0016,2026-01-06 15:10:26,88.33,New York,7.11,DEV_016,ATM,Grocery,0
TXN_000766,USR_0023,2026-03-31 10:26:00,38.88,Toronto,3.77,DEV_023,Online,Electronics,0
TXN_000767,USR_0023,2026-02-05 19:42:53,125.92,Toronto,2.58,DEV_023,POS,Luxury,0
TXN_000768,USR_0070,2026-02-19 00:44:18,58.77,Sydney,4.08,DEV_070,Online,Electronics,0
TXN_000769,USR_0061,2026-03-25 22:21:48,25.36,Berlin,5.85,DEV_061,Online,Luxury,0
TXN_000770,USR_0021,2026-02-03 12:18:57,31.18,Berlin,1.02,DEV_021,POS,Grocery,0
TXN_000771,USR_0092,2026-03-22 11:02:20,53.68,Paris,1.68,DEV_092,ATM,Travel,0
TXN_000772,USR_0079,2026-03-25 03:43:40,24.36,Toronto,10.37,DEV_079,Online,Travel,0
TXN_000773,USR_0029,2026-03-23 09:10:01,57.6,Berlin,1.34,DEV_091,Online,Gaming,0
TXN_000774,USR_0082,2026-01-14 12:13:33,88.78,Tokyo,5.38,DEV_082,POS,Luxury,0
TXN_000775,USR_0030,2026-01-19 03:12:52,41.43,Sydney,9.07,DEV_030,POS,Luxury,0
TXN_000776,USR_0012,2026-01-12 16:53:34,40.65,Paris,7.06,DEV_130,POS,Gaming,0
TXN_000777,USR_0004,2026-01-09 06:01:57,75.94,Paris,8.09,DEV_004,Online,Transfer,0
TXN_000778,USR_0011,2026-02-03 19:01:37,56.67,Mumbai,3.34,DEV_011,POS,Gaming,0
TXN_000779,USR_0067,2026-03-16 07:22:28,55.75,Mumbai,5.7,DEV_067,Wire Transfer,Utilities,0
TXN_000780,USR_0021,2026-01-25 07:35:23,11.04,Berlin,6.55,DEV_009,Online,Luxury,0
TXN_000781,USR_0021,2026-03-19 08:50:01,50.05,Berlin,1.64,DEV_021,ATM,Utilities,0
TXN_000782,USR_0067,2026-03-19 00:59:55,24.32,Mumbai,1.92,DEV_067,Online,Gaming,0
TXN_000783,USR_0014,2026-01-25 17:28:11,11.03,Tokyo,2.23,DEV_120,POS,Electronics,0
TXN_000784,USR_0040,2026-01-12 11:36:46,21.01,New York,1.39,DEV_040,Online,Gaming,0
TXN_000785,USR_0071,2026-01-10 01:51:18,57.94,Toronto,1.52,DEV_071,POS,Utilities,0
TXN_000786,USR_0082,2026-01-23 00:34:31,152.74,Tokyo,5.9,DEV_082,Online,Electronics,0
TXN_000787,USR_0030,2026-02-02 23:24:55,40.38,Sydney,0.82,DEV_030,Online,Utilities,0
TXN_000788,USR_0092,2026-01-18 09:25:18,18.41,Paris,21.32,DEV_092,POS,Gaming,0
TXN_000789,USR_0069,2026-03-09 20:23:30,41.47,Berlin,17.89,DEV_069,POS,Travel,0
TXN_000790,USR_0007,2026-03-29 21:41:42,16.48,Toronto,3.93,DEV_007,POS,Transfer,0
TXN_000791,USR_0025,2026-03-09 16:08:19,62.9,London,11.12,DEV_025,Online,Gaming,0
TXN_000792,USR_0019,2026-01-22 23:17:18,82.68,Mumbai,23.42,DEV_019,POS,Transfer,0
TXN_000793,USR_0082,2026-02-06 20:27:54,13.39,Tokyo,9.96,DEV_082,ATM,Electronics,0
TXN_000794,USR_0073,2026-01-18 23:02:06,61.82,London,4.47,DEV_073,Online,Travel,0
TXN_000795,USR_0006,2026-03-20 17:03:39,115.88,Mumbai,3.56,DEV_006,POS,Transfer,0
TXN_000796,USR_0017,2026-01-24 15:25:49,15.78,London,1.8,DEV_017,POS,Utilities,0
TXN_000797,USR_0084,2026-02-23 07:21:21,38.02,Paris,0.43,DEV_084,POS,Travel,0
TXN_000798,USR_0035,2026-01-29 02:51:28,64.2,London,3.51,DEV_035,ATM,Grocery,0
TXN_000799,USR_0033,2026-02-10 14:58:54,94.73,London,1.9,DEV_033,POS,Electronics,0
TXN_000800,USR_0085,2026-01-20 05:08:20,1555.13,New York,2645.64,DEV_020,Online,Transfer,1
TXN_000801,USR_0046,2026-02-16 04:35:19,205.7,Sydney,2.63,DEV_011,Online,Gaming,0
TXN_000802,USR_0039,2026-03-21 00:07:16,98.76,Toronto,0.92,DEV_039,Online,Luxury,0
TXN_000803,USR_0077,2026-01-08 04:42:27,123.11,Berlin,2.7,DEV_077,POS,Electronics,0
TXN_000804,USR_0093,2026-03-06 02:19:43,1276.29,Toronto,380.14,DEV_106,Wire Transfer,Electronics,1
TXN_000805,USR_0090,2026-03-16 01:50:31,173.88,Tokyo,1.86,DEV_090,ATM,Electronics,0
TXN_000806,USR_0013,2026-01-26 17:21:34,66.72,Berlin,2.21,DEV_013,ATM,Gaming,0
TXN_000807,USR_0073,2026-03-05 20:52:38,168.13,Paris,1.17,DEV_073,ATM,Electronics,0
TXN_000808,USR_0054,2026-02-16 00:02:12,86.16,Sydney,5.19,DEV_054,POS,Utilities,0
TXN_000809,USR_0039,2026-01-24 08:47:32,46.17,Toronto,5.23,DEV_039,Online,Gaming,0
TXN_000810,USR_0027,2026-03-11 20:43:27,173.16,Mumbai,2.9,DEV_027,POS,Grocery,0
TXN_000811,USR_0080,2026-03-02 21:34:47,34.55,New York,3.59,DEV_044,Online,Travel,0
TXN_000812,USR_0017,2026-01-31 14:27:26,45.95,London,2.44,DEV_017,POS,Electronics,0
TXN_000813,USR_0043,2026-01-30 01:29:23,29.77,Mumbai,2.86,DEV_043,POS,Utilities,0
TXN_000814,USR_0090,2026-03-01 00:10:27,194.27,Tokyo,10.67,DEV_090,POS,Transfer,0
TXN_000815,USR_0023,2026-03-14 14:41:12,144.73,Toronto,6.15,DEV_023,POS,Utilities,0
TXN_000816,USR_0039,2026-03-12 20:12:20,235.41,Berlin,3.31,DEV_039,Online,Electronics,0
TXN_000817,USR_0062,2026-02-25 19:44:22,23.8,Sydney,4.78,DEV_113,Online,Gaming,0
TXN_000818,USR_0030,2026-03-17 19:14:24,53.35,Sydney,6.06,DEV_030,Online,Grocery,0
TXN_000819,USR_0100,2026-03-26 05:10:22,122.88,Paris,5.21,DEV_100,ATM,Transfer,0
TXN_000820,USR_0017,2026-02-20 13:06:47,18.82,London,4.49,DEV_017,Online,Utilities,0
TXN_000821,USR_0016,2026-02-24 11:38:47,54.07,New York,9.06,DEV_016,Online,Travel,0
TXN_000822,USR_0055,2026-02-14 21:13:36,48.12,Toronto,11.1,DEV_093,Online,Grocery,0
TXN_000823,USR_0071,2026-03-31 07:49:13,12.38,Toronto,5.37,DEV_071,Online,Luxury,0
TXN_000824,USR_0039,2026-03-19 19:11:19,131.4,Toronto,8.02,DEV_039,ATM,Electronics,0
TXN_000825,USR_0015,2026-03-11 09:09:30,74.16,Toronto,3.19,DEV_015,ATM,Transfer,0
TXN_000826,USR_0044,2026-02-24 02:39:55,39.56,Paris,9.21,DEV_044,ATM,Transfer,0
TXN_000827,USR_0026,2026-03-01 07:48:22,141.61,London,3.46,DEV_026,Online,Grocery,0
TXN_000828,USR_0057,2026-01-27 09:47:16,57.58,London,19.38,DEV_057,Online,Electronics,0
TXN_000829,USR_0092,2026-01-14 12:18:18,57.96,London,4.41,DEV_031,Online,Travel,0
TXN_000830,USR_0093,2026-01-01 19:01:55,27.85,Berlin,1.95,DEV_093,Online,Gaming,0
TXN_000831,USR_0006,2026-03-26 12:47:47,79.36,Sydney,2.09,DEV_006,POS,Gaming,0
TXN_000832,USR_0081,2026-03-26 20:39:48,123.52,London,0.31,DEV_081,POS,Luxury,0
TXN_000833,USR_0097,2026-01-25 08:33:05,15.89,London,5.53,DEV_097,Online,Electronics,0
TXN_000834,USR_0077,2026-03-14 03:14:34,22.68,Berlin,5.94,DEV_077,Online,Travel,0
TXN_000835,USR_0078,2026-03-30 11:39:55,174.79,Sydney,4.36,DEV_078,Online,Luxury,0
TXN_000836,USR_0057,2026-03-31 13:43:20,29.43,London,8.54,DEV_057,Online,Luxury,0
TXN_000837,USR_0058,2026-03-27 10:29:00,82.62,Tokyo,3.78,DEV_058,POS,Luxury,0
TXN_000838,USR_0088,2026-02-22 20:17:41,53.14,New York,3.89,DEV_088,ATM,Luxury,0
TXN_000839,USR_0012,2026-02-28 19:44:41,47.47,Paris,8.51,DEV_012,ATM,Grocery,0
TXN_000840,USR_0031,2026-03-13 04:53:10,43.97,Toronto,5.66,DEV_031,POS,Travel,0
TXN_000841,USR_0075,2026-01-22 23:51:42,93.77,Mumbai,1.05,DEV_075,Online,Electronics,0
TXN_000842,USR_0088,2026-02-28 21:15:45,45.18,New York,1.45,DEV_139,POS,Grocery,0
TXN_000843,USR_0083,2026-02-20 11:41:53,113.32,Mumbai,1.82,DEV_083,Online,Utilities,0
TXN_000844,USR_0097,2026-02-22 18:42:21,12.76,London,8.88,DEV_097,POS,Utilities,0
TXN_000845,USR_0026,2026-01-24 02:17:37,79.26,Tokyo,1.33,DEV_026,POS,Electronics,0
TXN_000846,USR_0054,2026-03-19 17:11:02,84.41,Sydney,1.16,DEV_054,POS,Electronics,0
TXN_000847,USR_0094,2026-02-03 13:22:39,97.78,Sydney,5.42,DEV_094,Online,Utilities,0
TXN_000848,USR_0071,2026-01-03 11:14:59,43.9,Toronto,9.53,DEV_071,Online,Gaming,0
TXN_000849,USR_0040,2026-03-08 22:41:48,27.16,New York,6.17,DEV_040,POS,Luxury,0
TXN_000850,USR_0048,2026-01-14 23:49:17,51.1,New York,4.47,DEV_048,POS,Transfer,0
TXN_000851,USR_0081,2026-02-12 08:05:19,36.75,London,0.47,DEV_081,POS,Electronics,0
TXN_000852,USR_0074,2026-02-12 02:01:59,80.98,Tokyo,6.17,DEV_074,POS,Grocery,0
TXN_000853,USR_0058,2026-02-15 08:03:20,138.66,Tokyo,3.24,DEV_058,Online,Travel,0
TXN_000854,USR_0099,2026-03-23 17:39:04,17.88,Mumbai,3.65,DEV_099,Wire Transfer,Luxury,0
TXN_000855,USR_0006,2026-01-03 11:07:34,50.68,Sydney,0.33,DEV_006,Online,Electronics,0
TXN_000856,USR_0041,2026-02-22 18:04:45,250.0,London,1.32,DEV_041,Online,Gaming,0
TXN_000857,USR_0068,2026-03-08 14:42:05,70.11,Paris,8.22,DEV_127,Wire Transfer,Electronics,0
TXN_000858,USR_0039,2026-03-16 13:08:33,62.24,Toronto,4.57,DEV_039,POS,Electronics,0
TXN_000859,USR_0048,2026-03-30 15:47:44,123.62,New York,1.81,DEV_048,POS,Grocery,0
TXN_000860,USR_0028,2026-02-03 12:02:38,23.53,Berlin,0.8,DEV_042,Online,Transfer,0
TXN_000861,USR_0064,2026-02-12 22:28:46,215.92,New York,8.69,DEV_064,Online,Travel,0
TXN_000862,USR_0017,2026-01-26 08:41:46,52.15,London,0.7,DEV_017,ATM,Grocery,0
TXN_000863,USR_0086,2026-03-29 07:33:42,184.86,Sydney,7.35,DEV_086,Online,Electronics,0
TXN_000864,USR_0016,2026-01-16 11:58:03,32.25,New York,9.58,DEV_016,ATM,Transfer,0
TXN_000865,USR_0019,2026-03-11 18:14:06,82.15,Mumbai,1.7,DEV_019,POS,Electronics,0
TXN_000866,USR_0026,2026-02-08 19:14:37,23.99,Tokyo,2.69,DEV_026,Online,Electronics,0
TXN_000867,USR_0017,2026-01-19 10:06:10,11.27,London,1.98,DEV_017,ATM,Travel,0
TXN_000868,USR_0026,2026-03-18 15:56:39,215.7,Tokyo,0.4,DEV_026,Online,Electronics,0
TXN_000869,USR_0066,2026-02-17 03:08:11,46.25,Tokyo,6.6,DEV_066,Online,Electronics,0
TXN_000870,USR_0096,2026-03-04 10:08:53,30.06,New York,7.29,DEV_096,POS,Electronics,0
TXN_000871,USR_0047,2026-01-05 12:19:22,17.3,Toronto,9.23,DEV_047,POS,Transfer,0
TXN_000872,USR_0018,2026-02-15 11:42:11,53.99,Tokyo,11.33,DEV_128,POS,Grocery,0
TXN_000873,USR_0063,2026-02-13 17:06:04,12.5,Toronto,5.16,DEV_145,ATM,Grocery,0
TXN_000874,USR_0062,2026-02-19 07:48:45,257.66,Sydney,1.12,DEV_062,Online,Gaming,0
TXN_000875,USR_0027,2026-01-06 15:22:15,118.7,Mumbai,10.05,DEV_027,ATM,Luxury,0
TXN_000876,USR_0077,2026-02-04 13:10:32,31.51,Berlin,6.4,DEV_077,POS,Electronics,0
TXN_000877,USR_0019,2026-02-06 00:09:59,51.9,Mumbai,1.91,DEV_019,Online,Electronics,0
TXN_000878,USR_0073,2026-01-29 12:58:53,13.13,London,4.18,DEV_141,POS,Travel,0
TXN_000879,USR_0016,2026-02-08 11:25:53,165.35,New York,0.49,DEV_016,POS,Luxury,0
TXN_000880,USR_0049,2026-03-14 11:06:38,56.23,London,1.92,DEV_049,ATM,Gaming,0
TXN_000881,USR_0023,2026-02-07 15:52:45,133.5,Toronto,2.67,DEV_064,Online,Grocery,0
TXN_000882,USR_0044,2026-01-25 20:38:34,40.97,Paris,2.18,DEV_044,POS,Grocery,0
TXN_000883,USR_0072,2026-02-26 02:29:44,130.16,New York,1.81,DEV_072,Online,Transfer,0
TXN_000884,USR_0061,2026-01-24 18:31:42,86.94,Berlin,0.87,DEV_061,POS,Electronics,0
TXN_000885,USR_0049,2026-01-27 05:36:38,12.57,London,1.03,DEV_049,Online,Transfer,0
TXN_000886,USR_0015,2026-01-18 11:07:14,16.94,Toronto,5.63,DEV_041,Online,Electronics,0
TXN_000887,USR_0023,2026-01-18 18:10:30,444.53,Tokyo,4532.2,DEV_051,Online,Gaming,1
TXN_000888,USR_0100,2026-01-20 05:50:56,137.22,Paris,6.03,DEV_044,Wire Transfer,Grocery,0
TXN_000889,USR_0024,2026-03-21 21:38:58,31.74,New York,4.41,DEV_024,ATM,Electronics,0
TXN_000890,USR_0094,2026-03-09 22:51:23,139.19,Sydney,1.55,DEV_094,Online,Electronics,0
TXN_000891,USR_0062,2026-01-11 01:03:58,94.99,Sydney,0.1,DEV_062,ATM,Transfer,0
TXN_000892,USR_0099,2026-02-17 07:32:34,53.82,Mumbai,0.64,DEV_099,ATM,Electronics,0
TXN_000893,USR_0089,2026-03-16 16:20:30,83.48,London,7.54,DEV_089,Online,Electronics,0
TXN_000894,USR_0002,2026-01-28 03:10:18,57.94,Berlin,0.07,DEV_106,ATM,Gaming,0
TXN_000895,USR_0063,2026-02-04 02:15:59,65.02,Toronto,0.05,DEV_063,POS,Electronics,0
TXN_000896,USR_0019,2026-02-08 18:53:11,58.27,Tokyo,1.66,DEV_052,POS,Grocery,0
TXN_000897,USR_0017,2026-01-11 00:27:10,68.35,Berlin,9.03,DEV_017,Wire Transfer,Gaming,0
TXN_000898,USR_0053,2026-01-10 07:16:29,71.77,London,1.52,DEV_053,POS,Transfer,0
TXN_000899,USR_0039,2026-03-08 06:13:47,172.79,Toronto,2.62,DEV_039,ATM,Gaming,0
TXN_000900,USR_0009,2026-02-21 08:08:06,65.15,London,11.9,DEV_009,ATM,Electronics,0
TXN_000901,USR_0090,2026-03-17 20:47:25,14.7,Tokyo,3.26,DEV_090,ATM,Utilities,0
TXN_000902,USR_0030,2026-01-04 16:16:38,10.33,Sydney,12.49,DEV_030,POS,Electronics,0
TXN_000903,USR_0003,2026-03-27 05:42:56,65.1,Mumbai,0.24,DEV_003,ATM,Utilities,0
TXN_000904,USR_0085,2026-02-01 02:28:48,79.29,Berlin,1.37,DEV_085,POS,Luxury,0
TXN_000905,USR_0015,2026-01-23 19:56:53,66.54,Toronto,6.54,DEV_015,POS,Grocery,0
TXN_000906,USR_0096,2026-02-28 21:34:50,19.2,New York,7.06,DEV_096,ATM,Luxury,0
TXN_000907,USR_0019,2026-02-24 14:45:40,16.62,Mumbai,3.23,DEV_019,Online,Electronics,0
TXN_000908,USR_0029,2026-03-01 19:05:52,19.41,Berlin,1.89,DEV_029,POS,Electronics,0
TXN_000909,USR_0089,2026-02-12 19:36:37,63.35,London,3.33,DEV_089,ATM,Travel,0
TXN_000910,USR_0068,2026-01-11 23:03:04,50.72,Paris,1.54,DEV_068,ATM,Utilities,0
TXN_000911,USR_0078,2026-02-20 17:53:52,23.18,Sydney,1.46,DEV_078,POS,Electronics,0
TXN_000912,USR_0023,2026-03-20 18:51:27,135.18,Toronto,7.61,DEV_017,ATM,Luxury,0
TXN_000913,USR_0047,2026-02-07 22:26:00,47.54,Toronto,3.89,DEV_047,ATM,Electronics,0
TXN_000914,USR_0004,2026-02-25 12:47:44,45.78,Paris,0.05,DEV_073,ATM,Gaming,0
TXN_000915,USR_0060,2026-01-13 05:28:24,142.02,Paris,5.42,DEV_060,ATM,Travel,0
TXN_000916,USR_0100,2026-02-03 22:49:21,123.46,Paris,0.29,DEV_100,Online,Gaming,0
TXN_000917,USR_0029,2026-02-08 04:58:32,30.04,Berlin,11.71,DEV_029,Online,Travel,0
TXN_000918,USR_0090,2026-03-22 16:33:51,110.12,Tokyo,1.97,DEV_090,Online,Travel,0
TXN_000919,USR_0086,2026-03-18 00:04:52,41.73,Sydney,3.32,DEV_086,Wire Transfer,Electronics,0
TXN_000920,USR_0064,2026-01-22 20:12:25,145.17,New York,1.79,DEV_064,POS,Grocery,0
TXN_000921,USR_0026,2026-02-22 01:24:28,73.33,Tokyo,1.16,DEV_026,Online,Travel,0
TXN_000922,USR_0056,2026-02-03 04:02:08,222.33,New York,3.96,DEV_056,Wire Transfer,Grocery,0
TXN_000923,USR_0019,2026-02-26 15:43:55,230.22,Mumbai,8.09,DEV_019,Online,Grocery,0
TXN_000924,USR_0076,2026-03-24 22:22:51,126.33,Paris,1.77,DEV_046,POS,Grocery,0
TXN_000925,USR_0080,2026-01-17 22:47:38,14.47,Berlin,22.71,DEV_088,ATM,Utilities,0
TXN_000926,USR_0076,2026-02-11 14:22:08,43.49,Paris,1.16,DEV_076,POS,Travel,0
TXN_000927,USR_0091,2026-01-10 23:30:19,25.75,Mumbai,9.89,DEV_091,Online,Electronics,0
TXN_000928,USR_0080,2026-02-17 08:49:10,24.1,New York,16.17,DEV_080,ATM,Travel,0
TXN_000929,USR_0017,2026-02-12 14:59:56,18.53,London,4.83,DEV_017,POS,Utilities,0
TXN_000930,USR_0035,2026-01-11 00:14:59,282.61,Mumbai,0.4,DEV_035,POS,Travel,0
TXN_000931,USR_0058,2026-03-30 08:15:58,49.32,Tokyo,3.89,DEV_058,Online,Transfer,0
TXN_000932,USR_0009,2026-02-19 22:46:36,17.26,London,5.92,DEV_009,POS,Transfer,0
TXN_000933,USR_0057,2026-03-06 23:25:04,58.71,London,2.58,DEV_054,Online,Electronics,0
TXN_000934,USR_0061,2026-01-30 23:48:38,72.71,Berlin,1.66,DEV_128,POS,Travel,0
TXN_000935,USR_0048,2026-03-24 18:52:45,63.36,New York,6.71,DEV_134,POS,Grocery,0
TXN_000936,USR_0050,2026-02-18 21:51:12,65.22,Tokyo,2.59,DEV_050,POS,Electronics,0
TXN_000937,USR_0088,2026-02-13 03:15:04,45.88,New York,2.96,DEV_088,POS,Electronics,0
TXN_000938,USR_0043,2026-01-04 15:35:15,23.94,Mumbai,0.62,DEV_043,Online,Gaming,0
TXN_000939,USR_0053,2026-01-03 06:30:11,39.8,Berlin,0.53,DEV_053,POS,Electronics,0
TXN_000940,USR_0001,2026-02-25 14:07:30,46.73,London,8.51,DEV_001,ATM,Grocery,0
TXN_000941,USR_0033,2026-01-01 21:55:47,76.27,London,0.39,DEV_033,Online,Luxury,0
TXN_000942,USR_0087,2026-02-08 23:29:24,21.97,Toronto,8.97,DEV_087,POS,Utilities,0
TXN_000943,USR_0088,2026-02-27 00:32:10,453.09,New York,4.68,DEV_088,Online,Grocery,0
TXN_000944,USR_0022,2026-01-05 11:36:45,12.66,Sydney,11.59,DEV_022,ATM,Luxury,0
TXN_000945,USR_0039,2026-01-08 21:16:16,36.63,Toronto,1.84,DEV_039,POS,Electronics,0
TXN_000946,USR_0088,2026-02-22 00:43:53,10.52,New York,0.5,DEV_088,POS,Transfer,0
TXN_000947,USR_0097,2026-02-07 18:30:57,221.57,London,4.57,DEV_030,Online,Transfer,0
TXN_000948,USR_0007,2026-03-24 20:34:40,25.56,Toronto,5.52,DEV_007,Online,Transfer,0
TXN_000949,USR_0038,2026-01-09 20:02:41,84.36,Sydney,1.46,DEV_038,Online,Transfer,0
TXN_000950,USR_0045,2026-02-23 21:30:30,105.43,Berlin,3.35,DEV_045,POS,Grocery,0
TXN_000951,USR_0003,2026-01-20 09:20:59,55.81,Mumbai,4.11,DEV_003,POS,Grocery,0
TXN_000952,USR_0024,2026-01-14 00:43:52,29.52,New York,0.44,DEV_024,POS,Transfer,0
TXN_000953,USR_0039,2026-01-22 13:13:35,43.71,Toronto,2.5,DEV_020,Wire Transfer,Electronics,0
TXN_000954,USR_0093,2026-03-29 15:16:21,27.7,Berlin,14.22,DEV_082,POS,Gaming,0
TXN_000955,USR_0064,2026-01-01 13:09:27,29.15,New York,5.63,DEV_064,POS,Utilities,0
TXN_000956,USR_0099,2026-01-06 06:17:03,32.51,Mumbai,2.49,DEV_099,Online,Gaming,0
TXN_000957,USR_0086,2026-01-16 09:37:37,60.8,Sydney,0.8,DEV_068,POS,Transfer,0
TXN_000958,USR_0043,2026-02-01 04:36:31,96.14,Mumbai,2.32,DEV_043,POS,Gaming,0
TXN_000959,USR_0045,2026-03-13 05:13:43,123.15,Berlin,4.69,DEV_045,Online,Electronics,0
TXN_000960,USR_0049,2026-01-19 09:07:29,118.1,London,2.34,DEV_049,Online,Luxury,0
TXN_000961,USR_0082,2026-03-10 02:02:25,162.35,Tokyo,1.93,DEV_082,POS,Utilities,0
TXN_000962,USR_0041,2026-01-14 11:01:26,32.8,London,10.96,DEV_041,Online,Transfer,0
TXN_000963,USR_0016,2026-03-29 22:10:19,240.62,New York,2.88,DEV_016,Online,Luxury,0
TXN_000964,USR_0033,2026-03-27 06:58:00,40.33,London,0.79,DEV_091,POS,Grocery,0
TXN_000965,USR_0056,2026-03-09 17:22:41,128.26,New York,10.72,DEV_054,ATM,Transfer,0
TXN_000966,USR_0016,2026-03-08 14:43:52,29.81,New York,0.9,DEV_016,Online,Grocery,0
TXN_000967,USR_0052,2026-01-01 13:09:21,11.32,Paris,11.06,DEV_052,ATM,Gaming,0
TXN_000968,USR_0004,2026-02-09 15:00:04,52.13,Toronto,5.14,DEV_004,Online,Utilities,0
TXN_000969,USR_0073,2026-03-06 14:34:45,76.92,London,5.9,DEV_073,POS,Transfer,0
TXN_000970,USR_0047,2026-01-02 04:37:01,289.01,Toronto,3.59,DEV_047,Online,Grocery,0
TXN_000971,USR_0087,2026-03-30 01:16:23,59.06,Toronto,4.77,DEV_103,Online,Luxury,0
TXN_000972,USR_0060,2026-03-19 03:17:57,64.79,Paris,6.7,DEV_060,POS,Grocery,0
TXN_000973,USR_0041,2026-02-19 02:22:34,86.03,London,2.11,DEV_041,POS,Luxury,0
TXN_000974,USR_0087,2026-03-30 04:29:01,113.26,Berlin,2.08,DEV_087,ATM,Transfer,0
TXN_000975,USR_0077,2026-03-17 10:41:17,31.3,Sydney,4.36,DEV_077,ATM,Transfer,0
TXN_000976,USR_0061,2026-02-27 02:58:20,44.01,Berlin,0.98,DEV_061,ATM,Utilities,0
TXN_000977,USR_0048,2026-03-23 03:29:58,186.36,New York,3.91,DEV_137,ATM,Travel,0
TXN_000978,USR_0070,2026-03-09 22:55:48,25.21,Toronto,5.47,DEV_070,Online,Travel,0
TXN_000979,USR_0051,2026-01-25 20:59:11,48.24,London,0.24,DEV_051,Online,Grocery,0
TXN_000980,USR_0036,2026-03-03 09:20:40,57.63,Paris,4.16,DEV_036,POS,Electronics,0
TXN_000981,USR_0080,2026-01-29 01:42:38,65.95,New York,13.76,DEV_080,POS,Utilities,0
TXN_000982,USR_0055,2026-01-28 16:01:54,92.52,Toronto,3.5,DEV_055,Online,Electronics,0
TXN_000983,USR_0035,2026-01-18 11:41:42,74.72,Mumbai,6.92,DEV_035,POS,Gaming,0
TXN_000984,USR_0025,2026-03-28 07:30:51,3875.07,Mumbai,2548.24,DEV_046,Wire Transfer,Luxury,1
TXN_000985,USR_0021,2026-03-08 22:45:20,29.89,Berlin,15.47,DEV_021,Online,Gaming,0
TXN_000986,USR_0070,2026-01-18 14:31:33,27.29,Toronto,1.53,DEV_070,POS,Travel,0
TXN_000987,USR_0076,2026-01-19 10:07:00,92.62,Paris,9.64,DEV_121,POS,Luxury,0
TXN_000988,USR_0060,2026-02-05 18:16:49,26.98,Paris,3.63,DEV_060,ATM,Luxury,0
TXN_000989,USR_0063,2026-02-15 03:43:27,60.61,Toronto,6.28,DEV_063,ATM,Luxury,0
TXN_000990,USR_0061,2026-03-07 06:39:39,16.49,Berlin,1.12,DEV_061,ATM,Travel,0
TXN_000991,USR_0047,2026-01-29 23:10:56,163.59,Toronto,9.12,DEV_047,Online,Transfer,0
TXN_000992,USR_0035,2026-02-13 23:09:30,121.73,Mumbai,4.77,DEV_035,Online,Gaming,0
TXN_000993,USR_0041,2026-01-25 02:50:05,28.71,London,9.06,DEV_112,POS,Grocery,0
TXN_000994,USR_0095,2026-02-13 00:07:43,1426.34,Mumbai,2130.92,DEV_032,Wire Transfer,Gaming,1
TXN_000995,USR_0018,2026-01-04 07:52:35,10.55,New York,9.14,DEV_018,POS,Travel,0
TXN_000996,USR_0093,2026-03-13 07:02:09,26.51,Berlin,2.46,DEV_093,Online,Gaming,0
TXN_000997,USR_0099,2026-02-26 22:03:10,95.56,Mumbai,2.42,DEV_099,POS,Grocery,0
TXN_000998,USR_0027,2026-02-12 19:37:26,89.97,Mumbai,3.3,DEV_027,Online,Transfer,0
TXN_000999,USR_0052,2026-03-27 03:12:34,26.25,Paris,1.57,DEV_093,Online,Grocery,0
TXN_001000,USR_0087,2026-03-23 10:18:03,148.17,Toronto,2.66,DEV_001,POS,Grocery,0
TXN_001001,USR_0029,2026-03-14 10:40:25,17.85,Berlin,2.65,DEV_029,Online,Gaming,0
TXN_001002,USR_0051,2026-03-22 00:35:28,134.78,Mumbai,9.96,DEV_051,ATM,Transfer,0
TXN_001003,USR_0087,2026-02-20 16:44:28,12.47,Toronto,2.94,DEV_087,Wire Transfer,Travel,0
TXN_001004,USR_0080,2026-03-14 01:12:55,76.59,New York,11.58,DEV_080,Online,Utilities,0
TXN_001005,USR_0044,2026-01-18 15:23:25,80.8,Paris,2.12,DEV_111,Online,Luxury,0
TXN_001006,USR_0080,2026-03-10 13:55:13,546.88,New York,1.4,DEV_080,Online,Travel,0
TXN_001007,USR_0068,2026-03-12 06:38:55,12.04,London,1.61,DEV_068,Online,Utilities,0
TXN_001008,USR_0053,2026-03-15 15:26:21,443.86,New York,4591.32,DEV_121,Online,Luxury,1
TXN_001009,USR_0041,2026-03-03 11:13:45,116.17,London,4.78,DEV_041,Online,Electronics,0
TXN_001010,USR_0013,2026-02-07 06:03:42,32.97,Berlin,5.39,DEV_013,ATM,Luxury,0
TXN_001011,USR_0002,2026-03-04 17:11:13,30.74,Tokyo,1.18,DEV_002,Online,Utilities,0
TXN_001012,USR_0082,2026-03-28 07:16:57,316.59,Tokyo,0.54,DEV_020,Online,Travel,0
TXN_001013,USR_0027,2026-03-31 06:36:49,48.64,Mumbai,5.06,DEV_027,POS,Electronics,0
TXN_001014,USR_0006,2026-01-27 19:33:50,93.43,Sydney,1.15,DEV_006,POS,Grocery,0
TXN_001015,USR_0052,2026-02-19 22:02:26,123.75,Paris,1.29,DEV_052,Online,Electronics,0
TXN_001016,USR_0093,2026-03-09 23:42:16,16.77,Berlin,1.58,DEV_093,Wire Transfer,Grocery,0
TXN_001017,USR_0065,2026-02-04 16:37:19,152.22,London,0.54,DEV_065,Online,Grocery,0
TXN_001018,USR_0072,2026-01-03 12:10:51,18.85,New York,0.97,DEV_072,ATM,Grocery,0
TXN_001019,USR_0051,2026-01-19 15:39:49,76.91,Mumbai,1.99,DEV_004,ATM,Luxury,0
TXN_001020,USR_0021,2026-02-10 05:40:52,10.64,Berlin,1.36,DEV_021,Online,Luxury,0
TXN_001021,USR_0034,2026-01-30 10:49:04,85.27,Tokyo,8.96,DEV_034,POS,Travel,0
TXN_001022,USR_0042,2026-03-25 15:21:00,39.16,Tokyo,7.52,DEV_042,POS,Luxury,0
TXN_001023,USR_0097,2026-03-27 02:16:22,13.47,London,10.78,DEV_097,POS,Utilities,0
TXN_001024,USR_0026,2026-02-22 09:54:18,169.05,Tokyo,2.63,DEV_052,ATM,Electronics,0
TXN_001025,USR_0076,2026-01-09 22:17:49,210.71,Paris,12.08,DEV_076,Online,Electronics,0
TXN_001026,USR_0050,2026-03-20 02:55:09,110.36,Tokyo,0.09,DEV_050,POS,Grocery,0
TXN_001027,USR_0019,2026-03-30 21:18:07,112.66,Mumbai,22.71,DEV_019,Online,Travel,0
TXN_001028,USR_0096,2026-01-22 10:40:29,186.3,New York,10.1,DEV_096,POS,Transfer,0
TXN_001029,USR_0062,2026-01-28 18:39:00,19.32,Sydney,1.86,DEV_062,POS,Electronics,0
TXN_001030,USR_0061,2026-01-17 03:29:54,1361.26,Sydney,3601.67,DEV_123,ATM,Transfer,1
TXN_001031,USR_0089,2026-03-10 00:11:38,122.85,London,0.54,DEV_089,Online,Electronics,0
TXN_001032,USR_0034,2026-01-10 14:22:27,83.64,Tokyo,4.24,DEV_034,POS,Grocery,0
TXN_001033,USR_0047,2026-03-11 23:42:21,13.49,Toronto,5.78,DEV_047,ATM,Electronics,0
TXN_001034,USR_0026,2026-01-04 03:45:43,80.0,Tokyo,12.02,DEV_026,Online,Grocery,0
TXN_001035,USR_0047,2026-02-16 04:06:14,10.12,Toronto,1.27,DEV_047,POS,Grocery,0
TXN_001036,USR_0061,2026-02-01 06:23:53,11.29,Berlin,0.73,DEV_118,Online,Transfer,0
TXN_001037,USR_0029,2026-03-16 13:33:19,14.43,Berlin,1.06,DEV_029,Online,Transfer,0
TXN_001038,USR_0090,2026-02-28 16:57:17,200.74,Tokyo,3.15,DEV_090,Wire Transfer,Transfer,0
TXN_001039,USR_0029,2026-02-28 03:16:11,39.72,Berlin,0.56,DEV_029,POS,Transfer,0
TXN_001040,USR_0058,2026-03-20 01:29:32,16.68,Tokyo,11.4,DEV_058,Online,Luxury,0
TXN_001041,USR_0079,2026-03-13 15:12:21,10.29,Toronto,1.88,DEV_079,Online,Transfer,0
TXN_001042,USR_0059,2026-02-21 03:56:45,74.47,Mumbai,0.83,DEV_059,Online,Transfer,0
TXN_001043,USR_0062,2026-02-15 16:24:21,39.0,Tokyo,5.51,DEV_062,ATM,Gaming,0
TXN_001044,USR_0094,2026-02-14 23:06:57,28.46,Sydney,27.72,DEV_094,Online,Transfer,0
TXN_001045,USR_0056,2026-03-21 05:58:21,102.33,New York,0.11,DEV_148,POS,Grocery,0
TXN_001046,USR_0071,2026-01-12 01:03:47,17.43,Toronto,0.36,DEV_071,POS,Luxury,0
TXN_001047,USR_0056,2026-01-29 08:59:10,71.0,New York,0.99,DEV_019,Online,Electronics,0
TXN_001048,USR_0011,2026-01-31 13:45:32,11.18,Mumbai,0.39,DEV_011,POS,Gaming,0
TXN_001049,USR_0088,2026-03-08 18:00:04,129.71,New York,4.81,DEV_041,Online,Electronics,0
TXN_001050,USR_0009,2026-01-02 14:10:05,25.72,London,0.21,DEV_009,Online,Travel,0
TXN_001051,USR_0067,2026-03-02 23:16:38,30.52,Mumbai,0.15,DEV_067,Online,Travel,0
TXN_001052,USR_0089,2026-02-02 06:57:30,13.97,London,0.56,DEV_089,POS,Transfer,0
TXN_001053,USR_0094,2026-02-24 04:00:18,89.19,Sydney,4.09,DEV_069,ATM,Transfer,0
TXN_001054,USR_0042,2026-02-02 10:08:49,31.77,Tokyo,0.93,DEV_042,POS,Gaming,0
TXN_001055,USR_0045,2026-01-06 11:36:58,415.0,Toronto,4423.09,DEV_134,ATM,Gaming,1
TXN_001056,USR_0053,2026-03-09 21:05:19,134.38,Berlin,3.97,DEV_053,Online,Transfer,0
TXN_001057,USR_0029,2026-02-14 23:01:25,538.94,Berlin,9.27,DEV_132,POS,Utilities,0
TXN_001058,USR_0041,2026-02-09 20:58:03,48.72,London,0.32,DEV_041,POS,Electronics,0
TXN_001059,USR_0099,2026-01-04 10:16:17,22.17,Mumbai,1.29,DEV_099,POS,Transfer,0
TXN_001060,USR_0088,2026-02-09 14:42:58,125.05,New York,4.13,DEV_088,Online,Gaming,0
TXN_001061,USR_0051,2026-02-28 01:16:29,16.1,Mumbai,16.0,DEV_051,POS,Utilities,0
TXN_001062,USR_0040,2026-02-04 12:00:58,117.0,New York,2.29,DEV_040,ATM,Utilities,0
TXN_001063,USR_0029,2026-01-16 01:57:07,45.85,Tokyo,0.34,DEV_029,Wire Transfer,Travel,0
TXN_001064,USR_0035,2026-02-20 06:14:46,211.92,Mumbai,10.93,DEV_035,POS,Transfer,0
TXN_001065,USR_0084,2026-03-25 23:28:13,165.0,Paris,2.72,DEV_084,POS,Transfer,0
TXN_001066,USR_0032,2026-01-21 13:17:03,24.43,Toronto,4.43,DEV_032,POS,Transfer,0
TXN_001067,USR_0003,2026-03-30 15:59:31,1628.35,Sydney,2186.85,DEV_027,Online,Luxury,1
TXN_001068,USR_0092,2026-01-11 00:17:28,67.59,Paris,1.51,DEV_092,Online,Electronics,0
TXN_001069,USR_0007,2026-03-27 23:35:51,95.27,Toronto,12.51,DEV_007,Online,Grocery,0
TXN_001070,USR_0016,2026-02-05 08:37:48,160.64,New York,1.58,DEV_016,Online,Travel,0
TXN_001071,USR_0027,2026-01-02 10:27:58,11.0,Mumbai,1.24,DEV_027,Online,Luxury,0
TXN_001072,USR_0093,2026-03-07 20:55:57,78.26,Berlin,5.3,DEV_077,Online,Travel,0
TXN_001073,USR_0036,2026-01-22 04:06:50,16.24,Paris,3.61,DEV_036,ATM,Grocery,0
TXN_001074,USR_0040,2026-03-25 15:15:00,23.36,New York,19.08,DEV_040,Online,Grocery,0
TXN_001075,USR_0003,2026-02-03 01:01:31,70.99,Mumbai,13.09,DEV_003,POS,Grocery,0
TXN_001076,USR_0060,2026-03-12 03:27:19,23.34,Paris,5.27,DEV_060,Online,Transfer,0
TXN_001077,USR_0057,2026-02-18 05:28:52,49.73,London,9.36,DEV_057,Online,Utilities,0
TXN_001078,USR_0071,2026-01-16 06:56:25,87.75,Toronto,3.77,DEV_071,Wire Transfer,Travel,0
TXN_001079,USR_0035,2026-01-21 05:31:28,65.92,Mumbai,0.83,DEV_035,Wire Transfer,Electronics,0
TXN_001080,USR_0076,2026-03-18 09:46:08,82.89,Paris,8.15,DEV_076,POS,Gaming,0
TXN_001081,USR_0015,2026-01-30 23:54:21,17.98,Toronto,17.43,DEV_015,Online,Travel,0
TXN_001082,USR_0014,2026-02-01 23:30:49,14.51,Sydney,4.5,DEV_014,Online,Travel,0
TXN_001083,USR_0073,2026-01-13 09:24:08,53.17,London,3.9,DEV_073,POS,Grocery,0
TXN_001084,USR_0092,2026-01-30 10:39:11,22.48,Paris,1.11,DEV_092,Online,Transfer,0
TXN_001085,USR_0082,2026-02-25 22:10:51,14.13,Tokyo,1.57,DEV_082,Online,Grocery,0
TXN_001086,USR_0017,2026-03-20 05:55:10,107.24,London,7.99,DEV_017,Online,Utilities,0
TXN_001087,USR_0004,2026-03-30 08:46:15,97.64,Paris,3.91,DEV_004,POS,Luxury,0
TXN_001088,USR_0026,2026-02-19 11:44:52,138.37,Tokyo,0.84,DEV_026,POS,Grocery,0
TXN_001089,USR_0056,2026-03-20 11:52:24,40.0,New York,2.0,DEV_056,ATM,Utilities,0
TXN_001090,USR_0072,2026-02-02 22:19:17,16.68,New York,0.08,DEV_072,Online,Grocery,0
TXN_001091,USR_0003,2026-02-07 20:28:34,126.77,Mumbai,8.04,DEV_003,POS,Utilities,0
TXN_001092,USR_0022,2026-01-04 07:29:32,1031.63,Tokyo,1588.13,DEV_128,ATM,Transfer,1
TXN_001093,USR_0010,2026-02-18 03:32:42,70.25,Tokyo,8.78,DEV_010,Online,Grocery,0
TXN_001094,USR_0098,2026-03-07 07:02:15,16.21,Tokyo,6.34,DEV_098,POS,Gaming,0
TXN_001095,USR_0044,2026-02-08 07:06:09,48.73,Paris,3.85,DEV_044,ATM,Luxury,0
TXN_001096,USR_0083,2026-01-20 04:18:26,1226.93,London,2860.01,DEV_029,ATM,Transfer,1
TXN_001097,USR_0023,2026-01-05 01:54:25,201.14,Toronto,0.73,DEV_023,Online,Travel,0
TXN_001098,USR_0074,2026-01-10 11:25:06,59.59,Paris,0.78,DEV_074,ATM,Grocery,0
TXN_001099,USR_0054,2026-02-21 01:45:21,34.65,Sydney,0.45,DEV_054,POS,Grocery,0
TXN_001100,USR_0012,2026-01-09 21:39:13,1278.11,Tokyo,3107.65,DEV_076,ATM,Luxury,1
TXN_001101,USR_0092,2026-01-12 23:21:12,35.35,Paris,1.35,DEV_092,POS,Travel,0
TXN_001102,USR_0086,2026-03-11 02:30:53,75.99,Sydney,3.53,DEV_086,POS,Luxury,0
TXN_001103,USR_0072,2026-03-09 22:08:38,86.44,New York,10.74,DEV_072,POS,Travel,0
TXN_001104,USR_0097,2026-03-01 11:25:17,93.78,London,2.59,DEV_097,Online,Transfer,0
TXN_001105,USR_0091,2026-02-26 22:31:35,56.4,Mumbai,18.95,DEV_091,POS,Luxury,0
TXN_001106,USR_0008,2026-01-17 14:30:36,69.46,New York,2.71,DEV_115,Online,Grocery,0
TXN_001107,USR_0052,2026-02-14 12:37:55,18.57,Paris,0.53,DEV_052,Online,Utilities,0
TXN_001108,USR_0028,2026-02-09 23:16:42,25.6,Paris,2.43,DEV_028,POS,Utilities,0
TXN_001109,USR_0021,2026-03-07 19:50:53,158.79,Berlin,0.9,DEV_021,Online,Utilities,0
TXN_001110,USR_0009,2026-01-12 11:18:40,131.79,Toronto,3.37,DEV_009,Online,Electronics,0
TXN_001111,USR_0005,2026-01-09 10:41:12,105.98,Berlin,2.16,DEV_005,Online,Transfer,0
TXN_001112,USR_0019,2026-02-24 19:29:50,54.51,Toronto,6.59,DEV_019,Wire Transfer,Utilities,0
TXN_001113,USR_0096,2026-02-15 14:53:51,43.59,New York,0.74,DEV_093,POS,Gaming,0
TXN_001114,USR_0006,2026-01-16 18:41:47,62.22,Sydney,6.99,DEV_006,POS,Electronics,0
TXN_001115,USR_0080,2026-03-19 14:42:23,12.42,New York,4.84,DEV_111,Online,Luxury,0
TXN_001116,USR_0039,2026-01-19 02:12:39,18.84,Toronto,0.38,DEV_039,POS,Transfer,0
TXN_001117,USR_0061,2026-02-11 05:21:09,66.92,Berlin,0.32,DEV_018,ATM,Travel,0
TXN_001118,USR_0064,2026-02-25 10:29:10,114.05,New York,7.65,DEV_064,POS,Transfer,0
TXN_001119,USR_0025,2026-02-01 14:31:29,1982.16,Tokyo,4678.94,DEV_121,Online,Gaming,1
TXN_001120,USR_0037,2026-01-10 09:11:12,11.91,Berlin,5.85,DEV_119,POS,Travel,0
TXN_001121,USR_0092,2026-03-03 23:37:17,55.81,Paris,8.49,DEV_092,Online,Utilities,0
TXN_001122,USR_0085,2026-01-02 12:21:18,49.1,Berlin,5.89,DEV_085,Online,Electronics,0
TXN_001123,USR_0005,2026-02-09 07:38:14,17.76,Berlin,0.5,DEV_005,Online,Grocery,0
TXN_001124,USR_0089,2026-02-18 08:11:12,61.39,Berlin,2.2,DEV_089,Online,Gaming,0
TXN_001125,USR_0094,2026-03-26 20:44:17,132.79,Sydney,1.77,DEV_094,Online,Grocery,0
TXN_001126,USR_0087,2026-02-11 16:50:19,168.41,Toronto,7.58,DEV_087,POS,Utilities,0
TXN_001127,USR_0029,2026-03-29 21:37:11,20.39,Berlin,2.79,DEV_134,Online,Utilities,0
TXN_001128,USR_0095,2026-03-17 20:23:44,124.87,Toronto,2.93,DEV_095,Online,Transfer,0
TXN_001129,USR_0025,2026-01-16 23:51:20,68.64,London,4.5,DEV_060,Online,Transfer,0
TXN_001130,USR_0100,2026-01-27 22:34:14,81.59,Paris,4.7,DEV_008,Online,Electronics,0
TXN_001131,USR_0079,2026-03-16 04:58:11,139.48,Toronto,13.24,DEV_079,POS,Travel,0
TXN_001132,USR_0013,2026-03-22 00:26:03,31.18,Berlin,2.54,DEV_013,POS,Transfer,0
TXN_001133,USR_0068,2026-03-02 05:53:37,133.96,Paris,4.7,DEV_068,POS,Grocery,0
TXN_001134,USR_0053,2026-01-09 12:37:44,115.81,Berlin,3.79,DEV_053,POS,Gaming,0
TXN_001135,USR_0093,2026-01-15 06:41:18,15.39,Berlin,2.81,DEV_093,POS,Travel,0
TXN_001136,USR_0008,2026-02-09 03:03:55,102.69,New York,7.43,DEV_008,Online,Travel,0
TXN_001137,USR_0078,2026-03-28 08:34:58,120.74,Sydney,4.43,DEV_078,Online,Travel,0
TXN_001138,USR_0028,2026-02-26 20:24:47,207.06,Paris,7.82,DEV_028,Online,Electronics,0
TXN_001139,USR_0079,2026-02-09 16:26:51,47.23,Toronto,4.97,DEV_079,POS,Luxury,0
TXN_001140,USR_0069,2026-03-12 03:49:42,180.57,Berlin,3.07,DEV_069,Online,Utilities,0
TXN_001141,USR_0059,2026-03-20 16:00:05,12.58,Mumbai,5.38,DEV_059,POS,Gaming,0
TXN_001142,USR_0083,2026-01-04 00:32:41,56.06,Mumbai,8.25,DEV_026,Online,Luxury,0
TXN_001143,USR_0009,2026-01-13 15:35:24,92.64,London,0.57,DEV_009,Online,Utilities,0
TXN_001144,USR_0008,2026-01-03 11:03:48,29.29,London,3.05,DEV_008,POS,Electronics,0
TXN_001145,USR_0034,2026-03-30 11:44:07,61.49,Tokyo,0.21,DEV_034,Wire Transfer,Electronics,0
TXN_001146,USR_0096,2026-03-31 03:15:49,32.78,New York,4.35,DEV_096,POS,Travel,0
TXN_001147,USR_0070,2026-03-13 19:55:45,183.19,Sydney,2.27,DEV_070,POS,Luxury,0
TXN_001148,USR_0086,2026-02-12 15:56:47,92.38,New York,3.7,DEV_086,Online,Transfer,0
TXN_001149,USR_0099,2026-02-21 09:32:48,95.98,Mumbai,4.9,DEV_099,Online,Gaming,0
TXN_001150,USR_0018,2026-01-26 11:20:52,88.73,Tokyo,3.6,DEV_018,Online,Travel,0
TXN_001151,USR_0022,2026-03-03 19:13:07,58.07,Sydney,0.86,DEV_022,Online,Grocery,0
TXN_001152,USR_0065,2026-02-27 17:03:01,92.14,London,14.35,DEV_065,POS,Grocery,0
TXN_001153,USR_0027,2026-02-21 23:30:55,43.43,Mumbai,5.16,DEV_027,Online,Utilities,0
TXN_001154,USR_0039,2026-01-27 14:50:20,155.27,Toronto,6.35,DEV_039,ATM,Grocery,0
TXN_001155,USR_0017,2026-01-02 20:24:36,83.91,London,1.45,DEV_017,POS,Transfer,0
TXN_001156,USR_0027,2026-01-09 06:56:17,59.62,Paris,4.53,DEV_027,POS,Travel,0
TXN_001157,USR_0062,2026-02-15 10:48:08,126.78,Sydney,7.67,DEV_062,ATM,Gaming,0
TXN_001158,USR_0045,2026-03-31 16:40:11,185.36,Berlin,4.64,DEV_045,ATM,Electronics,0
TXN_001159,USR_0078,2026-03-21 03:01:38,26.06,Sydney,3.43,DEV_078,Online,Transfer,0
TXN_001160,USR_0053,2026-01-14 10:24:35,135.7,Paris,0.16,DEV_053,POS,Travel,0
TXN_001161,USR_0051,2026-02-22 14:29:03,10.38,Mumbai,2.8,DEV_034,POS,Luxury,0
TXN_001162,USR_0013,2026-01-03 15:01:24,279.77,Berlin,8.91,DEV_013,ATM,Grocery,0
TXN_001163,USR_0006,2026-03-16 02:14:50,60.16,Sydney,0.83,DEV_006,ATM,Gaming,0
TXN_001164,USR_0014,2026-01-11 10:18:31,185.55,Sydney,0.4,DEV_014,POS,Gaming,0
TXN_001165,USR_0054,2026-02-05 12:34:12,113.39,Sydney,0.02,DEV_054,Online,Luxury,0
TXN_001166,USR_0083,2026-02-13 05:19:01,18.87,Mumbai,0.49,DEV_083,Online,Utilities,0
TXN_001167,USR_0019,2026-03-13 22:50:18,153.65,Mumbai,2.42,DEV_019,Online,Gaming,0
TXN_001168,USR_0023,2026-02-18 07:09:35,113.81,Toronto,0.84,DEV_023,Online,Gaming,0
TXN_001169,USR_0013,2026-03-01 17:07:33,89.12,Berlin,3.39,DEV_013,POS,Transfer,0
TXN_001170,USR_0014,2026-02-20 10:18:00,43.4,Sydney,6.31,DEV_014,ATM,Electronics,0
TXN_001171,USR_0084,2026-03-15 00:02:45,106.92,Paris,0.69,DEV_084,POS,Travel,0
TXN_001172,USR_0080,2026-03-24 13:07:28,32.85,New York,1.64,DEV_080,Online,Transfer,0
TXN_001173,USR_0007,2026-03-21 07:02:22,15.18,Toronto,8.32,DEV_007,Online,Gaming,0
TXN_001174,USR_0070,2026-02-04 05:25:35,196.11,London,6.39,DEV_070,POS,Gaming,0
TXN_001175,USR_0044,2026-01-28 20:36:07,26.28,Paris,3.59,DEV_044,POS,Travel,0
TXN_001176,USR_0057,2026-02-20 10:02:44,115.08,Mumbai,14.36,DEV_057,Online,Luxury,0
TXN_001177,USR_0072,2026-03-20 18:29:11,19.72,New York,1.45,DEV_072,Online,Transfer,0
TXN_001178,USR_0038,2026-03-06 06:22:02,162.45,Sydney,4.61,DEV_038,ATM,Transfer,0
TXN_001179,USR_0027,2026-02-03 15:09:05,54.91,Mumbai,22.63,DEV_070,ATM,Electronics,0
TXN_001180,USR_0014,2026-01-16 07:54:13,87.33,Sydney,7.26,DEV_014,Online,Transfer,0
TXN_001181,USR_0093,2026-01-18 16:47:55,34.18,Berlin,3.09,DEV_093,ATM,Luxury,0
TXN_001182,USR_0090,2026-02-27 14:01:19,100.74,Tokyo,9.97,DEV_090,Online,Electronics,0
TXN_001183,USR_0055,2026-01-25 00:38:24,89.43,Toronto,3.6,DEV_055,POS,Electronics,0
TXN_001184,USR_0027,2026-01-10 13:31:18,45.32,Mumbai,1.08,DEV_027,POS,Utilities,0
TXN_001185,USR_0053,2026-01-17 18:10:39,48.06,Berlin,5.01,DEV_008,POS,Gaming,0
TXN_001186,USR_0043,2026-03-20 22:05:38,145.85,Tokyo,1.77,DEV_043,POS,Travel,0
TXN_001187,USR_0090,2026-01-09 03:43:02,168.34,Tokyo,1.55,DEV_090,ATM,Transfer,0
TXN_001188,USR_0095,2026-02-21 07:31:34,75.29,Toronto,1.69,DEV_095,Online,Travel,0
TXN_001189,USR_0048,2026-03-01 22:21:06,32.63,New York,4.1,DEV_048,POS,Utilities,0
TXN_001190,USR_0021,2026-03-18 09:29:07,56.16,Berlin,0.86,DEV_021,Online,Transfer,0
TXN_001191,USR_0048,2026-01-28 19:09:16,105.57,New York,0.76,DEV_056,POS,Travel,0
TXN_001192,USR_0032,2026-03-04 18:13:04,12.0,New York,32.85,DEV_032,Online,Transfer,0
TXN_001193,USR_0082,2026-02-11 11:40:43,88.51,Tokyo,1.72,DEV_082,POS,Gaming,0
TXN_001194,USR_0054,2026-01-20 12:59:27,41.68,Berlin,6.26,DEV_054,Online,Grocery,0
TXN_001195,USR_0032,2026-03-02 14:41:29,20.63,New York,7.87,DEV_032,POS,Gaming,0
TXN_001196,USR_0060,2026-03-08 01:51:05,143.25,Paris,5.44,DEV_060,Online,Grocery,0
TXN_001197,USR_0004,2026-02-04 04:42:43,29.46,Paris,6.29,DEV_004,ATM,Utilities,0
TXN_001198,USR_0072,2026-02-28 22:05:49,34.67,New York,4.51,DEV_072,Online,Electronics,0
TXN_001199,USR_0045,2026-03-05 00:12:41,32.37,Berlin,4.76,DEV_045,POS,Grocery,0
TXN_001200,USR_0071,2026-02-17 18:09:55,39.35,Paris,3.48,DEV_071,ATM,Utilities,0
TXN_001201,USR_0069,2026-02-28 12:14:30,15.0,Berlin,3.12,DEV_054,POS,Gaming,0
TXN_001202,USR_0081,2026-02-20 11:12:36,22.86,Tokyo,0.13,DEV_081,POS,Transfer,0
TXN_001203,USR_0048,2026-03-24 03:58:54,122.38,New York,1.23,DEV_048,Online,Utilities,0
TXN_001204,USR_0062,2026-01-14 11:52:19,71.27,Sydney,13.99,DEV_092,POS,Gaming,0
TXN_001205,USR_0028,2026-01-26 14:58:09,203.52,Paris,0.41,DEV_028,ATM,Grocery,0
TXN_001206,USR_0075,2026-03-13 02:45:28,69.97,Mumbai,0.37,DEV_075,Online,Gaming,0
TXN_001207,USR_0082,2026-02-25 20:21:15,20.23,Tokyo,0.17,DEV_082,Online,Luxury,0
TXN_001208,USR_0091,2026-02-16 17:02:09,185.26,Mumbai,1.43,DEV_091,POS,Electronics,0
TXN_001209,USR_0085,2026-02-12 21:46:33,14.88,Berlin,5.87,DEV_085,Online,Grocery,0
TXN_001210,USR_0026,2026-01-19 09:52:25,53.71,Tokyo,1.87,DEV_026,Online,Gaming,0
TXN_001211,USR_0016,2026-02-13 10:03:33,92.27,London,6.79,DEV_016,POS,Luxury,0
TXN_001212,USR_0041,2026-01-27 08:39:06,197.11,London,8.15,DEV_041,Online,Transfer,0
TXN_001213,USR_0074,2026-02-01 13:21:05,97.31,Tokyo,2.53,DEV_074,POS,Utilities,0
TXN_001214,USR_0010,2026-03-25 02:03:35,166.13,Tokyo,3.67,DEV_010,POS,Grocery,0
TXN_001215,USR_0005,2026-03-24 08:33:18,54.22,Berlin,1.15,DEV_005,Online,Gaming,0
TXN_001216,USR_0027,2026-01-14 05:46:40,89.65,Mumbai,1.72,DEV_027,POS,Utilities,0
TXN_001217,USR_0047,2026-01-11 19:43:46,97.96,Toronto,2.44,DEV_047,ATM,Luxury,0
TXN_001218,USR_0068,2026-02-05 00:51:56,130.55,Paris,5.83,DEV_068,Online,Transfer,0
TXN_001219,USR_0003,2026-01-15 09:17:25,1091.03,New York,303.81,DEV_040,Wire Transfer,Gaming,1
TXN_001220,USR_0044,2026-01-02 20:54:46,82.51,Paris,7.63,DEV_044,Online,Travel,0
TXN_001221,USR_0097,2026-03-28 11:07:51,52.33,London,6.0,DEV_097,ATM,Travel,0
TXN_001222,USR_0067,2026-02-12 09:41:21,43.24,Mumbai,10.22,DEV_067,Online,Electronics,0
TXN_001223,USR_0045,2026-01-28 02:32:58,42.42,Berlin,4.31,DEV_045,POS,Utilities,0
TXN_001224,USR_0021,2026-02-28 00:25:07,202.24,Berlin,0.36,DEV_021,POS,Grocery,0
TXN_001225,USR_0004,2026-01-27 02:46:16,11.36,Paris,16.4,DEV_004,Online,Grocery,0
TXN_001226,USR_0090,2026-03-09 05:54:31,47.53,Tokyo,2.5,DEV_090,POS,Gaming,0
TXN_001227,USR_0036,2026-03-02 21:25:06,117.62,Paris,7.59,DEV_036,ATM,Transfer,0
TXN_001228,USR_0014,2026-02-06 11:49:41,194.67,Sydney,10.01,DEV_086,ATM,Utilities,0
TXN_001229,USR_0058,2026-01-13 04:39:40,11.14,New York,6.62,DEV_058,POS,Transfer,0
TXN_001230,USR_0074,2026-03-01 11:21:21,29.63,Tokyo,0.89,DEV_074,POS,Gaming,0
TXN_001231,USR_0100,2026-03-24 12:14:03,129.95,Paris,1.88,DEV_100,POS,Luxury,0
TXN_001232,USR_0073,2026-03-03 04:22:22,105.02,London,2.77,DEV_073,ATM,Travel,0
TXN_001233,USR_0042,2026-03-16 18:30:23,33.82,Tokyo,0.18,DEV_042,Online,Luxury,0
TXN_001234,USR_0044,2026-02-19 04:34:10,30.41,Paris,1.39,DEV_044,POS,Grocery,0
TXN_001235,USR_0059,2026-01-21 11:45:58,79.56,Mumbai,6.59,DEV_059,Online,Transfer,0
TXN_001236,USR_0020,2026-03-13 22:16:06,104.42,Paris,2.07,DEV_020,POS,Travel,0
TXN_001237,USR_0082,2026-01-21 13:35:35,12.31,Tokyo,2.64,DEV_082,Online,Gaming,0
TXN_001238,USR_0092,2026-03-31 04:10:25,16.07,Paris,1.19,DEV_137,POS,Electronics,0
TXN_001239,USR_0032,2026-02-13 11:12:44,90.92,New York,10.16,DEV_032,Online,Grocery,0
TXN_001240,USR_0078,2026-02-08 19:36:40,19.11,Sydney,5.63,DEV_078,POS,Electronics,0
TXN_001241,USR_0013,2026-01-03 16:28:51,760.6,London,3374.63,DEV_072,ATM,Electronics,1
TXN_001242,USR_0037,2026-03-15 17:18:14,11.46,Berlin,3.48,DEV_037,POS,Transfer,0
TXN_001243,USR_0016,2026-01-16 09:12:14,111.95,New York,3.23,DEV_016,POS,Travel,0
TXN_001244,USR_0028,2026-01-23 18:02:40,171.33,Paris,0.26,DEV_028,Online,Luxury,0
TXN_001245,USR_0079,2026-03-09 14:22:49,122.68,Toronto,5.71,DEV_079,Online,Travel,0
TXN_001246,USR_0057,2026-01-25 05:36:27,244.52,London,0.29,DEV_057,POS,Utilities,0
TXN_001247,USR_0002,2026-01-02 15:08:46,20.94,Tokyo,9.45,DEV_002,ATM,Utilities,0
TXN_001248,USR_0037,2026-01-05 10:16:45,12.28,Berlin,1.7,DEV_037,POS,Utilities,0
TXN_001249,USR_0032,2026-03-13 17:39:13,54.58,New York,2.71,DEV_032,POS,Electronics,0
TXN_001250,USR_0086,2026-01-30 19:11:00,91.39,Sydney,2.31,DEV_086,POS,Transfer,0
TXN_001251,USR_0012,2026-01-15 05:25:33,115.18,Paris,6.9,DEV_012,POS,Electronics,0
TXN_001252,USR_0028,2026-02-13 19:41:28,11.52,Paris,2.33,DEV_028,ATM,Utilities,0
TXN_001253,USR_0067,2026-03-01 16:06:17,74.72,Mumbai,4.34,DEV_078,Online,Grocery,0
TXN_001254,USR_0015,2026-01-17 23:25:37,60.93,Toronto,0.1,DEV_015,Online,Gaming,0
TXN_001255,USR_0098,2026-03-14 11:50:06,107.36,Tokyo,1.87,DEV_098,ATM,Gaming,0
TXN_001256,USR_0087,2026-02-28 22:23:10,72.88,Toronto,0.43,DEV_087,Online,Gaming,0
TXN_001257,USR_0013,2026-01-15 09:52:55,46.24,Berlin,0.72,DEV_013,POS,Utilities,0
TXN_001258,USR_0026,2026-02-18 00:54:10,28.81,Tokyo,0.91,DEV_026,POS,Transfer,0
TXN_001259,USR_0041,2026-03-21 20:23:15,110.42,London,7.35,DEV_028,POS,Transfer,0
TXN_001260,USR_0066,2026-03-20 11:40:44,36.69,Tokyo,4.19,DEV_066,POS,Travel,0
TXN_001261,USR_0020,2026-03-08 21:47:13,125.24,Paris,15.04,DEV_020,POS,Gaming,0
TXN_001262,USR_0054,2026-03-22 13:20:38,70.91,Sydney,1.24,DEV_054,Online,Travel,0
TXN_001263,USR_0035,2026-02-15 10:39:25,53.14,Mumbai,11.83,DEV_050,POS,Transfer,0
TXN_001264,USR_0039,2026-01-30 12:36:06,22.89,Toronto,12.29,DEV_039,Online,Utilities,0
TXN_001265,USR_0081,2026-03-08 02:56:18,102.62,London,10.86,DEV_081,Online,Luxury,0
TXN_001266,USR_0031,2026-01-21 06:30:34,63.39,Toronto,2.8,DEV_031,POS,Travel,0
TXN_001267,USR_0008,2026-03-29 06:29:15,1998.54,London,930.31,DEV_141,ATM,Electronics,1
TXN_001268,USR_0091,2026-02-24 22:41:02,10.35,Mumbai,20.96,DEV_091,POS,Gaming,0
TXN_001269,USR_0083,2026-02-23 05:11:06,105.53,Mumbai,10.08,DEV_083,Online,Utilities,0
TXN_001270,USR_0090,2026-01-06 17:03:26,72.78,Mumbai,1.32,DEV_090,ATM,Transfer,0
TXN_001271,USR_0084,2026-01-17 04:36:02,44.28,Paris,3.72,DEV_084,POS,Electronics,0
TXN_001272,USR_0083,2026-01-16 10:53:04,94.57,Mumbai,0.65,DEV_083,POS,Utilities,0
TXN_001273,USR_0084,2026-01-11 00:42:52,159.58,Paris,8.53,DEV_084,Online,Gaming,0
TXN_001274,USR_0086,2026-01-05 20:49:54,24.72,New York,2.92,DEV_086,Online,Gaming,0
TXN_001275,USR_0079,2026-01-13 01:17:11,12.12,Toronto,4.74,DEV_079,POS,Grocery,0
TXN_001276,USR_0080,2026-01-29 12:10:15,37.8,New York,3.34,DEV_080,POS,Travel,0
TXN_001277,USR_0017,2026-02-18 08:07:12,59.39,London,4.67,DEV_017,Online,Gaming,0
TXN_001278,USR_0086,2026-03-04 14:00:14,56.62,Sydney,1.93,DEV_086,Online,Travel,0
TXN_001279,USR_0015,2026-01-01 23:12:56,22.24,Toronto,0.54,DEV_027,Wire Transfer,Travel,0
TXN_001280,USR_0086,2026-03-28 05:16:39,2769.95,London,898.36,DEV_056,Wire Transfer,Luxury,1
TXN_001281,USR_0028,2026-03-02 00:56:31,27.19,Paris,4.89,DEV_004,POS,Gaming,0
TXN_001282,USR_0046,2026-02-07 14:56:55,33.88,Sydney,1.7,DEV_046,Online,Gaming,0
TXN_001283,USR_0078,2026-03-18 00:23:59,57.61,Sydney,9.76,DEV_078,Online,Utilities,0
TXN_001284,USR_0048,2026-01-20 04:48:51,60.3,New York,1.49,DEV_048,Online,Luxury,0
TXN_001285,USR_0052,2026-02-13 13:36:38,44.47,New York,3.66,DEV_052,Online,Utilities,0
TXN_001286,USR_0025,2026-03-07 04:34:09,709.73,Sydney,2482.98,DEV_015,Wire Transfer,Transfer,1
TXN_001287,USR_0075,2026-03-23 16:59:19,48.42,Mumbai,2.65,DEV_075,ATM,Travel,0
TXN_001288,USR_0068,2026-02-21 16:06:58,145.01,Paris,0.94,DEV_068,Online,Gaming,0
TXN_001289,USR_0008,2026-03-29 19:43:47,182.19,New York,6.32,DEV_008,Online,Luxury,0
TXN_001290,USR_0043,2026-01-12 04:15:30,133.8,Mumbai,2.79,DEV_043,POS,Travel,0
TXN_001291,USR_0088,2026-03-18 06:45:16,252.38,New York,2.01,DEV_088,ATM,Travel,0
TXN_001292,USR_0029,2026-03-12 16:39:01,21.82,Berlin,6.11,DEV_029,Online,Transfer,0
TXN_001293,USR_0045,2026-02-08 14:56:07,1346.56,Tokyo,3592.59,DEV_065,Online,Luxury,1
TXN_001294,USR_0072,2026-02-26 11:52:58,49.07,Paris,17.32,DEV_072,ATM,Luxury,0
TXN_001295,USR_0007,2026-02-28 12:08:11,55.84,Toronto,2.05,DEV_007,Online,Electronics,0
TXN_001296,USR_0037,2026-03-20 04:14:18,11.31,Berlin,6.0,DEV_106,ATM,Grocery,0
TXN_001297,USR_0002,2026-03-05 02:01:26,55.24,Mumbai,10.33,DEV_002,POS,Transfer,0
TXN_001298,USR_0065,2026-01-22 05:20:10,12.79,London,3.18,DEV_065,POS,Gaming,0
TXN_001299,USR_0091,2026-02-04 11:06:17,92.52,Tokyo,3.43,DEV_091,ATM,Grocery,0
TXN_001300,USR_0092,2026-02-20 01:50:39,40.52,Paris,12.99,DEV_072,POS,Travel,0
TXN_001301,USR_0030,2026-03-29 13:40:29,58.03,Sydney,0.04,DEV_030,POS,Luxury,0
TXN_001302,USR_0036,2026-03-02 07:38:56,13.03,Paris,9.34,DEV_036,Online,Utilities,0
TXN_001303,USR_0066,2026-01-29 09:37:00,165.11,Tokyo,1.34,DEV_066,Wire Transfer,Grocery,0
TXN_001304,USR_0085,2026-03-11 10:08:47,90.3,Berlin,3.8,DEV_085,POS,Travel,0
TXN_001305,USR_0077,2026-01-06 08:09:25,29.03,Berlin,2.75,DEV_077,Online,Grocery,0
TXN_001306,USR_0032,2026-02-25 09:54:22,32.27,New York,4.75,DEV_032,Online,Gaming,0
TXN_001307,USR_0025,2026-01-03 19:42:41,108.57,London,1.69,DEV_025,Wire Transfer,Grocery,0
TXN_001308,USR_0036,2026-02-08 20:04:15,144.37,Sydney,1.29,DEV_036,POS,Travel,0
TXN_001309,USR_0084,2026-03-12 07:42:50,51.31,Paris,1.91,DEV_084,POS,Utilities,0
TXN_001310,USR_0068,2026-03-05 18:31:34,152.16,Paris,15.81,DEV_038,POS,Gaming,0
TXN_001311,USR_0078,2026-01-20 15:12:35,70.59,Sydney,2.27,DEV_078,POS,Luxury,0
TXN_001312,USR_0043,2026-03-07 06:18:22,13.54,Mumbai,1.39,DEV_035,POS,Utilities,0
TXN_001313,USR_0043,2026-02-13 00:23:48,2493.04,Berlin,885.06,DEV_005,ATM,Luxury,1
TXN_001314,USR_0018,2026-03-30 21:05:24,13.42,Tokyo,6.84,DEV_018,POS,Grocery,0
TXN_001315,USR_0038,2026-03-10 02:25:47,43.14,Sydney,5.18,DEV_038,POS,Luxury,0
TXN_001316,USR_0082,2026-02-18 11:57:27,112.6,Tokyo,7.69,DEV_082,ATM,Gaming,0
TXN_001317,USR_0045,2026-01-27 09:59:29,21.12,Berlin,5.15,DEV_045,POS,Electronics,0
TXN_001318,USR_0094,2026-01-10 14:54:44,129.3,Sydney,1.95,DEV_005,Online,Luxury,0
TXN_001319,USR_0045,2026-03-07 12:30:07,51.51,Berlin,11.92,DEV_045,POS,Luxury,0
TXN_001320,USR_0036,2026-02-03 16:56:06,183.84,Paris,4.88,DEV_036,Online,Travel,0
TXN_001321,USR_0027,2026-01-13 06:14:48,52.0,Mumbai,25.39,DEV_027,ATM,Grocery,0
TXN_001322,USR_0010,2026-02-03 13:25:29,28.85,New York,2.31,DEV_010,POS,Transfer,0
TXN_001323,USR_0073,2026-02-28 18:30:31,21.47,London,2.3,DEV_073,POS,Electronics,0
TXN_001324,USR_0078,2026-03-30 20:21:05,129.34,Sydney,5.74,DEV_078,ATM,Utilities,0
TXN_001325,USR_0028,2026-02-03 23:26:10,38.55,Paris,1.45,DEV_028,Online,Utilities,0
TXN_001326,USR_0058,2026-03-19 19:51:05,59.58,New York,0.76,DEV_058,Online,Utilities,0
TXN_001327,USR_0091,2026-01-27 08:16:14,99.38,Mumbai,3.1,DEV_091,Online,Utilities,0
TXN_001328,USR_0057,2026-01-29 12:13:28,113.42,London,2.83,DEV_057,POS,Travel,0
TXN_001329,USR_0055,2026-03-06 04:29:12,35.74,Toronto,2.92,DEV_055,POS,Gaming,0
TXN_001330,USR_0070,2026-03-17 07:36:59,194.25,Sydney,4.57,DEV_085,POS,Electronics,0
TXN_001331,USR_0099,2026-01-26 23:28:02,91.38,Mumbai,10.11,DEV_099,Wire Transfer,Gaming,0
TXN_001332,USR_0029,2026-02-27 08:27:27,36.59,Berlin,0.02,DEV_029,ATM,Gaming,0
TXN_001333,USR_0075,2026-01-01 04:58:23,104.76,Mumbai,11.79,DEV_075,ATM,Utilities,0
TXN_001334,USR_0083,2026-02-23 16:23:08,60.98,Mumbai,3.16,DEV_083,Online,Travel,0
TXN_001335,USR_0027,2026-02-21 22:41:49,34.1,Mumbai,17.75,DEV_027,Online,Utilities,0
TXN_001336,USR_0086,2026-03-24 10:08:44,58.36,Sydney,3.93,DEV_086,Online,Electronics,0
TXN_001337,USR_0014,2026-02-13 02:01:30,38.43,Sydney,11.82,DEV_014,ATM,Utilities,0
TXN_001338,USR_0084,2026-01-07 16:34:38,314.77,Paris,3.2,DEV_084,Online,Grocery,0
TXN_001339,USR_0038,2026-01-17 22:25:38,19.77,Sydney,7.5,DEV_038,Online,Utilities,0
TXN_001340,USR_0013,2026-02-18 04:40:26,23.21,Toronto,5.7,DEV_013,Online,Utilities,0
TXN_001341,USR_0065,2026-02-24 16:14:04,176.98,London,2.7,DEV_014,ATM,Transfer,0
TXN_001342,USR_0047,2026-01-28 03:40:02,37.83,Toronto,2.47,DEV_047,ATM,Electronics,0
TXN_001343,USR_0089,2026-03-15 15:22:10,32.33,London,4.77,DEV_089,POS,Utilities,0
TXN_001344,USR_0086,2026-02-14 07:12:53,58.35,Sydney,4.05,DEV_086,Online,Gaming,0
TXN_001345,USR_0092,2026-01-13 20:07:20,101.45,Paris,6.95,DEV_092,ATM,Grocery,0
TXN_001346,USR_0016,2026-03-01 11:01:13,15.01,New York,11.1,DEV_016,POS,Electronics,0
TXN_001347,USR_0039,2026-02-08 15:10:50,156.34,Toronto,3.43,DEV_039,POS,Electronics,0
TXN_001348,USR_0090,2026-01-25 17:03:41,13.2,Tokyo,10.69,DEV_090,Online,Electronics,0
TXN_001349,USR_0009,2026-03-09 19:11:17,165.72,London,1.21,DEV_009,Online,Travel,0
TXN_001350,USR_0092,2026-01-02 17:11:46,64.48,Paris,15.05,DEV_141,Online,Utilities,0
TXN_001351,USR_0081,2026-01-25 16:44:31,49.56,London,0.37,DEV_081,POS,Electronics,0
TXN_001352,USR_0002,2026-01-02 00:22:25,118.33,Toronto,10.54,DEV_002,POS,Grocery,0
TXN_001353,USR_0004,2026-02-08 12:00:25,461.31,Sydney,1465.64,DEV_048,Wire Transfer,Luxury,1
TXN_001354,USR_0019,2026-03-14 18:26:46,94.59,Mumbai,0.49,DEV_019,POS,Electronics,0
TXN_001355,USR_0050,2026-03-11 13:04:24,12.49,Tokyo,1.68,DEV_032,ATM,Electronics,0
TXN_001356,USR_0065,2026-02-25 17:03:37,152.2,London,5.92,DEV_065,POS,Travel,0
TXN_001357,USR_0033,2026-03-01 01:39:15,11.65,London,4.63,DEV_033,ATM,Transfer,0
TXN_001358,USR_0024,2026-01-05 00:36:26,54.03,New York,2.5,DEV_096,POS,Transfer,0
TXN_001359,USR_0083,2026-02-13 16:48:05,141.5,Berlin,3.0,DEV_083,Online,Gaming,0
TXN_001360,USR_0029,2026-03-24 22:06:07,77.6,Berlin,1.01,DEV_029,POS,Transfer,0
TXN_001361,USR_0053,2026-01-14 12:13:28,26.73,Berlin,7.93,DEV_053,Online,Electronics,0
TXN_001362,USR_0002,2026-03-23 19:57:46,54.5,Tokyo,7.38,DEV_002,Online,Travel,0
TXN_001363,USR_0061,2026-02-13 06:51:59,47.98,Berlin,3.4,DEV_061,Online,Luxury,0
TXN_001364,USR_0025,2026-03-09 17:26:45,26.15,London,0.04,DEV_025,POS,Transfer,0
TXN_001365,USR_0064,2026-02-18 10:28:20,82.39,New York,1.09,DEV_064,Online,Transfer,0
TXN_001366,USR_0022,2026-03-21 21:59:53,58.48,Sydney,14.7,DEV_022,Online,Luxury,0
TXN_001367,USR_0080,2026-02-19 17:55:49,107.42,New York,1.94,DEV_080,Online,Travel,0
TXN_001368,USR_0075,2026-02-04 09:03:27,88.32,Mumbai,1.13,DEV_075,Online,Gaming,0
TXN_001369,USR_0020,2026-03-22 17:40:09,79.21,Paris,3.54,DEV_020,Online,Luxury,0
TXN_001370,USR_0014,2026-01-22 08:53:18,39.35,Sydney,1.47,DEV_014,POS,Utilities,0
TXN_001371,USR_0006,2026-01-25 06:27:32,12.55,Sydney,2.57,DEV_006,POS,Utilities,0
TXN_001372,USR_0020,2026-03-15 03:11:11,152.94,London,13.89,DEV_020,ATM,Luxury,0
TXN_001373,USR_0005,2026-03-06 07:01:19,17.18,Berlin,7.21,DEV_005,POS,Grocery,0
TXN_001374,USR_0076,2026-02-05 23:50:48,46.82,Paris,8.48,DEV_076,POS,Electronics,0
TXN_001375,USR_0058,2026-01-20 10:55:13,67.2,Tokyo,1.65,DEV_058,POS,Gaming,0
TXN_001376,USR_0099,2026-01-31 22:40:05,15.52,Mumbai,2.86,DEV_099,Online,Luxury,0
TXN_001377,USR_0044,2026-01-03 21:50:42,31.76,Paris,8.55,DEV_044,POS,Luxury,0
TXN_001378,USR_0088,2026-02-13 18:59:59,33.44,New York,3.41,DEV_088,ATM,Travel,0
TXN_001379,USR_0041,2026-02-23 22:26:49,79.41,London,4.69,DEV_041,POS,Transfer,0
TXN_001380,USR_0061,2026-03-15 19:28:10,46.95,Berlin,8.22,DEV_061,POS,Gaming,0
TXN_001381,USR_0082,2026-03-22 20:37:29,71.08,Tokyo,1.61,DEV_082,Online,Gaming,0
TXN_001382,USR_0077,2026-01-20 03:50:43,126.91,Berlin,2.73,DEV_077,ATM,Travel,0
TXN_001383,USR_0067,2026-02-01 16:43:19,46.89,Mumbai,1.07,DEV_067,Online,Transfer,0
TXN_001384,USR_0042,2026-01-31 12:31:48,34.22,Tokyo,1.93,DEV_042,Online,Luxury,0
TXN_001385,USR_0015,2026-03-02 10:26:50,22.23,Toronto,7.38,DEV_075,ATM,Grocery,0
TXN_001386,USR_0059,2026-01-28 01:35:00,62.93,Mumbai,9.59,DEV_059,POS,Travel,0
TXN_001387,USR_0075,2026-02-11 06:18:37,22.39,Mumbai,12.2,DEV_075,Online,Utilities,0
TXN_001388,USR_0043,2026-01-27 00:46:10,176.39,Mumbai,0.01,DEV_043,Online,Utilities,0
TXN_001389,USR_0058,2026-02-12 12:59:15,68.3,Tokyo,10.55,DEV_058,Online,Gaming,0
TXN_001390,USR_0031,2026-01-03 05:56:42,29.02,Toronto,8.08,DEV_031,POS,Grocery,0
TXN_001391,USR_0007,2026-01-04 11:32:47,100.88,Toronto,3.65,DEV_007,ATM,Grocery,0
TXN_001392,USR_0019,2026-01-17 12:41:34,61.15,Mumbai,0.76,DEV_019,Wire Transfer,Luxury,0
TXN_001393,USR_0020,2026-01-22 19:00:09,219.64,Paris,1.46,DEV_020,POS,Electronics,0
TXN_001394,USR_0013,2026-02-13 00:00:22,12.79,Berlin,11.87,DEV_013,POS,Grocery,0
TXN_001395,USR_0079,2026-01-21 16:22:16,89.75,Toronto,3.36,DEV_026,POS,Utilities,0
TXN_001396,USR_0077,2026-03-26 17:36:13,29.1,Berlin,12.89,DEV_077,POS,Travel,0
TXN_001397,USR_0061,2026-03-14 09:42:15,50.19,Berlin,1.86,DEV_061,Online,Grocery,0
TXN_001398,USR_0018,2026-03-11 14:09:48,79.1,Tokyo,8.1,DEV_018,POS,Travel,0
TXN_001399,USR_0040,2026-02-21 00:15:00,17.44,New York,1.45,DEV_040,Online,Travel,0
TXN_001400,USR_0025,2026-03-30 15:39:32,56.27,London,3.8,DEV_025,Online,Electronics,0
TXN_001401,USR_0098,2026-03-11 13:03:09,10.87,Tokyo,3.97,DEV_098,Online,Luxury,0
TXN_001402,USR_0013,2026-01-22 23:07:58,72.56,Berlin,6.34,DEV_013,POS,Gaming,0
TXN_001403,USR_0023,2026-01-10 08:44:23,97.98,Toronto,6.63,DEV_023,POS,Gaming,0
TXN_001404,USR_0008,2026-03-05 16:54:28,305.14,New York,1.59,DEV_008,Online,Utilities,0
TXN_001405,USR_0099,2026-01-28 20:30:06,75.35,Mumbai,0.12,DEV_099,POS,Grocery,0
TXN_001406,USR_0100,2026-01-02 10:24:04,22.3,Paris,8.46,DEV_100,ATM,Gaming,0
TXN_001407,USR_0021,2026-03-25 08:10:22,77.55,Berlin,0.18,DEV_021,POS,Gaming,0
TXN_001408,USR_0058,2026-01-27 13:53:17,107.15,Tokyo,1.7,DEV_058,POS,Gaming,0
TXN_001409,USR_0021,2026-03-08 10:05:53,80.25,Berlin,2.27,DEV_113,Online,Utilities,0
TXN_001410,USR_0037,2026-02-14 06:59:02,51.18,Berlin,2.13,DEV_037,Online,Gaming,0
TXN_001411,USR_0043,2026-02-02 01:11:07,27.8,Mumbai,4.86,DEV_043,Online,Gaming,0
TXN_001412,USR_0036,2026-01-13 00:45:35,161.11,Paris,0.06,DEV_036,POS,Grocery,0
TXN_001413,USR_0085,2026-01-23 04:12:34,15.84,Berlin,9.27,DEV_085,POS,Electronics,0
TXN_001414,USR_0042,2026-03-30 09:27:15,31.36,Tokyo,1.6,DEV_042,Online,Gaming,0
TXN_001415,USR_0053,2026-02-05 04:13:26,82.32,Berlin,23.12,DEV_053,POS,Electronics,0
TXN_001416,USR_0062,2026-02-25 07:57:31,14.22,Sydney,4.87,DEV_062,POS,Transfer,0
TXN_001417,USR_0050,2026-02-22 14:05:11,26.75,Tokyo,2.47,DEV_050,ATM,Travel,0
TXN_001418,USR_0070,2026-03-04 02:39:22,18.3,Sydney,12.12,DEV_070,Online,Travel,0
TXN_001419,USR_0053,2026-02-13 14:57:03,28.59,Berlin,2.83,DEV_053,POS,Grocery,0
TXN_001420,USR_0061,2026-02-22 08:11:29,54.22,Berlin,5.96,DEV_061,ATM,Utilities,0
TXN_001421,USR_0029,2026-03-26 18:14:46,113.32,Berlin,4.7,DEV_029,Online,Travel,0
TXN_001422,USR_0095,2026-03-01 19:39:54,82.25,Toronto,0.1,DEV_095,Online,Gaming,0
TXN_001423,USR_0091,2026-03-22 07:01:32,51.81,Mumbai,2.16,DEV_091,POS,Travel,0
TXN_001424,USR_0081,2026-03-09 03:52:23,3171.01,New York,2937.14,DEV_136,Online,Gaming,1
TXN_001425,USR_0008,2026-02-16 14:30:42,47.49,New York,6.49,DEV_008,Online,Utilities,0
TXN_001426,USR_0048,2026-02-10 19:29:33,102.52,New York,7.2,DEV_048,ATM,Transfer,0
TXN_001427,USR_0035,2026-02-05 23:37:50,104.28,Mumbai,0.36,DEV_035,ATM,Transfer,0
TXN_001428,USR_0032,2026-01-26 08:11:05,72.06,New York,0.24,DEV_032,ATM,Electronics,0
TXN_001429,USR_0043,2026-03-20 16:22:41,10.73,Mumbai,3.06,DEV_043,Online,Gaming,0
TXN_001430,USR_0078,2026-01-21 03:33:51,1947.18,Berlin,3296.66,DEV_148,Online,Gaming,1
TXN_001431,USR_0049,2026-03-24 13:54:15,51.69,London,8.11,DEV_049,Online,Luxury,0
TXN_001432,USR_0018,2026-02-07 00:53:54,49.45,Tokyo,2.2,DEV_018,POS,Transfer,0
TXN_001433,USR_0064,2026-03-30 06:47:00,1872.58,Mumbai,3250.98,DEV_003,Online,Gaming,1
TXN_001434,USR_0078,2026-01-15 07:41:33,29.74,Sydney,5.84,DEV_078,POS,Electronics,0
TXN_001435,USR_0008,2026-03-09 16:09:05,137.42,New York,2.58,DEV_008,Online,Gaming,0
TXN_001436,USR_0075,2026-03-31 12:10:59,17.97,Mumbai,2.88,DEV_075,POS,Electronics,0
TXN_001437,USR_0049,2026-03-13 22:30:27,69.17,London,8.03,DEV_103,POS,Utilities,0
TXN_001438,USR_0058,2026-03-21 23:12:54,11.15,Tokyo,1.07,DEV_058,Online,Utilities,0
TXN_001439,USR_0048,2026-01-20 06:00:16,185.66,New York,1.38,DEV_048,ATM,Grocery,0
TXN_001440,USR_0014,2026-01-09 02:34:21,90.02,Sydney,10.14,DEV_014,Online,Utilities,0
TXN_001441,USR_0083,2026-01-05 17:13:29,52.68,Mumbai,0.23,DEV_083,POS,Luxury,0
TXN_001442,USR_0053,2026-02-24 21:23:21,71.55,Berlin,7.75,DEV_053,POS,Gaming,0
TXN_001443,USR_0040,2026-02-09 05:49:44,45.92,Sydney,9.0,DEV_040,Online,Utilities,0
TXN_001444,USR_0073,2026-01-07 03:52:38,32.9,Berlin,7.84,DEV_145,Online,Luxury,0
TXN_001445,USR_0007,2026-01-22 22:18:48,102.19,Toronto,3.78,DEV_007,ATM,Gaming,0
TXN_001446,USR_0006,2026-03-03 22:28:17,68.68,Sydney,4.45,DEV_006,POS,Gaming,0
TXN_001447,USR_0084,2026-03-17 22:31:04,50.58,Paris,8.5,DEV_084,ATM,Gaming,0
TXN_001448,USR_0037,2026-03-02 11:40:47,61.19,Berlin,1.27,DEV_037,ATM,Transfer,0
TXN_001449,USR_0071,2026-01-28 17:11:52,42.47,Toronto,8.75,DEV_071,POS,Gaming,0
TXN_001450,USR_0014,2026-02-23 21:31:47,27.04,Sydney,3.17,DEV_028,Online,Grocery,0
TXN_001451,USR_0028,2026-01-11 09:48:41,84.74,Paris,1.52,DEV_028,POS,Gaming,0
TXN_001452,USR_0067,2026-01-06 20:51:39,46.89,Mumbai,6.07,DEV_067,POS,Utilities,0
TXN_001453,USR_0013,2026-02-08 09:10:19,45.16,Toronto,1.53,DEV_013,POS,Gaming,0
TXN_001454,USR_0091,2026-01-26 10:57:13,196.47,Mumbai,6.42,DEV_091,POS,Luxury,0
TXN_001455,USR_0010,2026-01-08 14:42:19,53.73,Tokyo,0.59,DEV_010,Wire Transfer,Gaming,0
TXN_001456,USR_0015,2026-02-23 07:43:31,38.53,Toronto,0.58,DEV_015,POS,Travel,0
TXN_001457,USR_0043,2026-03-20 17:11:18,135.44,Mumbai,2.4,DEV_043,Online,Gaming,0
TXN_001458,USR_0029,2026-01-17 21:00:38,43.55,Berlin,6.17,DEV_029,POS,Electronics,0
TXN_001459,USR_0062,2026-03-01 20:39:03,65.85,Sydney,16.6,DEV_070,ATM,Electronics,0
TXN_001460,USR_0096,2026-03-27 00:47:46,163.87,New York,3.53,DEV_096,ATM,Gaming,0
TXN_001461,USR_0071,2026-03-15 08:24:41,50.32,Toronto,1.79,DEV_006,ATM,Travel,0
TXN_001462,USR_0055,2026-03-15 13:22:46,50.52,Toronto,7.16,DEV_055,Online,Gaming,0
TXN_001463,USR_0072,2026-01-24 19:49:51,44.75,New York,1.46,DEV_072,ATM,Transfer,0
TXN_001464,USR_0042,2026-01-02 03:31:14,23.55,Tokyo,10.95,DEV_042,POS,Luxury,0
TXN_001465,USR_0039,2026-03-22 14:34:35,20.69,Toronto,5.21,DEV_039,ATM,Gaming,0
TXN_001466,USR_0058,2026-02-06 09:06:37,927.06,London,3751.36,DEV_127,Wire Transfer,Transfer,1
TXN_001467,USR_0036,2026-01-08 21:44:58,51.61,Paris,11.5,DEV_036,ATM,Gaming,0
TXN_001468,USR_0075,2026-03-07 00:25:53,88.41,Mumbai,1.49,DEV_107,Online,Luxury,0
TXN_001469,USR_0013,2026-02-01 16:44:19,38.15,Paris,0.91,DEV_013,ATM,Electronics,0
TXN_001470,USR_0062,2026-02-23 05:30:00,25.94,Sydney,13.21,DEV_062,POS,Travel,0
TXN_001471,USR_0040,2026-02-08 07:39:12,14.38,New York,0.26,DEV_032,POS,Gaming,0
TXN_001472,USR_0016,2026-03-27 15:32:31,167.06,New York,6.29,DEV_016,Online,Gaming,0
TXN_001473,USR_0038,2026-01-26 06:34:03,43.27,Sydney,21.41,DEV_038,POS,Electronics,0
TXN_001474,USR_0074,2026-02-01 06:28:51,31.91,Tokyo,1.45,DEV_074,Wire Transfer,Transfer,0
TXN_001475,USR_0068,2026-03-20 21:07:00,205.09,Paris,33.42,DEV_068,ATM,Transfer,0
TXN_001476,USR_0060,2026-02-06 12:52:10,25.8,Paris,0.22,DEV_060,Wire Transfer,Luxury,0
TXN_001477,USR_0014,2026-02-08 04:27:28,99.63,Sydney,24.3,DEV_014,Online,Luxury,0
TXN_001478,USR_0081,2026-01-30 11:29:06,26.01,London,0.9,DEV_081,Online,Transfer,0
TXN_001479,USR_0025,2026-03-02 02:48:05,94.93,London,1.99,DEV_025,POS,Gaming,0
TXN_001480,USR_0024,2026-01-14 15:19:53,12.99,New York,0.92,DEV_024,Wire Transfer,Transfer,0
TXN_001481,USR_0044,2026-03-07 09:28:02,17.33,Paris,2.12,DEV_044,ATM,Electronics,0
TXN_001482,USR_0056,2026-01-12 23:41:10,24.25,New York,0.08,DEV_056,Online,Transfer,0
TXN_001483,USR_0097,2026-03-24 23:30:00,87.27,London,1.46,DEV_067,Online,Gaming,0
TXN_001484,USR_0018,2026-03-05 14:05:40,23.9,Tokyo,6.84,DEV_018,POS,Gaming,0
TXN_001485,USR_0077,2026-01-20 03:13:21,126.49,Berlin,13.23,DEV_077,POS,Utilities,0
TXN_001486,USR_0083,2026-01-15 10:25:55,21.69,Toronto,0.03,DEV_083,POS,Gaming,0
TXN_001487,USR_0045,2026-03-20 19:46:39,25.79,Berlin,2.55,DEV_045,ATM,Utilities,0
TXN_001488,USR_0066,2026-03-13 05:20:08,15.03,Tokyo,8.48,DEV_066,POS,Luxury,0
TXN_001489,USR_0017,2026-03-21 19:31:29,10.67,Sydney,0.11,DEV_017,Online,Luxury,0
TXN_001490,USR_0008,2026-03-30 07:10:38,18.86,New York,3.94,DEV_008,Online,Grocery,0
TXN_001491,USR_0020,2026-03-05 15:45:03,81.38,Paris,10.23,DEV_020,POS,Gaming,0
TXN_001492,USR_0073,2026-03-31 18:20:28,82.1,London,6.6,DEV_073,POS,Luxury,0
TXN_001493,USR_0002,2026-03-27 15:23:05,108.48,Tokyo,1.72,DEV_002,ATM,Utilities,0
TXN_001494,USR_0063,2026-01-03 21:50:20,13.45,Toronto,0.15,DEV_063,ATM,Travel,0
TXN_001495,USR_0044,2026-03-17 08:45:35,120.19,Paris,1.26,DEV_044,POS,Transfer,0
TXN_001496,USR_0052,2026-01-24 11:57:25,166.17,Paris,1.04,DEV_022,Online,Electronics,0
TXN_001497,USR_0030,2026-01-22 07:24:01,465.19,Sydney,9.13,DEV_030,POS,Utilities,0
TXN_001498,USR_0018,2026-03-09 16:00:12,10.8,Tokyo,4.5,DEV_018,Wire Transfer,Luxury,0
TXN_001499,USR_0084,2026-03-05 04:56:46,34.52,Paris,18.16,DEV_084,ATM,Electronics,0
TXN_001500,USR_0052,2026-02-18 05:49:02,44.0,Paris,4.15,DEV_052,POS,Grocery,0
TXN_001501,USR_0089,2026-01-22 01:17:53,191.23,London,7.79,DEV_023,POS,Transfer,0
TXN_001502,USR_0030,2026-03-17 19:45:29,42.99,Sydney,2.02,DEV_030,ATM,Grocery,0
TXN_001503,USR_0097,2026-02-14 09:04:14,19.69,London,0.64,DEV_135,Online,Grocery,0
TXN_001504,USR_0087,2026-03-12 13:03:28,32.99,Toronto,4.11,DEV_087,Online,Grocery,0
TXN_001505,USR_0055,2026-02-08 15:11:04,32.8,Toronto,0.35,DEV_055,Online,Luxury,0
TXN_001506,USR_0010,2026-03-09 08:25:08,45.12,Tokyo,6.05,DEV_010,POS,Transfer,0
TXN_001507,USR_0030,2026-02-04 21:20:45,70.1,Sydney,1.14,DEV_030,Wire Transfer,Luxury,0
TXN_001508,USR_0048,2026-02-03 11:47:10,130.04,New York,8.66,DEV_132,Online,Transfer,0
TXN_001509,USR_0042,2026-03-02 18:12:14,425.5,London,2436.18,DEV_035,Online,Luxury,1
TXN_001510,USR_0032,2026-03-07 07:34:15,47.69,New York,2.38,DEV_032,POS,Electronics,0
TXN_001511,USR_0026,2026-02-19 10:24:21,23.53,Tokyo,1.51,DEV_026,Online,Luxury,0
TXN_001512,USR_0077,2026-02-26 17:38:21,93.17,Berlin,25.08,DEV_053,ATM,Gaming,0
TXN_001513,USR_0005,2026-01-04 02:25:13,56.5,Berlin,12.26,DEV_005,Online,Gaming,0
TXN_001514,USR_0059,2026-03-03 21:25:19,61.4,Mumbai,2.74,DEV_059,Online,Electronics,0
TXN_001515,USR_0066,2026-01-10 19:07:10,73.34,Tokyo,0.86,DEV_066,ATM,Transfer,0
TXN_001516,USR_0085,2026-03-21 16:09:44,20.67,Berlin,0.55,DEV_085,POS,Travel,0
TXN_001517,USR_0070,2026-03-04 22:53:54,106.88,Sydney,14.67,DEV_070,Wire Transfer,Transfer,0
TXN_001518,USR_0007,2026-02-06 16:44:23,289.04,Mumbai,3.99,DEV_007,Online,Transfer,0
TXN_001519,USR_0065,2026-01-13 00:32:14,17.32,London,0.68,DEV_065,POS,Transfer,0
TXN_001520,USR_0043,2026-02-20 07:00:37,26.55,Mumbai,10.36,DEV_043,Online,Transfer,0
TXN_001521,USR_0002,2026-01-25 23:09:01,89.45,Tokyo,5.63,DEV_002,POS,Utilities,0
TXN_001522,USR_0066,2026-02-05 19:09:19,87.37,Tokyo,1.46,DEV_015,Online,Utilities,0
TXN_001523,USR_0048,2026-03-14 11:57:14,133.79,New York,4.07,DEV_048,Online,Luxury,0
TXN_001524,USR_0043,2026-02-04 13:29:49,16.53,Mumbai,2.52,DEV_043,Online,Travel,0
TXN_001525,USR_0040,2026-03-26 01:12:49,159.11,New York,6.48,DEV_040,POS,Gaming,0
TXN_001526,USR_0026,2026-03-26 13:20:26,207.79,Tokyo,7.88,DEV_026,ATM,Electronics,0
TXN_001527,USR_0043,2026-03-07 10:03:55,63.59,Mumbai,5.07,DEV_086,Online,Luxury,0
TXN_001528,USR_0009,2026-01-01 18:33:06,93.67,London,5.42,DEV_009,Online,Grocery,0
TXN_001529,USR_0007,2026-02-21 19:22:56,25.41,Toronto,0.39,DEV_007,POS,Electronics,0
TXN_001530,USR_0053,2026-01-22 00:49:49,75.37,Berlin,7.4,DEV_053,ATM,Transfer,0
TXN_001531,USR_0025,2026-01-03 14:07:06,98.25,London,5.39,DEV_025,Wire Transfer,Electronics,0
TXN_001532,USR_0051,2026-03-12 01:13:50,102.47,Mumbai,1.76,DEV_051,Online,Travel,0
TXN_001533,USR_0100,2026-01-04 05:20:29,362.83,Paris,0.4,DEV_100,POS,Luxury,0
TXN_001534,USR_0075,2026-02-06 04:50:13,20.89,Mumbai,2.03,DEV_075,POS,Luxury,0
TXN_001535,USR_0053,2026-01-31 20:42:31,74.92,Berlin,1.91,DEV_053,ATM,Luxury,0
TXN_001536,USR_0062,2026-01-23 07:39:07,17.04,Sydney,9.56,DEV_062,POS,Transfer,0
TXN_001537,USR_0021,2026-02-26 00:41:36,21.04,Berlin,15.79,DEV_021,POS,Transfer,0
TXN_001538,USR_0007,2026-03-07 01:31:50,115.68,Toronto,1.21,DEV_007,POS,Utilities,0
TXN_001539,USR_0010,2026-02-04 09:16:33,61.51,Tokyo,1.31,DEV_010,ATM,Transfer,0
TXN_001540,USR_0089,2026-03-08 02:00:05,39.52,Toronto,10.58,DEV_089,Online,Gaming,0
TXN_001541,USR_0090,2026-01-04 00:12:46,117.81,Tokyo,4.03,DEV_090,POS,Transfer,0
TXN_001542,USR_0049,2026-02-11 06:10:10,88.88,London,4.76,DEV_049,POS,Electronics,0
TXN_001543,USR_0006,2026-03-31 18:34:24,228.65,Sydney,9.55,DEV_006,POS,Transfer,0
TXN_001544,USR_0090,2026-02-05 22:21:30,112.22,Tokyo,0.7,DEV_087,ATM,Electronics,0
TXN_001545,USR_0063,2026-01-14 03:26:23,92.34,Toronto,1.54,DEV_063,ATM,Electronics,0
TXN_001546,USR_0061,2026-02-09 06:04:29,84.57,Berlin,0.54,DEV_089,POS,Grocery,0
TXN_001547,USR_0062,2026-01-09 11:59:51,53.2,New York,2.04,DEV_062,Online,Transfer,0
TXN_001548,USR_0089,2026-01-02 10:09:54,25.5,London,3.2,DEV_089,ATM,Grocery,0
TXN_001549,USR_0066,2026-03-31 16:22:31,3698.14,New York,656.31,DEV_105,Online,Transfer,1
TXN_001550,USR_0056,2026-01-14 00:55:28,25.27,New York,17.55,DEV_056,POS,Transfer,0
TXN_001551,USR_0030,2026-01-31 12:30:23,35.32,Sydney,4.24,DEV_030,Wire Transfer,Grocery,0
TXN_001552,USR_0079,2026-03-25 02:41:13,97.67,London,2.96,DEV_079,POS,Utilities,0
TXN_001553,USR_0086,2026-03-21 20:27:05,182.86,Sydney,6.14,DEV_086,POS,Grocery,0
TXN_001554,USR_0075,2026-03-21 19:50:15,53.49,Mumbai,22.96,DEV_075,Online,Gaming,0
TXN_001555,USR_0064,2026-01-17 22:31:37,36.91,New York,2.39,DEV_064,POS,Electronics,0
TXN_001556,USR_0067,2026-03-12 00:27:35,53.9,Toronto,4.57,DEV_067,Online,Utilities,0
TXN_001557,USR_0015,2026-02-03 03:58:50,304.21,Toronto,10.98,DEV_015,POS,Electronics,0
TXN_001558,USR_0008,2026-03-31 04:39:49,38.12,New York,1.88,DEV_008,POS,Transfer,0
TXN_001559,USR_0074,2026-01-25 11:22:44,155.87,Tokyo,16.92,DEV_087,Online,Gaming,0
TXN_001560,USR_0064,2026-01-25 20:21:49,88.39,New York,5.32,DEV_064,ATM,Gaming,0
TXN_001561,USR_0097,2026-02-09 20:41:42,125.5,London,2.63,DEV_097,Wire Transfer,Transfer,0
TXN_001562,USR_0087,2026-03-09 12:32:18,140.02,Toronto,0.35,DEV_101,Online,Grocery,0
TXN_001563,USR_0011,2026-03-12 02:13:52,61.48,Mumbai,15.51,DEV_011,POS,Electronics,0
TXN_001564,USR_0008,2026-01-04 16:56:57,36.75,Toronto,5.01,DEV_008,Online,Grocery,0
TXN_001565,USR_0063,2026-02-21 22:59:51,133.09,Toronto,15.13,DEV_063,ATM,Electronics,0
TXN_001566,USR_0062,2026-02-26 06:13:07,58.7,Sydney,11.56,DEV_062,POS,Utilities,0
TXN_001567,USR_0066,2026-02-21 01:35:19,11.03,Tokyo,8.69,DEV_066,POS,Luxury,0
TXN_001568,USR_0043,2026-02-10 13:01:36,143.25,Mumbai,8.79,DEV_043,Online,Travel,0
TXN_001569,USR_0014,2026-02-24 05:37:51,58.81,Sydney,2.65,DEV_014,Online,Luxury,0
TXN_001570,USR_0042,2026-01-23 21:25:24,18.34,Tokyo,0.66,DEV_042,Online,Gaming,0
TXN_001571,USR_0082,2026-02-10 16:29:36,17.74,Tokyo,4.26,DEV_082,Wire Transfer,Transfer,0
TXN_001572,USR_0005,2026-01-03 21:06:32,30.02,Berlin,4.23,DEV_005,POS,Utilities,0
TXN_001573,USR_0011,2026-03-12 01:34:15,13.27,Mumbai,10.88,DEV_011,Wire Transfer,Travel,0
TXN_001574,USR_0044,2026-03-22 03:20:07,33.55,Paris,1.54,DEV_044,Online,Travel,0
TXN_001575,USR_0016,2026-02-12 21:29:12,1250.8,Toronto,4991.87,DEV_020,Wire Transfer,Electronics,1
TXN_001576,USR_0079,2026-02-25 14:43:49,2437.01,Mumbai,1642.53,DEV_126,Online,Transfer,1
TXN_001577,USR_0062,2026-02-21 16:31:45,238.07,Sydney,13.06,DEV_062,POS,Travel,0
TXN_001578,USR_0070,2026-02-21 00:19:37,19.55,Sydney,4.01,DEV_070,POS,Transfer,0
TXN_001579,USR_0095,2026-01-12 13:50:09,61.33,Toronto,2.56,DEV_143,POS,Travel,0
TXN_001580,USR_0022,2026-02-08 05:09:37,14.35,Sydney,6.71,DEV_022,Online,Grocery,0
TXN_001581,USR_0069,2026-02-27 17:59:29,25.08,Berlin,2.05,DEV_050,Online,Grocery,0
TXN_001582,USR_0053,2026-02-20 13:15:57,129.15,Toronto,8.22,DEV_053,POS,Travel,0
TXN_001583,USR_0094,2026-03-08 17:25:02,28.74,Sydney,0.42,DEV_094,Online,Luxury,0
TXN_001584,USR_0053,2026-02-21 12:57:34,46.84,Berlin,3.16,DEV_053,POS,Utilities,0
TXN_001585,USR_0061,2026-01-21 12:58:22,157.26,Berlin,1.59,DEV_061,Wire Transfer,Transfer,0
TXN_001586,USR_0047,2026-03-10 12:14:21,23.85,Toronto,5.3,DEV_047,Online,Transfer,0
TXN_001587,USR_0045,2026-03-07 20:45:02,153.02,Berlin,5.48,DEV_045,Online,Electronics,0
TXN_001588,USR_0037,2026-01-23 23:02:36,84.04,Berlin,5.15,DEV_037,Online,Luxury,0
TXN_001589,USR_0061,2026-03-15 13:32:03,59.22,Berlin,5.74,DEV_061,POS,Electronics,0
TXN_001590,USR_0038,2026-02-02 19:45:00,82.6,Sydney,7.67,DEV_038,Online,Grocery,0
TXN_001591,USR_0015,2026-01-01 04:57:09,232.36,Toronto,8.34,DEV_095,Online,Luxury,0
TXN_001592,USR_0045,2026-02-20 22:28:28,41.9,Berlin,0.53,DEV_045,POS,Gaming,0
TXN_001593,USR_0054,2026-03-23 20:43:46,75.43,Sydney,5.77,DEV_054,Online,Luxury,0
TXN_001594,USR_0042,2026-01-13 11:16:46,46.06,Toronto,0.39,DEV_042,POS,Gaming,0
TXN_001595,USR_0033,2026-01-02 14:15:19,65.73,London,2.43,DEV_033,POS,Grocery,0
TXN_001596,USR_0097,2026-01-13 15:09:07,153.72,Toronto,1.57,DEV_097,POS,Grocery,0
TXN_001597,USR_0029,2026-01-27 19:06:15,19.46,Berlin,0.85,DEV_029,ATM,Gaming,0
TXN_001598,USR_0056,2026-01-27 11:30:42,16.6,New York,0.2,DEV_056,Online,Luxury,0
TXN_001599,USR_0072,2026-03-27 11:41:29,479.62,Paris,2782.03,DEV_037,Wire Transfer,Gaming,1
TXN_001600,USR_0095,2026-02-14 15:26:16,44.51,Toronto,6.86,DEV_095,POS,Transfer,0
TXN_001601,USR_0014,2026-03-23 20:32:48,84.9,Sydney,0.45,DEV_014,POS,Gaming,0
TXN_001602,USR_0057,2026-02-10 04:09:26,49.46,London,1.72,DEV_057,Online,Electronics,0
TXN_001603,USR_0052,2026-02-17 14:11:45,70.1,Paris,5.53,DEV_052,Online,Transfer,0
TXN_001604,USR_0043,2026-02-01 11:44:48,52.99,Mumbai,1.23,DEV_043,Online,Gaming,0
TXN_001605,USR_0002,2026-03-03 23:13:15,20.61,Tokyo,10.73,DEV_002,Online,Travel,0
TXN_001606,USR_0071,2026-02-19 05:41:34,57.88,Toronto,12.72,DEV_071,POS,Gaming,0
TXN_001607,USR_0044,2026-03-25 18:20:34,293.87,Paris,4.1,DEV_143,Online,Gaming,0
TXN_001608,USR_0072,2026-01-18 19:57:45,95.81,New York,0.58,DEV_018,POS,Luxury,0
TXN_001609,USR_0050,2026-03-27 08:08:34,49.69,Tokyo,1.99,DEV_050,POS,Travel,0
TXN_001610,USR_0093,2026-02-19 07:06:17,107.97,Berlin,0.29,DEV_025,POS,Transfer,0
TXN_001611,USR_0004,2026-03-02 03:41:31,87.88,Paris,13.03,DEV_004,POS,Electronics,0
TXN_001612,USR_0088,2026-02-19 19:43:06,63.31,New York,5.77,DEV_088,POS,Travel,0
TXN_001613,USR_0085,2026-03-06 16:11:14,10.37,Berlin,0.15,DEV_085,Online,Utilities,0
TXN_001614,USR_0042,2026-02-06 20:26:05,100.11,Tokyo,0.97,DEV_111,ATM,Luxury,0
TXN_001615,USR_0069,2026-01-21 05:30:44,82.26,Berlin,5.54,DEV_069,Online,Gaming,0
TXN_001616,USR_0051,2026-03-30 00:53:56,71.75,Mumbai,7.17,DEV_051,ATM,Grocery,0
TXN_001617,USR_0098,2026-02-05 13:01:30,71.42,Tokyo,0.98,DEV_098,POS,Utilities,0
TXN_001618,USR_0069,2026-02-11 10:53:17,52.67,Berlin,5.7,DEV_149,POS,Travel,0
TXN_001619,USR_0017,2026-02-24 14:44:02,46.55,London,5.87,DEV_017,Online,Utilities,0
TXN_001620,USR_0069,2026-02-19 22:17:42,207.95,Berlin,8.68,DEV_069,POS,Grocery,0
TXN_001621,USR_0097,2026-03-11 21:04:39,98.62,London,7.24,DEV_097,ATM,Luxury,0
TXN_001622,USR_0054,2026-01-13 19:33:46,32.02,Sydney,4.49,DEV_037,Wire Transfer,Travel,0
TXN_001623,USR_0005,2026-01-01 02:15:09,46.19,Berlin,3.59,DEV_005,Online,Gaming,0
TXN_001624,USR_0044,2026-03-22 10:23:36,34.89,Paris,0.81,DEV_044,Online,Gaming,0
TXN_001625,USR_0083,2026-01-13 19:56:37,45.85,Mumbai,4.07,DEV_083,Wire Transfer,Transfer,0
TXN_001626,USR_0060,2026-03-15 06:26:05,65.11,Paris,3.03,DEV_060,Online,Grocery,0
TXN_001627,USR_0007,2026-03-04 12:23:16,60.14,Toronto,3.39,DEV_007,Online,Luxury,0
TXN_001628,USR_0063,2026-02-28 23:13:09,114.72,Toronto,4.9,DEV_063,Online,Transfer,0
TXN_001629,USR_0053,2026-01-16 08:14:42,134.68,Berlin,2.55,DEV_053,ATM,Luxury,0
TXN_001630,USR_0027,2026-02-26 02:00:40,22.21,Mumbai,16.84,DEV_027,ATM,Grocery,0
TXN_001631,USR_0015,2026-01-09 22:02:25,55.26,Toronto,10.07,DEV_015,Online,Travel,0
TXN_001632,USR_0074,2026-01-07 10:35:52,209.66,Tokyo,7.65,DEV_074,Online,Utilities,0
TXN_001633,USR_0092,2026-03-16 21:17:46,54.25,Paris,10.36,DEV_037,Online,Utilities,0
TXN_001634,USR_0079,2026-01-08 06:42:17,139.62,Toronto,4.53,DEV_079,POS,Utilities,0
TXN_001635,USR_0052,2026-01-01 15:35:52,32.48,Paris,2.57,DEV_052,ATM,Travel,0
TXN_001636,USR_0019,2026-02-15 17:33:30,55.9,Mumbai,10.24,DEV_019,ATM,Travel,0
TXN_001637,USR_0044,2026-02-17 00:20:03,10.78,Paris,0.67,DEV_044,ATM,Travel,0
TXN_001638,USR_0095,2026-01-30 18:59:39,79.73,Toronto,6.32,DEV_125,ATM,Grocery,0
TXN_001639,USR_0047,2026-01-11 00:46:03,2091.14,New York,1473.64,DEV_051,Online,Gaming,1
TXN_001640,USR_0077,2026-03-30 15:02:31,48.2,Berlin,9.47,DEV_077,POS,Electronics,0
TXN_001641,USR_0079,2026-01-31 01:11:19,64.82,Toronto,3.82,DEV_079,Online,Transfer,0
TXN_001642,USR_0018,2026-02-20 20:56:51,27.59,Tokyo,2.78,DEV_018,Online,Grocery,0
TXN_001643,USR_0022,2026-02-17 18:26:36,35.37,Sydney,20.16,DEV_004,Online,Utilities,0
TXN_001644,USR_0031,2026-01-08 05:12:01,14.39,Toronto,2.93,DEV_057,POS,Gaming,0
TXN_001645,USR_0035,2026-01-25 08:09:45,126.08,Mumbai,0.59,DEV_035,Online,Electronics,0
TXN_001646,USR_0004,2026-03-19 13:18:27,12.87,Mumbai,18.31,DEV_004,Online,Utilities,0
TXN_001647,USR_0058,2026-01-04 13:21:51,72.49,Tokyo,26.2,DEV_058,ATM,Utilities,0
TXN_001648,USR_0013,2026-02-19 12:45:31,76.18,Berlin,9.39,DEV_013,Wire Transfer,Utilities,0
TXN_001649,USR_0031,2026-03-23 11:38:49,63.36,Toronto,4.99,DEV_031,Online,Electronics,0
TXN_001650,USR_0034,2026-03-02 23:08:06,33.64,Tokyo,2.23,DEV_095,Online,Luxury,0
TXN_001651,USR_0052,2026-03-28 21:01:05,124.3,Paris,2.79,DEV_052,ATM,Transfer,0
TXN_001652,USR_0076,2026-01-10 05:25:18,126.89,Paris,0.81,DEV_076,ATM,Luxury,0
TXN_001653,USR_0067,2026-02-24 10:25:57,40.16,Mumbai,6.1,DEV_067,POS,Utilities,0
TXN_001654,USR_0048,2026-03-28 16:21:45,24.04,New York,18.24,DEV_048,POS,Luxury,0
TXN_001655,USR_0031,2026-02-01 11:29:31,30.34,Toronto,3.77,DEV_031,Online,Transfer,0
TXN_001656,USR_0031,2026-01-31 17:38:54,78.9,Toronto,9.14,DEV_031,Online,Gaming,0
TXN_001657,USR_0015,2026-01-02 20:45:01,10.27,Toronto,2.1,DEV_015,POS,Gaming,0
TXN_001658,USR_0078,2026-01-31 20:47:09,138.97,Sydney,8.3,DEV_078,Online,Transfer,0
TXN_001659,USR_0067,2026-01-29 15:10:36,33.32,Mumbai,1.12,DEV_067,POS,Travel,0
TXN_001660,USR_0035,2026-03-11 10:30:10,22.4,Mumbai,1.26,DEV_024,POS,Electronics,0
TXN_001661,USR_0013,2026-01-25 12:09:07,60.82,Berlin,15.95,DEV_013,Online,Electronics,0
TXN_001662,USR_0079,2026-02-22 01:05:12,39.19,Toronto,0.94,DEV_079,ATM,Transfer,0
TXN_001663,USR_0064,2026-02-11 13:02:17,11.79,New York,1.53,DEV_064,Online,Luxury,0
TXN_001664,USR_0072,2026-01-29 14:48:32,211.09,New York,5.96,DEV_072,Online,Travel,0
TXN_001665,USR_0048,2026-01-13 11:26:40,120.2,New York,1.79,DEV_054,Online,Electronics,0
TXN_001666,USR_0006,2026-03-14 04:20:07,76.91,Sydney,6.08,DEV_006,Online,Grocery,0
TXN_001667,USR_0064,2026-01-25 07:29:48,165.06,New York,0.3,DEV_064,POS,Transfer,0
TXN_001668,USR_0024,2026-03-02 15:48:08,96.13,New York,7.08,DEV_024,POS,Utilities,0
TXN_001669,USR_0062,2026-02-20 02:46:45,141.6,Sydney,13.25,DEV_003,Online,Utilities,0
TXN_001670,USR_0047,2026-03-10 06:56:13,39.4,Toronto,0.38,DEV_047,ATM,Gaming,0
TXN_001671,USR_0015,2026-01-18 03:22:09,98.21,Toronto,2.2,DEV_001,POS,Travel,0
TXN_001672,USR_0019,2026-02-26 04:33:55,78.26,Tokyo,11.74,DEV_019,Online,Gaming,0
TXN_001673,USR_0010,2026-02-17 23:43:01,25.3,Tokyo,1.11,DEV_010,POS,Transfer,0
TXN_001674,USR_0072,2026-03-10 21:28:41,157.88,New York,2.89,DEV_072,POS,Gaming,0
TXN_001675,USR_0018,2026-02-16 14:54:14,70.08,Tokyo,0.79,DEV_018,POS,Grocery,0
TXN_001676,USR_0017,2026-01-14 16:38:52,96.11,London,13.9,DEV_126,POS,Transfer,0
TXN_001677,USR_0054,2026-03-31 19:41:48,66.51,Sydney,3.31,DEV_054,Online,Travel,0
TXN_001678,USR_0082,2026-01-27 11:40:21,127.52,Tokyo,0.24,DEV_009,POS,Luxury,0
TXN_001679,USR_0051,2026-01-14 08:03:19,32.06,Mumbai,1.43,DEV_051,POS,Utilities,0
TXN_001680,USR_0030,2026-02-06 21:00:13,35.72,Sydney,0.95,DEV_030,Online,Electronics,0
TXN_001681,USR_0050,2026-03-14 22:43:47,160.63,Tokyo,0.96,DEV_050,POS,Gaming,0
TXN_001682,USR_0078,2026-03-09 18:16:12,147.31,Sydney,2.59,DEV_078,POS,Luxury,0
TXN_001683,USR_0090,2026-03-20 17:47:37,167.67,Tokyo,2.39,DEV_090,POS,Grocery,0
TXN_001684,USR_0056,2026-01-13 22:58:45,127.26,New York,4.78,DEV_056,ATM,Luxury,0
TXN_001685,USR_0062,2026-02-19 22:21:23,83.83,Sydney,6.88,DEV_062,Online,Luxury,0
TXN_001686,USR_0002,2026-02-25 11:31:20,152.06,Tokyo,4.18,DEV_002,POS,Transfer,0
TXN_001687,USR_0058,2026-02-16 01:41:55,65.08,Tokyo,1.41,DEV_058,POS,Transfer,0
TXN_001688,USR_0071,2026-03-16 07:21:54,139.22,Toronto,2.7,DEV_071,Online,Electronics,0
TXN_001689,USR_0006,2026-02-24 01:24:20,41.52,Sydney,0.28,DEV_006,ATM,Transfer,0
TXN_001690,USR_0019,2026-01-18 21:36:33,46.62,Mumbai,3.48,DEV_019,ATM,Gaming,0
TXN_001691,USR_0081,2026-02-10 05:52:30,83.3,London,1.31,DEV_081,Online,Electronics,0
TXN_001692,USR_0045,2026-02-04 17:00:11,12.12,Berlin,11.31,DEV_045,Online,Transfer,0
TXN_001693,USR_0093,2026-01-05 18:45:13,11.15,Berlin,4.83,DEV_093,ATM,Electronics,0
TXN_001694,USR_0070,2026-03-23 13:21:32,36.59,Sydney,3.77,DEV_017,Online,Gaming,0
TXN_001695,USR_0060,2026-03-20 02:37:35,79.31,Paris,6.62,DEV_060,POS,Gaming,0
TXN_001696,USR_0076,2026-02-11 09:08:34,105.65,Paris,2.32,DEV_076,Online,Gaming,0
TXN_001697,USR_0004,2026-03-08 03:33:55,30.15,Paris,2.11,DEV_004,Online,Grocery,0
TXN_001698,USR_0085,2026-01-28 21:22:33,12.46,Berlin,0.76,DEV_085,Online,Luxury,0
TXN_001699,USR_0069,2026-01-05 06:40:25,34.33,Berlin,1.68,DEV_069,POS,Electronics,0
TXN_001700,USR_0010,2026-02-09 08:49:16,24.91,Tokyo,5.79,DEV_010,ATM,Transfer,0
TXN_001701,USR_0085,2026-02-05 04:29:09,41.92,Berlin,3.38,DEV_085,Online,Electronics,0
TXN_001702,USR_0042,2026-01-03 00:49:08,101.4,Tokyo,1.29,DEV_042,POS,Electronics,0
TXN_001703,USR_0026,2026-02-14 11:29:56,10.24,Tokyo,1.46,DEV_026,Online,Utilities,0
TXN_001704,USR_0011,2026-02-13 09:49:19,32.45,Berlin,4.52,DEV_011,POS,Travel,0
TXN_001705,USR_0024,2026-02-21 21:52:16,48.34,New York,0.27,DEV_024,POS,Travel,0
TXN_001706,USR_0025,2026-01-14 22:25:13,11.76,London,0.48,DEV_025,ATM,Travel,0
TXN_001707,USR_0048,2026-01-08 01:48:02,16.4,New York,7.59,DEV_048,POS,Utilities,0
TXN_001708,USR_0064,2026-01-05 20:36:34,48.17,New York,5.42,DEV_064,Online,Grocery,0
TXN_001709,USR_0076,2026-03-18 03:44:05,40.12,Paris,6.17,DEV_076,Online,Gaming,0
TXN_001710,USR_0032,2026-03-19 14:08:45,62.16,New York,7.96,DEV_032,POS,Luxury,0
TXN_001711,USR_0091,2026-03-15 14:46:04,25.04,Mumbai,3.55,DEV_091,Wire Transfer,Gaming,0
TXN_001712,USR_0064,2026-01-04 02:19:47,28.13,New York,0.69,DEV_064,ATM,Electronics,0
TXN_001713,USR_0100,2026-02-09 09:19:14,34.85,Paris,23.64,DEV_042,Wire Transfer,Utilities,0
TXN_001714,USR_0005,2026-03-17 16:29:04,114.6,Berlin,8.99,DEV_005,ATM,Electronics,0
TXN_001715,USR_0001,2026-03-19 18:26:00,83.77,London,4.37,DEV_001,Online,Transfer,0
TXN_001716,USR_0017,2026-02-21 04:32:27,25.85,London,8.12,DEV_017,POS,Gaming,0
TXN_001717,USR_0028,2026-02-24 10:59:03,67.03,Paris,6.7,DEV_028,ATM,Grocery,0
TXN_001718,USR_0082,2026-03-31 10:20:54,209.1,Tokyo,9.5,DEV_027,Online,Travel,0
TXN_001719,USR_0060,2026-03-12 15:27:54,16.82,Paris,26.67,DEV_060,ATM,Utilities,0
TXN_001720,USR_0098,2026-01-25 05:40:35,32.76,Tokyo,0.11,DEV_098,Online,Travel,0
TXN_001721,USR_0038,2026-02-02 11:59:39,243.78,Sydney,0.3,DEV_006,POS,Gaming,0
TXN_001722,USR_0093,2026-03-11 18:44:10,76.35,Berlin,4.22,DEV_093,Online,Grocery,0
TXN_001723,USR_0015,2026-01-16 10:07:40,84.83,Toronto,1.3,DEV_015,ATM,Luxury,0
TXN_001724,USR_0050,2026-02-07 01:43:48,59.56,Tokyo,8.76,DEV_050,Online,Travel,0
TXN_001725,USR_0049,2026-03-07 17:33:46,67.75,London,10.35,DEV_049,POS,Gaming,0
TXN_001726,USR_0047,2026-03-31 11:02:13,11.44,Toronto,13.75,DEV_047,POS,Electronics,0
TXN_001727,USR_0090,2026-03-02 06:34:04,56.73,Tokyo,3.23,DEV_090,POS,Gaming,0
TXN_001728,USR_0062,2026-01-23 04:45:53,54.96,Sydney,5.61,DEV_109,POS,Gaming,0
TXN_001729,USR_0029,2026-02-04 21:57:15,24.65,Berlin,0.37,DEV_029,POS,Utilities,0
TXN_001730,USR_0042,2026-02-17 09:20:09,48.13,Tokyo,1.68,DEV_042,Online,Travel,0
TXN_001731,USR_0009,2026-01-08 01:10:26,114.03,London,4.78,DEV_009,Online,Luxury,0
TXN_001732,USR_0026,2026-03-09 05:41:21,133.1,Tokyo,9.28,DEV_026,Online,Transfer,0
TXN_001733,USR_0072,2026-03-10 18:40:25,48.69,New York,2.26,DEV_072,POS,Travel,0
TXN_001734,USR_0070,2026-01-30 04:58:37,26.69,Sydney,0.69,DEV_070,POS,Luxury,0
TXN_001735,USR_0070,2026-01-06 21:16:06,30.11,Sydney,11.05,DEV_070,ATM,Luxury,0
TXN_001736,USR_0047,2026-01-09 17:18:43,34.26,Toronto,1.29,DEV_047,ATM,Luxury,0
TXN_001737,USR_0082,2026-02-02 06:04:15,99.62,Tokyo,1.25,DEV_082,Wire Transfer,Travel,0
TXN_001738,USR_0037,2026-02-20 15:41:03,74.85,Berlin,0.52,DEV_037,Online,Grocery,0
TXN_001739,USR_0042,2026-01-21 16:43:24,19.47,Tokyo,2.69,DEV_042,POS,Travel,0
TXN_001740,USR_0037,2026-01-19 08:40:44,16.48,Berlin,1.92,DEV_037,POS,Luxury,0
TXN_001741,USR_0082,2026-02-25 02:07:29,28.6,Tokyo,1.34,DEV_082,Online,Grocery,0
TXN_001742,USR_0051,2026-01-18 13:56:31,121.2,Mumbai,7.45,DEV_089,POS,Utilities,0
TXN_001743,USR_0031,2026-02-02 07:18:28,11.77,Toronto,6.15,DEV_031,ATM,Luxury,0
TXN_001744,USR_0012,2026-01-02 12:08:32,190.41,Paris,2.6,DEV_012,POS,Luxury,0
TXN_001745,USR_0024,2026-03-22 09:51:49,105.12,New York,2.79,DEV_024,ATM,Transfer,0
TXN_001746,USR_0059,2026-02-26 04:02:56,28.95,Mumbai,4.96,DEV_059,ATM,Electronics,0
TXN_001747,USR_0014,2026-02-24 22:34:25,156.29,Sydney,0.06,DEV_014,POS,Electronics,0
TXN_001748,USR_0031,2026-03-12 02:00:45,46.77,Toronto,3.75,DEV_031,POS,Luxury,0
TXN_001749,USR_0094,2026-01-08 03:24:24,29.07,Sydney,1.5,DEV_094,Online,Utilities,0
TXN_001750,USR_0036,2026-02-23 17:40:24,196.17,London,1.19,DEV_036,Online,Utilities,0
TXN_001751,USR_0028,2026-03-18 18:09:39,19.57,Paris,5.82,DEV_028,POS,Luxury,0
TXN_001752,USR_0089,2026-01-23 15:58:23,96.94,London,0.69,DEV_089,Online,Luxury,0
TXN_001753,USR_0071,2026-01-08 17:08:15,18.68,Toronto,0.73,DEV_071,POS,Luxury,0
TXN_001754,USR_0074,2026-03-09 20:28:40,31.87,Tokyo,10.18,DEV_074,POS,Luxury,0
TXN_001755,USR_0043,2026-02-22 13:08:20,33.72,Mumbai,10.81,DEV_043,POS,Electronics,0
TXN_001756,USR_0059,2026-02-12 12:25:47,35.3,Mumbai,4.21,DEV_059,POS,Transfer,0
TXN_001757,USR_0053,2026-01-22 04:01:04,29.92,Berlin,1.65,DEV_006,POS,Travel,0
TXN_001758,USR_0008,2026-03-19 04:52:20,20.38,Mumbai,3.04,DEV_008,POS,Grocery,0
TXN_001759,USR_0062,2026-02-27 17:20:26,156.75,Tokyo,7.15,DEV_146,Online,Gaming,0
TXN_001760,USR_0093,2026-02-26 01:36:58,92.83,Berlin,6.05,DEV_093,POS,Luxury,0
TXN_001761,USR_0040,2026-02-22 04:54:25,132.77,New York,0.75,DEV_040,POS,Transfer,0
TXN_001762,USR_0038,2026-02-03 10:48:48,178.65,Sydney,2.96,DEV_113,POS,Transfer,0
TXN_001763,USR_0010,2026-03-28 03:28:37,12.58,Tokyo,0.18,DEV_010,Online,Grocery,0
TXN_001764,USR_0039,2026-02-26 03:47:13,72.26,Toronto,1.01,DEV_039,POS,Electronics,0
TXN_001765,USR_0077,2026-01-17 23:46:02,203.18,Berlin,2.21,DEV_077,Online,Travel,0
TXN_001766,USR_0072,2026-02-04 08:45:37,158.82,New York,30.37,DEV_072,POS,Transfer,0
TXN_001767,USR_0072,2026-01-12 21:41:52,97.95,New York,2.04,DEV_072,Online,Gaming,0
TXN_001768,USR_0025,2026-01-07 08:12:09,2159.61,Paris,3669.09,DEV_143,ATM,Gaming,1
TXN_001769,USR_0091,2026-03-21 09:07:16,24.85,Mumbai,3.94,DEV_091,POS,Electronics,0
TXN_001770,USR_0086,2026-02-17 20:07:10,10.6,Sydney,1.12,DEV_086,Online,Travel,0
TXN_001771,USR_0034,2026-03-16 15:57:10,10.63,Tokyo,1.67,DEV_003,Online,Utilities,0
TXN_001772,USR_0051,2026-01-15 10:52:36,45.9,Mumbai,12.37,DEV_051,POS,Utilities,0
TXN_001773,USR_0059,2026-03-13 08:58:42,53.38,Mumbai,7.81,DEV_059,POS,Grocery,0
TXN_001774,USR_0076,2026-02-26 18:20:18,184.38,Paris,6.68,DEV_076,Online,Travel,0
TXN_001775,USR_0078,2026-01-05 01:08:26,4436.29,Berlin,916.46,DEV_102,Online,Luxury,1
TXN_001776,USR_0061,2026-01-14 07:03:46,67.25,Berlin,2.14,DEV_067,POS,Electronics,0
TXN_001777,USR_0003,2026-01-21 03:06:44,152.41,Mumbai,1.4,DEV_003,Online,Luxury,0
TXN_001778,USR_0046,2026-01-27 16:18:49,1115.74,London,2274.09,DEV_123,Online,Gaming,1
TXN_001779,USR_0067,2026-01-20 23:08:51,23.83,Toronto,12.11,DEV_067,Online,Grocery,0
TXN_001780,USR_0033,2026-01-19 07:55:50,132.11,London,3.39,DEV_033,Wire Transfer,Utilities,0
TXN_001781,USR_0050,2026-02-05 17:19:55,51.72,Tokyo,7.04,DEV_050,Online,Grocery,0
TXN_001782,USR_0054,2026-01-25 20:43:11,22.89,Sydney,2.13,DEV_111,Online,Grocery,0
TXN_001783,USR_0099,2026-01-13 10:38:11,63.81,Mumbai,1.04,DEV_099,Online,Electronics,0
TXN_001784,USR_0044,2026-03-31 23:30:03,65.62,Paris,0.58,DEV_088,POS,Travel,0
TXN_001785,USR_0040,2026-03-04 01:12:11,58.42,New York,6.05,DEV_040,POS,Transfer,0
TXN_001786,USR_0002,2026-03-09 00:43:47,37.39,London,6.45,DEV_002,ATM,Utilities,0
TXN_001787,USR_0021,2026-03-07 16:46:51,45.63,Berlin,0.56,DEV_045,Online,Transfer,0
TXN_001788,USR_0011,2026-03-20 20:59:40,19.89,Mumbai,0.67,DEV_011,Online,Gaming,0
TXN_001789,USR_0040,2026-02-24 15:46:33,25.84,New York,3.41,DEV_040,Online,Grocery,0
TXN_001790,USR_0072,2026-02-25 18:28:49,34.01,Berlin,1.89,DEV_072,ATM,Gaming,0
TXN_001791,USR_0082,2026-01-19 21:47:49,51.17,Tokyo,3.58,DEV_082,Online,Electronics,0
TXN_001792,USR_0056,2026-01-20 02:20:24,10.64,New York,1.42,DEV_056,Online,Grocery,0
TXN_001793,USR_0083,2026-01-18 14:28:30,138.14,Mumbai,0.08,DEV_145,ATM,Electronics,0
TXN_001794,USR_0051,2026-03-18 00:56:32,142.82,Mumbai,0.93,DEV_051,Online,Travel,0
TXN_001795,USR_0038,2026-01-03 15:29:12,145.84,Sydney,1.92,DEV_055,Online,Luxury,0
TXN_001796,USR_0040,2026-01-10 07:21:09,49.81,New York,6.98,DEV_040,ATM,Gaming,0
TXN_001797,USR_0049,2026-02-01 04:15:27,14.1,London,3.36,DEV_099,POS,Gaming,0
TXN_001798,USR_0078,2026-03-01 12:56:00,64.11,Sydney,3.16,DEV_078,ATM,Electronics,0
TXN_001799,USR_0078,2026-01-07 21:52:11,30.14,Sydney,2.59,DEV_082,Wire Transfer,Utilities,0
TXN_001800,USR_0044,2026-03-31 11:27:14,18.24,Paris,0.42,DEV_044,POS,Grocery,0
TXN_001801,USR_0061,2026-01-04 12:03:07,267.45,Berlin,5.18,DEV_061,POS,Grocery,0
TXN_001802,USR_0041,2026-03-24 14:49:57,16.96,London,6.1,DEV_041,ATM,Luxury,0
TXN_001803,USR_0042,2026-03-20 14:34:39,128.16,Tokyo,10.73,DEV_042,ATM,Utilities,0
TXN_001804,USR_0073,2026-02-12 19:40:18,47.76,London,5.64,DEV_073,POS,Luxury,0
TXN_001805,USR_0058,2026-03-14 22:43:36,211.99,Tokyo,1.78,DEV_058,Online,Transfer,0
TXN_001806,USR_0025,2026-01-10 20:11:02,60.59,London,6.34,DEV_025,ATM,Transfer,0
TXN_001807,USR_0051,2026-03-26 23:00:47,985.08,Paris,3898.1,DEV_071,Online,Luxury,1
TXN_001808,USR_0014,2026-03-17 01:27:22,98.22,Sydney,1.42,DEV_014,Online,Grocery,0
TXN_001809,USR_0045,2026-01-01 23:46:31,85.99,Berlin,0.36,DEV_045,Online,Luxury,0
TXN_001810,USR_0023,2026-02-15 22:12:05,40.46,Toronto,1.01,DEV_023,Online,Grocery,0
TXN_001811,USR_0050,2026-03-27 01:32:41,46.31,Tokyo,0.65,DEV_050,POS,Luxury,0
TXN_001812,USR_0072,2026-01-01 02:30:13,27.73,New York,1.28,DEV_072,POS,Travel,0
TXN_001813,USR_0011,2026-02-15 22:54:53,13.25,Paris,10.52,DEV_011,Wire Transfer,Transfer,0
TXN_001814,USR_0036,2026-03-09 02:58:14,151.69,Paris,2.65,DEV_036,Online,Luxury,0
TXN_001815,USR_0085,2026-01-12 10:43:55,27.88,Berlin,1.83,DEV_085,Wire Transfer,Utilities,0
TXN_001816,USR_0008,2026-01-30 14:19:05,23.73,New York,20.25,DEV_008,POS,Electronics,0
TXN_001817,USR_0052,2026-03-23 23:26:25,131.3,Paris,5.96,DEV_052,Online,Luxury,0
TXN_001818,USR_0040,2026-01-11 04:07:19,275.84,New York,1.99,DEV_040,Wire Transfer,Luxury,0
TXN_001819,USR_0049,2026-03-11 06:45:03,197.77,London,0.95,DEV_049,POS,Transfer,0
TXN_001820,USR_0032,2026-02-07 12:14:28,102.9,New York,3.7,DEV_032,ATM,Luxury,0
TXN_001821,USR_0059,2026-01-12 02:23:32,3692.2,Toronto,3013.38,DEV_133,ATM,Gaming,1
TXN_001822,USR_0088,2026-02-28 11:12:47,119.51,New York,5.18,DEV_088,Online,Travel,0
TXN_001823,USR_0071,2026-01-09 09:16:08,18.08,Toronto,4.65,DEV_071,POS,Grocery,0
TXN_001824,USR_0065,2026-01-15 08:20:13,111.18,London,3.77,DEV_028,POS,Travel,0
TXN_001825,USR_0064,2026-03-22 08:27:42,71.29,New York,1.27,DEV_064,POS,Electronics,0
TXN_001826,USR_0022,2026-02-24 14:04:34,206.16,Sydney,3.86,DEV_087,POS,Gaming,0
TXN_001827,USR_0061,2026-02-23 12:46:42,23.25,Berlin,3.39,DEV_061,Online,Utilities,0
TXN_001828,USR_0030,2026-01-02 14:53:37,46.85,Sydney,2.2,DEV_030,ATM,Gaming,0
TXN_001829,USR_0063,2026-01-23 13:07:11,37.87,Toronto,2.56,DEV_063,POS,Utilities,0
TXN_001830,USR_0015,2026-01-01 09:06:39,76.16,Toronto,0.94,DEV_015,POS,Transfer,0
TXN_001831,USR_0009,2026-01-10 08:23:47,105.54,London,17.37,DEV_009,Online,Luxury,0
TXN_001832,USR_0016,2026-01-31 04:06:44,73.92,Berlin,12.78,DEV_016,Wire Transfer,Electronics,0
TXN_001833,USR_0060,2026-02-15 21:46:45,86.45,Paris,0.4,DEV_096,ATM,Grocery,0
TXN_001834,USR_0098,2026-02-04 00:50:39,1037.03,Mumbai,552.24,DEV_041,Online,Luxury,1
TXN_001835,USR_0097,2026-03-30 08:19:36,35.87,London,10.2,DEV_097,Online,Grocery,0
TXN_001836,USR_0069,2026-01-04 20:31:00,202.04,Berlin,5.09,DEV_069,Online,Transfer,0
TXN_001837,USR_0031,2026-01-18 22:02:40,12.17,Toronto,3.16,DEV_031,ATM,Luxury,0
TXN_001838,USR_0049,2026-03-06 23:36:42,14.22,London,2.38,DEV_049,Online,Transfer,0
TXN_001839,USR_0085,2026-01-24 09:23:33,34.04,Berlin,2.35,DEV_085,POS,Luxury,0
TXN_001840,USR_0013,2026-02-07 08:52:43,49.11,Berlin,3.71,DEV_097,POS,Grocery,0
TXN_001841,USR_0034,2026-02-14 13:24:24,141.33,Tokyo,1.98,DEV_034,Online,Travel,0
TXN_001842,USR_0006,2026-03-15 13:12:01,58.37,Sydney,4.58,DEV_006,Online,Grocery,0
TXN_001843,USR_0034,2026-02-21 19:03:08,277.42,Tokyo,4.23,DEV_034,Online,Grocery,0
TXN_001844,USR_0024,2026-02-08 11:21:56,102.4,New York,4.6,DEV_024,Online,Luxury,0
TXN_001845,USR_0071,2026-03-07 13:40:56,44.46,Toronto,1.02,DEV_071,ATM,Gaming,0
TXN_001846,USR_0022,2026-02-08 09:03:58,57.96,Sydney,0.76,DEV_022,Online,Luxury,0
TXN_001847,USR_0086,2026-01-14 22:38:27,273.14,Sydney,1.0,DEV_132,POS,Electronics,0
TXN_001848,USR_0092,2026-03-04 06:58:18,127.13,Paris,13.74,DEV_092,Wire Transfer,Luxury,0
TXN_001849,USR_0097,2026-03-21 08:52:35,11.12,London,1.73,DEV_097,Online,Utilities,0
TXN_001850,USR_0055,2026-02-07 04:26:46,42.22,Toronto,9.2,DEV_055,POS,Transfer,0
TXN_001851,USR_0027,2026-01-19 03:28:57,107.73,Mumbai,3.39,DEV_027,Online,Gaming,0
TXN_001852,USR_0061,2026-03-04 00:08:33,36.3,Berlin,1.62,DEV_032,Online,Travel,0
TXN_001853,USR_0087,2026-01-16 20:32:23,69.99,Toronto,1.02,DEV_087,POS,Utilities,0
TXN_001854,USR_0017,2026-02-18 22:58:31,774.39,Sydney,2001.9,DEV_138,Wire Transfer,Electronics,1
TXN_001855,USR_0021,2026-01-20 09:28:04,76.52,Berlin,2.67,DEV_021,Online,Travel,0
TXN_001856,USR_0044,2026-02-28 21:03:35,11.92,Paris,0.12,DEV_044,POS,Grocery,0
TXN_001857,USR_0065,2026-01-16 10:33:06,59.86,London,0.74,DEV_080,ATM,Luxury,0
TXN_001858,USR_0031,2026-03-30 10:02:41,145.5,Toronto,0.57,DEV_031,Online,Electronics,0
TXN_001859,USR_0047,2026-03-10 04:02:09,18.08,London,2.59,DEV_047,Online,Utilities,0
TXN_001860,USR_0078,2026-01-07 15:37:42,13.24,Sydney,5.63,DEV_078,Online,Utilities,0
TXN_001861,USR_0071,2026-01-20 09:50:03,23.92,Toronto,1.8,DEV_071,Online,Electronics,0
TXN_001862,USR_0076,2026-01-15 10:28:25,39.99,Paris,2.17,DEV_076,Online,Luxury,0
TXN_001863,USR_0026,2026-02-20 18:38:35,44.15,Tokyo,0.27,DEV_026,POS,Utilities,0
TXN_001864,USR_0081,2026-01-28 00:16:33,43.02,London,20.2,DEV_081,POS,Transfer,0
TXN_001865,USR_0052,2026-03-26 21:25:01,17.43,Paris,3.83,DEV_117,Online,Electronics,0
TXN_001866,USR_0057,2026-01-21 19:42:30,114.69,London,3.7,DEV_082,ATM,Transfer,0
TXN_001867,USR_0016,2026-03-02 13:18:12,28.5,New York,9.66,DEV_016,Wire Transfer,Luxury,0
TXN_001868,USR_0009,2026-03-05 23:11:25,143.93,London,1.79,DEV_061,POS,Grocery,0
TXN_001869,USR_0023,2026-03-13 06:44:28,150.13,Toronto,0.09,DEV_023,Online,Transfer,0
TXN_001870,USR_0078,2026-02-23 07:42:39,53.08,Sydney,1.27,DEV_078,POS,Gaming,0
TXN_001871,USR_0089,2026-01-14 19:57:33,79.94,London,6.66,DEV_089,Wire Transfer,Transfer,0
TXN_001872,USR_0097,2026-01-17 22:23:03,106.91,London,6.73,DEV_121,POS,Transfer,0
TXN_001873,USR_0060,2026-02-02 20:46:54,23.54,Paris,3.89,DEV_060,Online,Electronics,0
TXN_001874,USR_0087,2026-02-16 22:58:38,117.7,Toronto,14.1,DEV_077,Online,Travel,0
TXN_001875,USR_0037,2026-01-09 20:11:11,239.52,Berlin,1.47,DEV_037,Online,Transfer,0
TXN_001876,USR_0039,2026-03-16 11:31:55,39.29,Toronto,0.09,DEV_039,Online,Transfer,0
TXN_001877,USR_0054,2026-03-15 00:20:00,19.19,Sydney,3.54,DEV_054,ATM,Grocery,0
TXN_001878,USR_0098,2026-03-17 05:47:45,30.36,Tokyo,2.64,DEV_098,ATM,Luxury,0
TXN_001879,USR_0059,2026-02-04 13:34:39,81.19,Mumbai,5.21,DEV_059,POS,Transfer,0
TXN_001880,USR_0016,2026-01-24 19:39:16,68.54,New York,0.35,DEV_016,Online,Utilities,0
TXN_001881,USR_0054,2026-03-03 07:51:32,84.77,Sydney,4.43,DEV_054,POS,Transfer,0
TXN_001882,USR_0093,2026-02-02 13:56:25,12.85,Berlin,5.63,DEV_021,Online,Gaming,0
TXN_001883,USR_0039,2026-02-08 16:15:28,122.33,Mumbai,2.67,DEV_120,Online,Transfer,0
TXN_001884,USR_0004,2026-03-12 20:50:11,45.39,Paris,11.02,DEV_099,Online,Grocery,0
TXN_001885,USR_0078,2026-02-24 11:10:04,52.73,Sydney,11.3,DEV_078,Online,Transfer,0
TXN_001886,USR_0093,2026-03-05 21:39:35,19.59,Tokyo,0.87,DEV_093,Online,Electronics,0
TXN_001887,USR_0048,2026-01-13 12:12:16,12.16,New York,0.36,DEV_048,POS,Transfer,0
TXN_001888,USR_0023,2026-03-16 16:58:09,28.37,Toronto,5.54,DEV_023,POS,Utilities,0
TXN_001889,USR_0037,2026-03-03 00:42:46,56.57,Berlin,1.54,DEV_037,Online,Luxury,0
TXN_001890,USR_0086,2026-01-29 18:14:48,41.71,Sydney,13.06,DEV_086,ATM,Transfer,0
TXN_001891,USR_0083,2026-02-01 16:08:47,53.18,Mumbai,1.12,DEV_083,Online,Grocery,0
TXN_001892,USR_0081,2026-03-31 00:13:56,49.11,London,1.79,DEV_087,POS,Transfer,0
TXN_001893,USR_0006,2026-02-09 13:03:19,19.25,Sydney,8.34,DEV_006,POS,Travel,0
TXN_001894,USR_0083,2026-01-14 05:42:51,21.21,Mumbai,3.49,DEV_083,ATM,Gaming,0
TXN_001895,USR_0065,2026-03-23 03:47:50,25.2,London,0.89,DEV_065,ATM,Transfer,0
TXN_001896,USR_0038,2026-02-25 17:12:56,29.49,Sydney,2.11,DEV_038,POS,Gaming,0
TXN_001897,USR_0073,2026-01-19 16:41:03,152.66,London,4.11,DEV_073,POS,Grocery,0
TXN_001898,USR_0046,2026-01-25 12:25:09,64.26,Sydney,0.23,DEV_046,Online,Utilities,0
TXN_001899,USR_0016,2026-01-09 06:58:20,47.9,New York,6.79,DEV_016,POS,Grocery,0
TXN_001900,USR_0069,2026-01-06 06:07:44,22.22,Berlin,20.8,DEV_069,ATM,Luxury,0
TXN_001901,USR_0049,2026-03-22 00:18:18,163.02,London,5.99,DEV_049,ATM,Electronics,0
TXN_001902,USR_0006,2026-01-01 23:26:43,33.58,Sydney,5.31,DEV_006,POS,Transfer,0
TXN_001903,USR_0011,2026-01-13 15:10:26,84.66,Mumbai,11.69,DEV_019,POS,Luxury,0
TXN_001904,USR_0099,2026-01-20 15:06:56,650.84,New York,3508.52,DEV_103,Wire Transfer,Luxury,1
TXN_001905,USR_0007,2026-03-20 11:59:15,49.31,Toronto,4.98,DEV_100,Online,Gaming,0
TXN_001906,USR_0016,2026-02-09 15:37:38,20.63,New York,0.06,DEV_016,POS,Gaming,0
TXN_001907,USR_0018,2026-02-28 19:04:55,11.92,Tokyo,4.81,DEV_018,ATM,Travel,0
TXN_001908,USR_0053,2026-02-26 16:07:59,38.15,Berlin,1.27,DEV_053,ATM,Grocery,0
TXN_001909,USR_0037,2026-01-06 15:32:56,51.25,Berlin,2.42,DEV_037,Online,Gaming,0
TXN_001910,USR_0070,2026-03-22 16:45:05,70.49,London,2.27,DEV_070,POS,Travel,0
TXN_001911,USR_0091,2026-02-07 06:35:11,136.24,Sydney,9.29,DEV_035,POS,Transfer,0
TXN_001912,USR_0090,2026-02-09 00:11:08,45.31,Tokyo,4.37,DEV_090,POS,Luxury,0
TXN_001913,USR_0046,2026-03-25 11:59:24,82.18,Berlin,11.24,DEV_046,POS,Luxury,0
TXN_001914,USR_0068,2026-03-20 15:01:13,23.8,Paris,1.6,DEV_068,ATM,Travel,0
TXN_001915,USR_0097,2026-01-25 09:42:31,230.54,London,2.25,DEV_097,POS,Luxury,0
TXN_001916,USR_0014,2026-02-17 16:35:22,17.9,Sydney,0.64,DEV_136,Wire Transfer,Transfer,0
TXN_001917,USR_0012,2026-02-21 21:17:50,17.84,Paris,6.1,DEV_012,Online,Gaming,0
TXN_001918,USR_0041,2026-02-13 02:47:10,43.97,London,2.82,DEV_041,Online,Utilities,0
TXN_001919,USR_0077,2026-01-10 09:47:59,33.05,Mumbai,0.87,DEV_077,Online,Luxury,0
TXN_001920,USR_0095,2026-02-26 08:17:39,116.33,Toronto,8.17,DEV_059,Online,Travel,0
TXN_001921,USR_0087,2026-02-20 16:30:27,21.82,Toronto,1.65,DEV_087,Online,Travel,0
TXN_001922,USR_0018,2026-03-02 22:12:54,13.05,Tokyo,1.14,DEV_018,ATM,Grocery,0
TXN_001923,USR_0089,2026-02-17 12:01:06,168.61,London,1.13,DEV_089,POS,Travel,0
TXN_001924,USR_0031,2026-03-17 07:34:52,43.34,Toronto,7.94,DEV_089,Online,Luxury,0
TXN_001925,USR_0011,2026-03-10 22:23:44,58.6,Mumbai,3.88,DEV_036,Online,Gaming,0
TXN_001926,USR_0044,2026-03-10 18:21:49,241.31,Paris,3.13,DEV_044,ATM,Transfer,0
TXN_001927,USR_0032,2026-01-04 21:08:34,58.4,New York,4.03,DEV_032,Wire Transfer,Luxury,0
TXN_001928,USR_0042,2026-01-29 07:20:44,47.53,Tokyo,0.09,DEV_042,POS,Travel,0
TXN_001929,USR_0015,2026-03-19 17:19:09,14.42,Toronto,8.3,DEV_015,Online,Luxury,0
TXN_001930,USR_0038,2026-01-30 09:13:24,102.18,Sydney,5.12,DEV_038,Online,Grocery,0
TXN_001931,USR_0026,2026-02-25 06:43:14,54.92,Tokyo,5.3,DEV_026,Online,Grocery,0
TXN_001932,USR_0030,2026-03-19 16:45:01,27.31,Tokyo,0.42,DEV_030,ATM,Electronics,0
TXN_001933,USR_0024,2026-03-22 22:48:37,20.89,New York,2.21,DEV_024,POS,Transfer,0
TXN_001934,USR_0043,2026-01-30 01:40:48,98.09,Mumbai,5.96,DEV_043,Wire Transfer,Grocery,0
TXN_001935,USR_0021,2026-02-18 01:04:21,156.05,Berlin,9.38,DEV_021,Online,Transfer,0
TXN_001936,USR_0029,2026-03-08 07:21:18,306.46,Berlin,3.26,DEV_029,POS,Transfer,0
TXN_001937,USR_0036,2026-01-05 06:57:32,47.03,Paris,2.04,DEV_036,Online,Utilities,0
TXN_001938,USR_0081,2026-01-15 04:22:08,11.95,London,2.4,DEV_081,POS,Electronics,0
TXN_001939,USR_0036,2026-01-06 07:54:58,62.39,Paris,5.17,DEV_036,POS,Electronics,0
TXN_001940,USR_0025,2026-03-27 06:16:48,168.62,London,3.14,DEV_025,Online,Travel,0
TXN_001941,USR_0093,2026-01-22 11:05:15,36.72,Berlin,0.16,DEV_103,Online,Electronics,0
TXN_001942,USR_0051,2026-03-06 19:05:54,10.79,Mumbai,3.35,DEV_051,Online,Utilities,0
TXN_001943,USR_0038,2026-01-02 12:43:12,73.8,Sydney,3.6,DEV_038,POS,Travel,0
TXN_001944,USR_0001,2026-03-07 06:33:43,29.99,London,6.47,DEV_001,Online,Luxury,0
TXN_001945,USR_0082,2026-03-18 17:41:59,53.45,Tokyo,0.21,DEV_082,POS,Luxury,0
TXN_001946,USR_0036,2026-03-06 03:56:51,89.86,Paris,12.78,DEV_036,ATM,Grocery,0
TXN_001947,USR_0091,2026-03-28 17:13:47,961.17,New York,3233.07,DEV_053,Wire Transfer,Gaming,1
TXN_001948,USR_0047,2026-02-07 20:17:55,39.52,Toronto,8.1,DEV_047,POS,Grocery,0
TXN_001949,USR_0002,2026-02-21 17:11:38,78.76,Tokyo,1.32,DEV_002,Online,Utilities,0
TXN_001950,USR_0027,2026-02-07 22:00:21,62.89,Mumbai,10.73,DEV_027,POS,Travel,0
TXN_001951,USR_0015,2026-01-10 21:05:39,19.08,Toronto,2.15,DEV_015,POS,Travel,0
TXN_001952,USR_0012,2026-02-07 00:05:53,15.18,Paris,5.45,DEV_012,Online,Utilities,0
TXN_001953,USR_0087,2026-01-29 05:04:12,48.31,Toronto,0.31,DEV_080,Online,Gaming,0
TXN_001954,USR_0046,2026-03-10 21:36:13,86.86,London,8.84,DEV_046,Online,Electronics,0
TXN_001955,USR_0084,2026-03-16 02:58:09,340.1,Paris,3.39,DEV_084,ATM,Electronics,0
TXN_001956,USR_0073,2026-01-10 16:03:19,1765.65,Paris,2830.25,DEV_104,ATM,Electronics,1
TXN_001957,USR_0023,2026-01-18 04:08:24,76.14,Toronto,11.43,DEV_023,ATM,Gaming,0
TXN_001958,USR_0010,2026-01-03 01:52:57,14.68,Mumbai,3.55,DEV_010,Online,Transfer,0
TXN_001959,USR_0041,2026-01-26 17:23:23,25.45,London,4.76,DEV_041,ATM,Grocery,0
TXN_001960,USR_0060,2026-02-24 16:10:31,173.59,Paris,3.89,DEV_060,POS,Utilities,0
TXN_001961,USR_0008,2026-01-21 08:27:26,11.74,New York,0.3,DEV_008,POS,Luxury,0
TXN_001962,USR_0067,2026-02-24 16:43:25,39.49,Mumbai,5.22,DEV_067,POS,Utilities,0
TXN_001963,USR_0056,2026-03-21 17:03:19,155.87,New York,6.45,DEV_008,Online,Travel,0
TXN_001964,USR_0036,2026-02-19 02:59:08,10.42,Paris,22.89,DEV_036,POS,Gaming,0
TXN_001965,USR_0053,2026-02-04 07:51:55,30.33,Berlin,20.81,DEV_053,POS,Gaming,0
TXN_001966,USR_0037,2026-01-18 16:52:26,161.19,Berlin,1.67,DEV_037,POS,Utilities,0
TXN_001967,USR_0040,2026-02-27 19:55:40,53.63,New York,5.48,DEV_040,POS,Travel,0
TXN_001968,USR_0066,2026-01-12 15:52:47,53.91,Tokyo,1.83,DEV_065,POS,Luxury,0
TXN_001969,USR_0093,2026-01-16 05:30:56,174.17,Berlin,11.91,DEV_093,POS,Utilities,0
TXN_001970,USR_0057,2026-03-20 15:43:49,18.4,London,1.02,DEV_057,POS,Travel,0
TXN_001971,USR_0037,2026-01-19 16:34:10,21.87,Berlin,4.29,DEV_037,POS,Luxury,0
TXN_001972,USR_0018,2026-02-12 11:57:29,43.04,Tokyo,5.02,DEV_018,POS,Electronics,0
TXN_001973,USR_0056,2026-03-17 14:29:55,12.1,New York,5.35,DEV_056,POS,Electronics,0
TXN_001974,USR_0019,2026-01-04 03:28:15,32.85,Mumbai,4.22,DEV_019,ATM,Luxury,0
TXN_001975,USR_0080,2026-01-19 14:37:00,59.89,New York,6.12,DEV_080,POS,Gaming,0
TXN_001976,USR_0021,2026-02-03 15:22:30,30.46,Berlin,2.18,DEV_021,POS,Transfer,0
TXN_001977,USR_0071,2026-01-31 05:23:21,46.32,Toronto,9.24,DEV_071,POS,Gaming,0
TXN_001978,USR_0013,2026-03-07 01:13:46,73.72,Berlin,3.45,DEV_013,Online,Luxury,0
TXN_001979,USR_0037,2026-02-20 04:37:08,11.72,London,4.17,DEV_037,ATM,Gaming,0
TXN_001980,USR_0004,2026-02-12 11:34:00,44.93,Paris,3.89,DEV_004,POS,Transfer,0
TXN_001981,USR_0076,2026-02-18 13:26:48,724.66,Toronto,3916.11,DEV_043,Wire Transfer,Gaming,1
TXN_001982,USR_0073,2026-02-07 20:11:48,116.99,London,2.24,DEV_073,POS,Electronics,0
TXN_001983,USR_0025,2026-03-17 22:37:35,57.31,London,0.78,DEV_025,ATM,Gaming,0
TXN_001984,USR_0009,2026-01-25 22:54:45,58.66,London,2.35,DEV_009,Online,Electronics,0
TXN_001985,USR_0024,2026-03-24 22:32:15,68.02,New York,0.89,DEV_024,POS,Luxury,0
TXN_001986,USR_0056,2026-01-16 16:31:51,162.14,New York,0.98,DEV_056,Online,Luxury,0
TXN_001987,USR_0027,2026-03-17 07:52:15,89.91,Mumbai,4.86,DEV_027,Online,Grocery,0
TXN_001988,USR_0058,2026-02-28 09:31:42,191.18,Tokyo,0.57,DEV_123,ATM,Gaming,0
TXN_001989,USR_0073,2026-03-20 15:13:50,135.44,London,0.0,DEV_034,Online,Electronics,0
TXN_001990,USR_0034,2026-01-09 22:50:18,14.78,Sydney,7.29,DEV_034,Online,Gaming,0
TXN_001991,USR_0081,2026-01-18 07:21:38,25.92,London,7.12,DEV_081,Online,Grocery,0
TXN_001992,USR_0079,2026-02-03 01:33:24,100.38,Toronto,2.07,DEV_079,POS,Gaming,0
TXN_001993,USR_0015,2026-02-13 17:14:53,20.28,Toronto,9.06,DEV_015,Online,Gaming,0
TXN_001994,USR_0075,2026-01-29 23:44:56,223.83,Mumbai,0.83,DEV_075,POS,Utilities,0
TXN_001995,USR_0080,2026-02-25 16:39:18,32.5,Berlin,4.01,DEV_080,POS,Gaming,0
TXN_001996,USR_0005,2026-02-10 12:24:31,40.15,Berlin,0.51,DEV_005,Wire Transfer,Grocery,0
TXN_001997,USR_0003,2026-02-10 03:35:21,63.7,Mumbai,14.29,DEV_138,POS,Luxury,0
TXN_001998,USR_0079,2026-02-10 07:29:35,28.75,Toronto,2.04,DEV_079,POS,Travel,0
TXN_001999,USR_0057,2026-01-30 22:24:51,86.31,London,1.25,DEV_057,POS,Grocery,0
TXN_002000,USR_0020,2026-03-30 20:33:32,121.77,Paris,0.98,DEV_119,Online,Travel,0
TXN_002001,USR_0016,2026-02-25 12:46:16,66.83,New York,6.59,DEV_016,ATM,Grocery,0
TXN_002002,USR_0086,2026-01-05 05:40:14,188.01,Sydney,0.34,DEV_088,POS,Utilities,0
TXN_002003,USR_0087,2026-03-23 03:14:12,118.92,Toronto,4.42,DEV_087,Online,Gaming,0
TXN_002004,USR_0074,2026-01-06 01:10:11,18.88,Tokyo,8.11,DEV_074,POS,Transfer,0
TXN_002005,USR_0047,2026-03-03 19:12:26,25.91,Toronto,3.1,DEV_047,Online,Luxury,0
TXN_002006,USR_0010,2026-03-09 03:55:44,48.17,Tokyo,0.97,DEV_010,ATM,Gaming,0
TXN_002007,USR_0098,2026-01-20 05:17:06,33.18,Tokyo,26.85,DEV_098,Online,Gaming,0
TXN_002008,USR_0078,2026-01-10 08:09:11,63.92,Sydney,0.4,DEV_078,ATM,Utilities,0
TXN_002009,USR_0014,2026-01-16 19:38:45,1664.6,London,2767.54,DEV_012,Wire Transfer,Electronics,1
TXN_002010,USR_0052,2026-02-22 05:40:56,150.74,Paris,7.98,DEV_052,Online,Utilities,0
TXN_002011,USR_0017,2026-03-08 02:08:12,37.93,London,3.59,DEV_024,ATM,Transfer,0
TXN_002012,USR_0005,2026-03-15 13:34:52,46.27,Berlin,0.66,DEV_005,Online,Electronics,0
TXN_002013,USR_0026,2026-01-31 13:26:41,26.26,Tokyo,1.09,DEV_026,Online,Grocery,0
TXN_002014,USR_0092,2026-01-09 13:09:52,50.27,Paris,0.15,DEV_092,Online,Utilities,0
TXN_002015,USR_0045,2026-02-17 07:39:02,122.25,Berlin,7.54,DEV_045,Online,Utilities,0
TXN_002016,USR_0045,2026-02-17 13:21:02,32.06,New York,20.38,DEV_045,Online,Gaming,0
TXN_002017,USR_0004,2026-03-23 18:28:57,19.42,Paris,1.48,DEV_004,POS,Electronics,0
TXN_002018,USR_0028,2026-01-25 23:19:11,36.71,Paris,0.59,DEV_028,Online,Utilities,0
TXN_002019,USR_0038,2026-01-09 21:31:33,106.09,Sydney,14.81,DEV_038,Online,Grocery,0
TXN_002020,USR_0003,2026-03-26 23:22:57,25.46,Mumbai,0.42,DEV_003,POS,Electronics,0
TXN_002021,USR_0042,2026-02-06 00:58:09,81.58,Tokyo,2.24,DEV_042,Online,Luxury,0
TXN_002022,USR_0086,2026-02-22 20:56:01,41.82,Sydney,0.17,DEV_086,Online,Transfer,0
TXN_002023,USR_0022,2026-03-29 19:09:41,79.64,Sydney,10.21,DEV_022,POS,Travel,0
TXN_002024,USR_0086,2026-03-15 19:25:50,91.76,Sydney,3.69,DEV_085,Wire Transfer,Utilities,0
TXN_002025,USR_0042,2026-03-02 07:56:25,1420.24,Berlin,3642.5,DEV_071,ATM,Electronics,1
TXN_002026,USR_0049,2026-02-22 02:30:26,1166.99,Toronto,340.61,DEV_117,ATM,Gaming,1
TXN_002027,USR_0031,2026-01-30 08:47:42,35.5,Toronto,9.72,DEV_031,Online,Utilities,0
TXN_002028,USR_0046,2026-01-11 08:23:28,293.88,Sydney,7.85,DEV_046,POS,Electronics,0
TXN_002029,USR_0056,2026-03-31 01:46:45,55.75,New York,6.07,DEV_056,ATM,Utilities,0
TXN_002030,USR_0034,2026-03-01 16:31:42,46.4,Tokyo,10.25,DEV_034,Wire Transfer,Electronics,0
TXN_002031,USR_0070,2026-02-22 18:26:57,17.55,Berlin,11.29,DEV_070,Online,Travel,0
TXN_002032,USR_0083,2026-03-07 10:02:34,94.81,Mumbai,27.44,DEV_083,ATM,Grocery,0
TXN_002033,USR_0001,2026-01-05 16:33:54,630.2,Tokyo,4940.41,DEV_140,Online,Electronics,1
TXN_002034,USR_0033,2026-01-10 04:21:27,31.49,London,0.27,DEV_031,Online,Utilities,0
TXN_002035,USR_0028,2026-01-07 18:37:02,227.33,Paris,10.42,DEV_028,Online,Utilities,0
TXN_002036,USR_0025,2026-02-25 21:40:58,39.29,London,0.67,DEV_025,Wire Transfer,Travel,0
TXN_002037,USR_0029,2026-03-28 16:06:41,77.41,Berlin,14.61,DEV_029,POS,Luxury,0
TXN_002038,USR_0026,2026-02-09 20:30:19,47.58,Tokyo,1.7,DEV_026,POS,Transfer,0
TXN_002039,USR_0079,2026-03-07 07:39:09,11.13,Toronto,7.54,DEV_079,POS,Luxury,0
TXN_002040,USR_0051,2026-01-17 19:44:07,63.44,Mumbai,0.32,DEV_051,POS,Utilities,0
TXN_002041,USR_0081,2026-01-11 00:56:54,224.37,Tokyo,8.31,DEV_081,POS,Gaming,0
TXN_002042,USR_0020,2026-03-24 07:14:48,165.46,Paris,2.91,DEV_020,ATM,Transfer,0
TXN_002043,USR_0058,2026-02-01 03:03:09,85.26,Tokyo,1.83,DEV_058,Wire Transfer,Electronics,0
TXN_002044,USR_0017,2026-03-23 01:25:40,227.13,London,3.26,DEV_017,POS,Luxury,0
TXN_002045,USR_0086,2026-03-16 01:15:13,63.05,Sydney,4.17,DEV_086,POS,Luxury,0
TXN_002046,USR_0005,2026-02-08 17:19:01,107.8,Berlin,4.04,DEV_005,Online,Electronics,0
TXN_002047,USR_0042,2026-02-19 16:51:22,52.04,Tokyo,22.02,DEV_042,Online,Transfer,0
TXN_002048,USR_0072,2026-02-10 14:53:25,394.94,New York,1.66,DEV_072,POS,Grocery,0
TXN_002049,USR_0012,2026-02-03 20:15:17,12.32,Paris,7.84,DEV_012,Online,Electronics,0
TXN_002050,USR_0008,2026-03-05 20:50:17,77.44,Paris,4.1,DEV_008,POS,Electronics,0
TXN_002051,USR_0097,2026-02-25 23:59:16,20.46,London,2.14,DEV_097,Online,Utilities,0
TXN_002052,USR_0047,2026-03-10 10:58:33,29.88,Toronto,1.31,DEV_047,POS,Utilities,0
TXN_002053,USR_0072,2026-01-25 10:35:22,35.65,New York,5.19,DEV_072,Wire Transfer,Travel,0
TXN_002054,USR_0005,2026-02-01 21:38:28,65.59,Berlin,0.99,DEV_005,Wire Transfer,Electronics,0
TXN_002055,USR_0083,2026-02-10 10:14:49,122.42,New York,0.82,DEV_083,ATM,Grocery,0
TXN_002056,USR_0052,2026-02-05 07:25:47,184.86,Paris,3.01,DEV_052,POS,Transfer,0
TXN_002057,USR_0097,2026-02-26 17:55:16,270.87,London,2.35,DEV_097,Online,Electronics,0
TXN_002058,USR_0028,2026-03-02 18:58:02,16.62,Berlin,1.35,DEV_101,Online,Luxury,0
TXN_002059,USR_0073,2026-01-27 17:37:22,75.21,London,5.83,DEV_073,POS,Luxury,0
TXN_002060,USR_0030,2026-01-07 12:12:47,84.47,Sydney,2.06,DEV_030,ATM,Transfer,0
TXN_002061,USR_0063,2026-02-09 01:01:25,15.61,Toronto,3.71,DEV_063,POS,Travel,0
TXN_002062,USR_0044,2026-01-26 16:40:02,50.51,Paris,1.0,DEV_044,POS,Gaming,0
TXN_002063,USR_0075,2026-03-24 23:10:00,120.42,Mumbai,6.66,DEV_075,ATM,Gaming,0
TXN_002064,USR_0033,2026-01-09 22:03:22,82.8,London,1.88,DEV_033,Online,Grocery,0
TXN_002065,USR_0044,2026-03-29 10:27:08,32.59,Paris,0.81,DEV_044,POS,Gaming,0
TXN_002066,USR_0064,2026-02-21 03:06:37,55.78,New York,5.25,DEV_121,Online,Luxury,0
TXN_002067,USR_0036,2026-03-29 13:52:25,217.28,Paris,7.42,DEV_036,Online,Gaming,0
TXN_002068,USR_0021,2026-03-12 20:54:32,75.86,Berlin,6.86,DEV_021,Wire Transfer,Electronics,0
TXN_002069,USR_0016,2026-03-16 10:51:59,41.44,New York,0.01,DEV_016,POS,Utilities,0
TXN_002070,USR_0082,2026-02-10 00:31:12,100.07,New York,0.98,DEV_022,POS,Luxury,0
TXN_002071,USR_0081,2026-01-20 04:02:19,274.91,London,0.3,DEV_081,ATM,Travel,0
TXN_002072,USR_0060,2026-02-05 21:19:44,933.01,Tokyo,3799.41,DEV_130,Online,Luxury,1
TXN_002073,USR_0075,2026-01-23 12:47:29,22.86,Mumbai,0.02,DEV_075,ATM,Transfer,0
TXN_002074,USR_0026,2026-03-10 04:03:48,20.92,Tokyo,3.29,DEV_026,Online,Grocery,0
TXN_002075,USR_0044,2026-02-25 01:46:53,58.16,Paris,6.63,DEV_044,Online,Electronics,0
TXN_002076,USR_0091,2026-03-10 07:15:26,131.16,Mumbai,3.22,DEV_094,Wire Transfer,Gaming,0
TXN_002077,USR_0055,2026-03-28 23:09:45,88.46,Toronto,0.05,DEV_055,ATM,Luxury,0
TXN_002078,USR_0077,2026-01-02 03:35:45,68.03,Berlin,0.82,DEV_077,POS,Transfer,0
TXN_002079,USR_0097,2026-01-06 12:56:04,213.43,London,7.24,DEV_097,ATM,Grocery,0
TXN_002080,USR_0052,2026-03-28 18:18:11,30.41,Paris,4.57,DEV_052,Online,Travel,0
TXN_002081,USR_0009,2026-03-05 13:22:52,33.24,London,5.41,DEV_009,POS,Travel,0
TXN_002082,USR_0037,2026-01-17 00:40:19,55.04,Berlin,10.35,DEV_143,ATM,Utilities,0
TXN_002083,USR_0052,2026-01-21 19:39:55,121.45,Paris,2.42,DEV_052,POS,Luxury,0
TXN_002084,USR_0074,2026-01-26 19:22:56,101.01,Tokyo,1.41,DEV_003,POS,Gaming,0
TXN_002085,USR_0078,2026-01-15 09:05:42,52.69,Sydney,0.93,DEV_078,Online,Travel,0
TXN_002086,USR_0094,2026-02-15 19:58:09,119.9,Berlin,0.99,DEV_094,POS,Utilities,0
TXN_002087,USR_0090,2026-01-23 16:10:19,12.61,Tokyo,2.83,DEV_090,Wire Transfer,Gaming,0
TXN_002088,USR_0059,2026-01-28 06:39:07,15.04,Mumbai,4.8,DEV_059,POS,Electronics,0
TXN_002089,USR_0029,2026-01-05 14:37:47,18.5,Berlin,1.76,DEV_029,POS,Gaming,0
TXN_002090,USR_0046,2026-01-18 10:22:44,39.93,Sydney,4.48,DEV_046,Online,Grocery,0
TXN_002091,USR_0100,2026-01-11 08:32:17,49.98,Paris,4.88,DEV_100,Online,Grocery,0
TXN_002092,USR_0013,2026-01-10 12:04:39,127.45,Berlin,3.94,DEV_013,POS,Utilities,0
TXN_002093,USR_0014,2026-02-22 15:53:22,150.08,Sydney,0.52,DEV_014,ATM,Luxury,0
TXN_002094,USR_0030,2026-02-14 14:26:51,51.54,Sydney,2.5,DEV_030,Online,Utilities,0
TXN_002095,USR_0030,2026-02-18 17:46:59,322.83,Sydney,0.28,DEV_057,Online,Electronics,0
TXN_002096,USR_0037,2026-03-13 19:59:02,36.63,Berlin,5.1,DEV_037,POS,Luxury,0
TXN_002097,USR_0077,2026-03-14 08:38:34,10.09,Berlin,3.0,DEV_077,ATM,Utilities,0
TXN_002098,USR_0003,2026-02-22 05:43:41,35.51,Mumbai,1.01,DEV_003,Online,Electronics,0
TXN_002099,USR_0011,2026-01-25 12:07:09,21.72,Mumbai,3.71,DEV_011,Online,Transfer,0
TXN_002100,USR_0070,2026-03-27 18:09:52,132.74,Sydney,0.89,DEV_081,POS,Gaming,0
TXN_002101,USR_0061,2026-02-09 02:49:56,57.98,Berlin,4.68,DEV_061,POS,Transfer,0
TXN_002102,USR_0033,2026-02-02 14:39:18,24.9,London,1.33,DEV_033,POS,Travel,0
TXN_002103,USR_0077,2026-01-19 17:14:03,58.15,Berlin,2.12,DEV_077,Online,Utilities,0
TXN_002104,USR_0080,2026-01-15 22:50:20,87.69,New York,5.6,DEV_080,Online,Luxury,0
TXN_002105,USR_0076,2026-01-10 21:51:46,65.46,Paris,3.38,DEV_076,Online,Grocery,0
TXN_002106,USR_0066,2026-02-02 14:12:32,11.44,Tokyo,15.37,DEV_066,Online,Gaming,0
TXN_002107,USR_0055,2026-02-08 09:24:05,77.95,Toronto,1.71,DEV_055,POS,Grocery,0
TXN_002108,USR_0054,2026-03-31 16:15:39,22.55,Sydney,1.46,DEV_054,POS,Luxury,0
TXN_002109,USR_0021,2026-01-14 02:28:17,22.14,Berlin,5.8,DEV_021,Online,Luxury,0
TXN_002110,USR_0082,2026-01-14 23:09:38,26.94,Tokyo,0.86,DEV_082,POS,Utilities,0
TXN_002111,USR_0076,2026-03-13 21:15:43,88.76,Paris,7.69,DEV_076,POS,Electronics,0
TXN_002112,USR_0098,2026-02-05 17:21:19,1003.21,Mumbai,4666.31,DEV_064,ATM,Gaming,1
TXN_002113,USR_0068,2026-03-06 11:03:12,57.34,Paris,9.13,DEV_068,POS,Electronics,0
TXN_002114,USR_0076,2026-02-10 11:45:45,37.12,Paris,1.09,DEV_095,POS,Grocery,0
TXN_002115,USR_0014,2026-02-27 04:01:28,20.47,Sydney,4.3,DEV_054,Online,Electronics,0
TXN_002116,USR_0098,2026-01-18 08:06:39,97.91,Tokyo,1.99,DEV_098,Wire Transfer,Electronics,0
TXN_002117,USR_0019,2026-02-06 06:06:30,44.1,Mumbai,5.89,DEV_019,Online,Electronics,0
TXN_002118,USR_0060,2026-02-28 19:37:02,115.6,Paris,3.24,DEV_060,Online,Gaming,0
TXN_002119,USR_0029,2026-01-12 18:21:31,76.11,Berlin,9.8,DEV_029,POS,Travel,0
TXN_002120,USR_0079,2026-01-26 14:41:21,355.03,Berlin,1.1,DEV_079,POS,Electronics,0
TXN_002121,USR_0012,2026-03-27 17:23:24,23.14,Paris,8.25,DEV_012,POS,Travel,0
TXN_002122,USR_0045,2026-02-21 17:15:02,243.79,Berlin,0.82,DEV_045,POS,Utilities,0
TXN_002123,USR_0069,2026-02-19 18:10:24,101.25,Berlin,1.95,DEV_069,POS,Luxury,0
TXN_002124,USR_0098,2026-01-01 03:51:22,78.0,Tokyo,6.46,DEV_098,POS,Electronics,0
TXN_002125,USR_0056,2026-02-03 01:04:51,43.24,New York,2.26,DEV_056,Online,Utilities,0
TXN_002126,USR_0046,2026-03-16 03:55:10,61.72,Sydney,9.74,DEV_046,Online,Electronics,0
TXN_002127,USR_0058,2026-01-02 07:11:59,31.45,London,1.69,DEV_058,POS,Luxury,0
TXN_002128,USR_0065,2026-02-23 02:50:11,149.24,London,17.09,DEV_065,POS,Electronics,0
TXN_002129,USR_0070,2026-01-08 02:00:26,125.91,Sydney,7.07,DEV_070,POS,Utilities,0
TXN_002130,USR_0044,2026-01-20 07:37:03,44.29,Paris,0.53,DEV_044,Wire Transfer,Gaming,0
TXN_002131,USR_0021,2026-01-05 00:13:35,12.07,Berlin,0.56,DEV_021,Online,Utilities,0
TXN_002132,USR_0004,2026-02-27 02:53:28,68.35,London,5.58,DEV_004,Online,Transfer,0
TXN_002133,USR_0074,2026-02-10 23:45:31,15.5,Tokyo,7.33,DEV_074,POS,Grocery,0
TXN_002134,USR_0099,2026-03-06 13:04:00,1840.06,London,4782.93,DEV_014,ATM,Luxury,1
TXN_002135,USR_0097,2026-03-24 04:39:44,31.77,London,2.95,DEV_097,POS,Travel,0
TXN_002136,USR_0049,2026-02-02 08:54:50,13.02,Sydney,4.07,DEV_049,Online,Luxury,0
TXN_002137,USR_0066,2026-03-15 02:52:18,118.06,Tokyo,0.85,DEV_066,ATM,Travel,0
TXN_002138,USR_0043,2026-03-21 05:02:11,101.85,Mumbai,1.6,DEV_043,ATM,Travel,0
TXN_002139,USR_0074,2026-01-02 05:42:28,133.98,Tokyo,4.88,DEV_074,POS,Electronics,0
TXN_002140,USR_0049,2026-01-06 22:40:22,139.01,London,1.68,DEV_049,Online,Grocery,0
TXN_002141,USR_0049,2026-03-21 02:12:37,146.41,London,0.42,DEV_049,Online,Luxury,0
TXN_002142,USR_0096,2026-01-22 22:03:38,13.27,New York,0.37,DEV_096,Online,Luxury,0
TXN_002143,USR_0075,2026-02-07 05:29:13,51.06,Mumbai,11.39,DEV_075,Wire Transfer,Luxury,0
TXN_002144,USR_0088,2026-01-27 07:13:06,21.67,New York,1.67,DEV_088,Online,Grocery,0
TXN_002145,USR_0002,2026-01-29 15:37:56,19.74,Tokyo,18.03,DEV_002,Online,Grocery,0
TXN_002146,USR_0079,2026-02-23 02:49:49,37.9,Paris,15.88,DEV_079,POS,Travel,0
TXN_002147,USR_0017,2026-02-18 13:35:29,24.67,London,11.02,DEV_017,POS,Travel,0
TXN_002148,USR_0035,2026-03-24 18:50:20,34.09,Mumbai,6.03,DEV_035,POS,Luxury,0
TXN_002149,USR_0085,2026-01-12 16:19:14,87.55,Berlin,13.85,DEV_085,Online,Travel,0
TXN_002150,USR_0014,2026-01-25 13:50:02,111.78,Sydney,2.19,DEV_014,Online,Gaming,0
TXN_002151,USR_0018,2026-03-28 06:18:01,25.26,Tokyo,4.83,DEV_018,Online,Travel,0
TXN_002152,USR_0021,2026-01-25 05:45:20,34.79,Berlin,3.84,DEV_021,Online,Travel,0
TXN_002153,USR_0043,2026-02-10 03:34:09,37.75,Mumbai,0.03,DEV_043,Online,Grocery,0
TXN_002154,USR_0010,2026-01-16 22:56:51,46.03,Tokyo,0.51,DEV_010,POS,Travel,0
TXN_002155,USR_0016,2026-02-23 21:24:53,89.92,New York,6.62,DEV_016,POS,Gaming,0
TXN_002156,USR_0070,2026-01-13 22:48:21,69.92,Sydney,8.07,DEV_070,POS,Travel,0
TXN_002157,USR_0012,2026-02-19 06:37:12,109.8,Paris,0.11,DEV_012,POS,Transfer,0
TXN_002158,USR_0069,2026-03-25 02:24:06,102.77,Berlin,1.16,DEV_069,Online,Utilities,0
TXN_002159,USR_0041,2026-03-27 20:00:55,65.28,London,0.48,DEV_096,POS,Transfer,0
TXN_002160,USR_0097,2026-02-17 20:24:44,92.69,London,0.4,DEV_097,ATM,Electronics,0
TXN_002161,USR_0059,2026-02-09 19:55:36,61.34,Mumbai,15.83,DEV_059,Online,Gaming,0
TXN_002162,USR_0007,2026-01-09 12:21:52,127.81,Toronto,6.49,DEV_007,POS,Transfer,0
TXN_002163,USR_0060,2026-03-27 23:50:24,76.92,Paris,0.54,DEV_060,POS,Grocery,0
TXN_002164,USR_0068,2026-01-31 21:03:41,122.08,Paris,0.23,DEV_068,Online,Electronics,0
TXN_002165,USR_0082,2026-01-22 12:30:48,99.36,Tokyo,1.32,DEV_145,Online,Transfer,0
TXN_002166,USR_0031,2026-02-03 21:32:11,15.19,Toronto,6.99,DEV_031,POS,Utilities,0
TXN_002167,USR_0090,2026-01-17 02:02:17,46.19,Tokyo,11.62,DEV_090,Online,Travel,0
TXN_002168,USR_0026,2026-02-07 16:19:10,553.42,Berlin,3803.99,DEV_134,Online,Electronics,1
TXN_002169,USR_0024,2026-03-24 15:14:45,20.36,New York,1.96,DEV_024,POS,Utilities,0
TXN_002170,USR_0030,2026-03-10 05:13:10,298.84,Sydney,15.2,DEV_030,ATM,Transfer,0
TXN_002171,USR_0027,2026-01-03 07:21:09,68.99,Mumbai,5.06,DEV_027,POS,Grocery,0
TXN_002172,USR_0085,2026-01-09 14:36:21,4063.85,Mumbai,2941.24,DEV_147,Wire Transfer,Electronics,1
TXN_002173,USR_0039,2026-03-05 18:28:42,125.77,Toronto,4.77,DEV_039,POS,Gaming,0
TXN_002174,USR_0010,2026-03-01 20:29:06,74.15,Tokyo,0.83,DEV_010,Online,Transfer,0
TXN_002175,USR_0071,2026-02-13 23:22:46,27.7,Toronto,0.02,DEV_077,ATM,Luxury,0
TXN_002176,USR_0061,2026-03-08 20:09:54,126.14,Berlin,18.5,DEV_061,Online,Utilities,0
TXN_002177,USR_0092,2026-01-02 18:08:34,24.23,Paris,1.56,DEV_092,Online,Grocery,0
TXN_002178,USR_0036,2026-01-12 09:52:06,18.14,Paris,2.59,DEV_114,POS,Gaming,0
TXN_002179,USR_0018,2026-01-28 05:21:20,74.76,Tokyo,15.8,DEV_018,ATM,Electronics,0
TXN_002180,USR_0001,2026-02-09 06:07:08,19.54,London,0.08,DEV_001,Online,Travel,0
TXN_002181,USR_0100,2026-01-22 08:22:21,38.48,Paris,0.16,DEV_100,POS,Utilities,0
TXN_002182,USR_0099,2026-02-27 02:03:21,114.01,Toronto,3.73,DEV_099,ATM,Grocery,0
TXN_002183,USR_0015,2026-02-27 04:42:08,80.78,Toronto,1.22,DEV_015,Wire Transfer,Grocery,0
TXN_002184,USR_0094,2026-01-19 21:52:12,25.04,Sydney,2.56,DEV_094,POS,Gaming,0
TXN_002185,USR_0003,2026-02-03 13:34:16,22.95,Mumbai,4.51,DEV_003,POS,Luxury,0
TXN_002186,USR_0053,2026-03-19 23:10:58,74.9,Berlin,2.41,DEV_053,POS,Electronics,0
TXN_002187,USR_0075,2026-01-27 02:23:45,22.68,Mumbai,1.73,DEV_075,POS,Luxury,0
TXN_002188,USR_0052,2026-03-26 21:34:38,40.27,Paris,0.42,DEV_052,Wire Transfer,Grocery,0
TXN_002189,USR_0042,2026-03-08 10:14:32,39.05,Tokyo,2.49,DEV_042,POS,Luxury,0
TXN_002190,USR_0084,2026-03-26 23:52:26,292.4,Paris,1.77,DEV_084,POS,Gaming,0
TXN_002191,USR_0069,2026-03-19 03:08:35,145.19,Berlin,8.51,DEV_069,POS,Grocery,0
TXN_002192,USR_0015,2026-02-22 12:19:37,124.96,Toronto,0.31,DEV_015,Online,Grocery,0
TXN_002193,USR_0070,2026-01-03 16:45:51,192.4,Sydney,5.27,DEV_070,POS,Electronics,0
TXN_002194,USR_0007,2026-03-06 02:39:46,20.19,Toronto,0.07,DEV_098,POS,Travel,0
TXN_002195,USR_0006,2026-01-21 14:28:16,110.27,Sydney,1.57,DEV_006,Online,Gaming,0
TXN_002196,USR_0095,2026-03-06 21:54:13,22.73,Berlin,1.41,DEV_095,POS,Transfer,0
TXN_002197,USR_0063,2026-02-11 17:10:08,68.97,Toronto,2.28,DEV_063,POS,Electronics,0
TXN_002198,USR_0046,2026-03-06 05:30:14,79.33,Sydney,0.84,DEV_046,Online,Luxury,0
TXN_002199,USR_0081,2026-03-30 19:59:00,26.65,London,12.51,DEV_081,Wire Transfer,Electronics,0
TXN_002200,USR_0093,2026-02-03 08:52:00,1983.0,London,1393.35,DEV_001,ATM,Gaming,1
TXN_002201,USR_0004,2026-01-03 21:00:22,76.32,Paris,2.09,DEV_016,Online,Travel,0
TXN_002202,USR_0086,2026-01-12 00:10:31,55.18,Sydney,2.16,DEV_086,POS,Grocery,0
TXN_002203,USR_0083,2026-02-21 20:51:23,140.34,Mumbai,10.54,DEV_083,Wire Transfer,Electronics,0
TXN_002204,USR_0017,2026-03-03 22:19:19,265.76,London,6.09,DEV_051,POS,Travel,0
TXN_002205,USR_0089,2026-02-14 10:34:36,149.49,London,2.64,DEV_089,Online,Luxury,0
TXN_002206,USR_0091,2026-02-08 15:36:22,174.09,Mumbai,3.78,DEV_091,POS,Gaming,0
TXN_002207,USR_0018,2026-02-17 15:37:45,143.39,Tokyo,6.56,DEV_018,Online,Transfer,0
TXN_002208,USR_0005,2026-03-17 21:53:37,61.45,Berlin,1.63,DEV_005,Online,Utilities,0
TXN_002209,USR_0008,2026-01-09 06:25:35,47.55,New York,13.6,DEV_008,ATM,Grocery,0
TXN_002210,USR_0087,2026-03-02 14:21:43,108.66,Toronto,5.79,DEV_087,Online,Travel,0
TXN_002211,USR_0061,2026-03-19 01:28:51,16.77,Berlin,1.92,DEV_061,Online,Transfer,0
TXN_002212,USR_0046,2026-03-13 17:12:13,55.3,Sydney,2.23,DEV_007,POS,Utilities,0
TXN_002213,USR_0019,2026-02-24 18:33:17,108.0,Mumbai,1.97,DEV_019,Online,Gaming,0
TXN_002214,USR_0003,2026-02-05 11:34:25,86.21,Mumbai,0.79,DEV_003,POS,Electronics,0
TXN_002215,USR_0050,2026-02-02 01:30:08,38.57,Tokyo,2.8,DEV_052,Online,Travel,0
TXN_002216,USR_0060,2026-03-24 03:37:33,974.2,New York,4083.99,DEV_023,ATM,Transfer,1
TXN_002217,USR_0030,2026-03-13 06:33:16,30.82,Sydney,12.67,DEV_030,POS,Travel,0
TXN_002218,USR_0044,2026-01-18 02:27:23,134.46,Paris,0.75,DEV_005,Online,Transfer,0
TXN_002219,USR_0050,2026-02-04 01:12:17,60.63,Tokyo,13.49,DEV_050,POS,Utilities,0
TXN_002220,USR_0084,2026-01-30 10:21:21,112.08,Paris,1.05,DEV_084,ATM,Grocery,0
TXN_002221,USR_0004,2026-03-11 01:21:44,51.04,Paris,11.84,DEV_004,Online,Grocery,0
TXN_002222,USR_0019,2026-02-24 14:05:44,28.38,Mumbai,4.6,DEV_019,Online,Utilities,0
TXN_002223,USR_0026,2026-03-05 07:38:27,54.29,Tokyo,9.72,DEV_026,Online,Utilities,0
TXN_002224,USR_0066,2026-03-17 06:58:06,10.85,Toronto,7.36,DEV_066,Wire Transfer,Grocery,0
TXN_002225,USR_0080,2026-01-10 04:09:13,16.02,New York,6.54,DEV_080,ATM,Travel,0
TXN_002226,USR_0009,2026-03-22 10:47:45,158.04,London,0.27,DEV_140,POS,Electronics,0
TXN_002227,USR_0074,2026-03-08 14:32:49,95.36,Tokyo,3.48,DEV_143,Online,Transfer,0
TXN_002228,USR_0052,2026-02-28 18:32:38,39.25,Paris,5.13,DEV_052,Online,Grocery,0
TXN_002229,USR_0005,2026-03-01 03:00:54,11.95,Berlin,2.25,DEV_005,ATM,Luxury,0
TXN_002230,USR_0025,2026-02-10 04:34:15,55.98,London,0.09,DEV_063,POS,Transfer,0
TXN_002231,USR_0035,2026-01-21 08:28:10,96.2,Sydney,3.41,DEV_035,POS,Utilities,0
TXN_002232,USR_0091,2026-03-14 17:38:49,120.74,Mumbai,1.44,DEV_091,Online,Luxury,0
TXN_002233,USR_0025,2026-01-22 12:00:43,90.44,London,2.94,DEV_025,POS,Grocery,0
TXN_002234,USR_0037,2026-01-25 11:12:52,49.79,Berlin,0.08,DEV_037,ATM,Utilities,0
TXN_002235,USR_0037,2026-02-27 14:48:58,29.79,Berlin,2.24,DEV_124,POS,Utilities,0
TXN_002236,USR_0007,2026-01-20 02:55:22,27.73,Toronto,4.2,DEV_007,POS,Utilities,0
TXN_002237,USR_0038,2026-02-18 00:28:21,12.86,Sydney,1.11,DEV_065,Online,Grocery,0
TXN_002238,USR_0096,2026-02-15 08:45:40,58.96,New York,3.61,DEV_031,POS,Gaming,0
TXN_002239,USR_0080,2026-01-11 01:54:55,84.56,New York,0.45,DEV_080,POS,Luxury,0
TXN_002240,USR_0045,2026-01-29 05:25:24,150.63,Berlin,15.49,DEV_045,POS,Gaming,0
TXN_002241,USR_0013,2026-02-05 05:04:25,11.16,Berlin,10.52,DEV_013,Wire Transfer,Utilities,0
TXN_002242,USR_0059,2026-02-10 08:52:00,145.02,Mumbai,7.68,DEV_059,POS,Travel,0
TXN_002243,USR_0091,2026-03-24 15:16:23,66.76,Mumbai,4.61,DEV_091,Wire Transfer,Travel,0
TXN_002244,USR_0089,2026-01-15 23:35:30,32.17,London,2.16,DEV_089,Online,Electronics,0
TXN_002245,USR_0066,2026-01-01 17:32:11,112.32,Tokyo,2.86,DEV_066,POS,Utilities,0
TXN_002246,USR_0033,2026-01-21 13:39:08,21.23,London,2.66,DEV_033,POS,Travel,0
TXN_002247,USR_0054,2026-01-01 23:08:55,115.4,Sydney,4.96,DEV_054,Online,Luxury,0
TXN_002248,USR_0081,2026-02-22 08:20:24,291.17,London,1.53,DEV_081,POS,Gaming,0
TXN_002249,USR_0005,2026-01-25 01:58:28,33.28,Berlin,3.3,DEV_005,POS,Luxury,0
TXN_002250,USR_0080,2026-03-22 13:47:15,119.13,New York,2.15,DEV_080,Online,Utilities,0
TXN_002251,USR_0004,2026-02-04 16:32:29,170.71,Paris,1.5,DEV_004,POS,Gaming,0
TXN_002252,USR_0021,2026-02-25 02:46:40,126.74,Berlin,0.07,DEV_021,Online,Grocery,0
TXN_002253,USR_0049,2026-03-08 12:45:45,63.92,London,8.7,DEV_049,Online,Grocery,0
TXN_002254,USR_0093,2026-02-23 20:07:43,50.92,Berlin,2.49,DEV_093,Online,Gaming,0
TXN_002255,USR_0053,2026-03-17 19:56:42,106.21,Berlin,17.79,DEV_053,Online,Electronics,0
TXN_002256,USR_0081,2026-03-21 09:34:31,19.8,London,0.88,DEV_081,ATM,Grocery,0
TXN_002257,USR_0088,2026-03-05 00:20:29,70.7,New York,0.66,DEV_088,ATM,Utilities,0
TXN_002258,USR_0041,2026-02-16 17:33:04,80.51,London,4.01,DEV_041,Online,Gaming,0
TXN_002259,USR_0081,2026-03-12 19:56:22,78.85,London,1.33,DEV_026,ATM,Luxury,0
TXN_002260,USR_0038,2026-01-19 09:33:03,46.45,Sydney,7.76,DEV_038,Online,Electronics,0
TXN_002261,USR_0054,2026-03-19 23:17:21,10.5,Sydney,0.26,DEV_054,ATM,Grocery,0
TXN_002262,USR_0086,2026-01-20 11:15:18,16.14,Sydney,28.36,DEV_086,POS,Gaming,0
TXN_002263,USR_0050,2026-02-28 05:37:50,135.17,Tokyo,31.87,DEV_050,ATM,Transfer,0
TXN_002264,USR_0061,2026-02-20 22:16:52,43.89,Berlin,0.23,DEV_061,Online,Utilities,0
TXN_002265,USR_0091,2026-01-23 09:21:38,49.64,Mumbai,0.11,DEV_091,POS,Utilities,0
TXN_002266,USR_0095,2026-03-22 11:37:34,23.64,Toronto,3.81,DEV_095,POS,Utilities,0
TXN_002267,USR_0009,2026-02-05 01:09:47,29.29,London,3.79,DEV_009,ATM,Transfer,0
TXN_002268,USR_0034,2026-01-27 18:51:21,41.61,Tokyo,0.29,DEV_034,Online,Electronics,0
TXN_002269,USR_0021,2026-03-15 02:29:14,166.31,Berlin,15.62,DEV_086,Online,Transfer,0
TXN_002270,USR_0052,2026-02-13 23:30:30,786.89,London,3528.93,DEV_028,ATM,Electronics,1
TXN_002271,USR_0096,2026-03-01 09:43:38,14.8,New York,9.55,DEV_096,Online,Grocery,0
TXN_002272,USR_0050,2026-01-05 03:51:50,53.69,Tokyo,0.72,DEV_050,POS,Utilities,0
TXN_002273,USR_0072,2026-03-22 17:08:02,79.45,New York,3.14,DEV_072,POS,Transfer,0
TXN_002274,USR_0069,2026-01-18 20:31:06,42.58,Berlin,1.83,DEV_069,POS,Electronics,0
TXN_002275,USR_0082,2026-03-01 12:53:55,119.07,Tokyo,5.25,DEV_082,Online,Gaming,0
TXN_002276,USR_0002,2026-03-22 18:36:50,28.33,Tokyo,0.05,DEV_002,POS,Utilities,0
TXN_002277,USR_0023,2026-02-01 12:18:32,209.19,Toronto,0.59,DEV_081,POS,Transfer,0
TXN_002278,USR_0080,2026-03-07 11:40:06,84.5,New York,6.96,DEV_147,POS,Grocery,0
TXN_002279,USR_0095,2026-01-15 19:16:10,49.3,Toronto,9.53,DEV_111,POS,Luxury,0
TXN_002280,USR_0011,2026-01-01 04:10:50,94.59,Mumbai,4.86,DEV_011,POS,Electronics,0
TXN_002281,USR_0012,2026-02-27 15:14:31,10.28,Paris,4.05,DEV_012,Wire Transfer,Transfer,0
TXN_002282,USR_0041,2026-01-20 05:27:37,54.36,London,4.96,DEV_041,Online,Utilities,0
TXN_002283,USR_0007,2026-01-31 17:28:48,157.48,Tokyo,1.82,DEV_007,Wire Transfer,Luxury,0
TXN_002284,USR_0055,2026-01-11 16:42:58,127.12,Toronto,4.32,DEV_055,POS,Grocery,0
TXN_002285,USR_0002,2026-02-26 05:40:08,12.38,Tokyo,3.3,DEV_002,POS,Grocery,0
TXN_002286,USR_0088,2026-02-09 04:48:57,213.91,New York,25.35,DEV_079,ATM,Gaming,0
TXN_002287,USR_0061,2026-01-15 07:04:52,122.63,Berlin,6.17,DEV_061,ATM,Transfer,0
TXN_002288,USR_0008,2026-03-11 23:11:24,19.63,New York,1.4,DEV_008,ATM,Gaming,0
TXN_002289,USR_0085,2026-02-08 17:12:47,81.58,Berlin,5.25,DEV_085,ATM,Gaming,0
TXN_002290,USR_0067,2026-03-16 21:11:41,18.96,Mumbai,1.54,DEV_067,POS,Grocery,0
TXN_002291,USR_0050,2026-03-18 03:31:00,84.42,Tokyo,12.14,DEV_050,Online,Gaming,0
TXN_002292,USR_0059,2026-03-08 06:19:56,116.23,Mumbai,19.82,DEV_059,Wire Transfer,Grocery,0
TXN_002293,USR_0033,2026-01-18 06:07:32,33.5,London,1.88,DEV_033,POS,Gaming,0
TXN_002294,USR_0079,2026-03-20 17:10:04,73.37,Toronto,0.59,DEV_079,Online,Transfer,0
TXN_002295,USR_0059,2026-03-03 03:06:38,153.13,Mumbai,12.24,DEV_059,Online,Luxury,0
TXN_002296,USR_0006,2026-01-24 00:32:30,143.58,Sydney,17.99,DEV_006,Online,Gaming,0
TXN_002297,USR_0036,2026-02-25 07:51:52,71.36,Paris,8.32,DEV_036,POS,Utilities,0
TXN_002298,USR_0065,2026-01-14 05:18:54,99.79,London,10.37,DEV_065,ATM,Electronics,0
TXN_002299,USR_0046,2026-02-05 11:44:07,126.81,Sydney,3.43,DEV_046,POS,Gaming,0
TXN_002300,USR_0066,2026-02-08 12:08:29,96.01,Tokyo,11.37,DEV_066,Online,Grocery,0
TXN_002301,USR_0049,2026-03-11 18:17:20,88.46,London,2.74,DEV_049,Online,Utilities,0
TXN_002302,USR_0082,2026-01-13 07:07:47,277.17,Tokyo,4.21,DEV_082,POS,Grocery,0
TXN_002303,USR_0036,2026-01-22 07:40:53,148.65,Paris,12.34,DEV_036,POS,Utilities,0
TXN_002304,USR_0097,2026-01-11 05:16:01,13.98,London,2.57,DEV_097,POS,Transfer,0
TXN_002305,USR_0067,2026-02-21 08:36:27,169.41,Mumbai,2.29,DEV_067,Online,Luxury,0
TXN_002306,USR_0029,2026-02-27 05:19:20,19.69,Berlin,17.63,DEV_131,Wire Transfer,Transfer,0
TXN_002307,USR_0089,2026-02-25 05:12:08,65.14,London,6.39,DEV_089,Online,Electronics,0
TXN_002308,USR_0100,2026-02-28 18:32:41,26.78,Berlin,0.91,DEV_085,POS,Grocery,0
TXN_002309,USR_0051,2026-03-12 04:46:19,16.39,Mumbai,2.55,DEV_051,Online,Grocery,0
TXN_002310,USR_0092,2026-03-21 18:38:28,113.26,New York,20.48,DEV_061,Online,Grocery,0
TXN_002311,USR_0012,2026-03-03 14:22:04,348.72,Paris,2.92,DEV_012,ATM,Electronics,0
TXN_002312,USR_0007,2026-02-22 14:58:25,63.46,Toronto,0.64,DEV_007,Online,Grocery,0
TXN_002313,USR_0011,2026-01-26 11:56:42,84.84,Mumbai,9.92,DEV_011,POS,Electronics,0
TXN_002314,USR_0071,2026-02-18 21:27:56,15.44,Toronto,14.02,DEV_071,POS,Gaming,0
TXN_002315,USR_0034,2026-03-30 20:43:26,20.99,Tokyo,0.95,DEV_034,Online,Luxury,0
TXN_002316,USR_0016,2026-01-31 10:37:22,37.61,New York,0.22,DEV_016,Online,Transfer,0
TXN_002317,USR_0046,2026-02-17 18:10:02,16.12,Sydney,2.59,DEV_046,Online,Utilities,0
TXN_002318,USR_0017,2026-02-02 23:57:56,40.23,London,3.09,DEV_017,Online,Gaming,0
TXN_002319,USR_0071,2026-03-06 14:40:26,62.12,Toronto,8.35,DEV_071,Online,Travel,0
TXN_002320,USR_0025,2026-03-12 01:39:13,94.47,London,3.26,DEV_025,ATM,Transfer,0
TXN_002321,USR_0050,2026-01-28 18:33:43,103.93,Tokyo,2.51,DEV_050,Online,Transfer,0
TXN_002322,USR_0099,2026-02-21 15:51:00,26.35,Mumbai,1.12,DEV_099,Online,Electronics,0
TXN_002323,USR_0036,2026-03-04 23:33:39,108.15,Paris,3.48,DEV_036,Online,Travel,0
TXN_002324,USR_0011,2026-01-26 10:34:39,24.75,Mumbai,0.59,DEV_011,ATM,Grocery,0
TXN_002325,USR_0009,2026-03-04 05:18:18,12.0,London,1.79,DEV_009,POS,Electronics,0
TXN_002326,USR_0083,2026-02-06 21:14:20,50.05,Mumbai,5.81,DEV_083,Online,Grocery,0
TXN_002327,USR_0077,2026-02-25 03:29:04,1593.88,New York,1923.31,DEV_109,Online,Luxury,1
TXN_002328,USR_0037,2026-01-15 08:17:17,91.77,New York,0.83,DEV_037,POS,Gaming,0
TXN_002329,USR_0044,2026-02-26 20:52:18,125.54,Paris,4.45,DEV_044,Online,Grocery,0
TXN_002330,USR_0038,2026-01-27 12:21:09,64.18,Sydney,0.05,DEV_038,Online,Travel,0
TXN_002331,USR_0059,2026-03-14 03:59:49,214.01,Mumbai,1.27,DEV_112,Online,Gaming,0
TXN_002332,USR_0042,2026-02-08 07:59:29,2319.07,New York,2942.95,DEV_044,ATM,Transfer,1
TXN_002333,USR_0024,2026-02-02 16:45:19,129.61,New York,2.12,DEV_024,Wire Transfer,Gaming,0
TXN_002334,USR_0089,2026-03-12 10:42:11,104.16,Mumbai,0.06,DEV_089,Wire Transfer,Grocery,0
TXN_002335,USR_0058,2026-02-28 19:07:33,150.5,Tokyo,1.42,DEV_058,POS,Gaming,0
TXN_002336,USR_0092,2026-01-14 15:03:36,112.99,Paris,0.89,DEV_092,Online,Travel,0
TXN_002337,USR_0057,2026-03-05 13:50:20,130.31,London,1.57,DEV_057,POS,Grocery,0
TXN_002338,USR_0075,2026-01-02 01:04:14,47.92,Mumbai,1.07,DEV_075,POS,Transfer,0
TXN_002339,USR_0040,2026-01-02 21:46:45,205.05,New York,6.07,DEV_040,POS,Gaming,0
TXN_002340,USR_0092,2026-01-01 19:17:48,40.45,Paris,8.31,DEV_025,Online,Grocery,0
TXN_002341,USR_0082,2026-03-19 18:13:30,75.43,Tokyo,7.2,DEV_082,Online,Luxury,0
TXN_002342,USR_0094,2026-03-26 02:17:52,88.86,Sydney,26.16,DEV_094,Online,Transfer,0
TXN_002343,USR_0018,2026-02-27 01:19:32,106.66,Tokyo,3.02,DEV_013,Online,Utilities,0
TXN_002344,USR_0054,2026-01-29 03:49:29,306.56,Sydney,0.62,DEV_095,Online,Transfer,0
TXN_002345,USR_0100,2026-01-03 22:16:28,74.21,Paris,7.35,DEV_100,Online,Transfer,0
TXN_002346,USR_0100,2026-02-12 12:23:08,114.78,Paris,3.35,DEV_100,Wire Transfer,Transfer,0
TXN_002347,USR_0072,2026-01-09 12:52:43,98.21,New York,9.42,DEV_072,ATM,Gaming,0
TXN_002348,USR_0019,2026-01-18 00:47:42,65.76,London,0.02,DEV_019,POS,Luxury,0
TXN_002349,USR_0084,2026-03-25 12:27:11,21.36,Paris,11.24,DEV_084,POS,Utilities,0
TXN_002350,USR_0097,2026-01-23 21:30:09,89.87,London,1.59,DEV_097,Online,Transfer,0
TXN_002351,USR_0015,2026-03-08 00:53:45,134.22,Toronto,3.53,DEV_015,Wire Transfer,Gaming,0
TXN_002352,USR_0062,2026-01-19 11:11:29,28.21,Sydney,11.77,DEV_062,POS,Gaming,0
TXN_002353,USR_0041,2026-01-07 05:50:39,100.01,London,7.08,DEV_041,Online,Transfer,0
TXN_002354,USR_0046,2026-01-10 19:04:59,12.05,Sydney,1.63,DEV_046,POS,Transfer,0
TXN_002355,USR_0018,2026-03-28 04:25:08,32.76,Tokyo,5.13,DEV_018,POS,Luxury,0
TXN_002356,USR_0012,2026-01-04 16:12:11,50.86,Paris,26.13,DEV_012,POS,Travel,0
TXN_002357,USR_0076,2026-03-27 07:47:19,10.76,Paris,6.01,DEV_076,POS,Utilities,0
TXN_002358,USR_0004,2026-02-02 02:48:48,75.11,Paris,8.98,DEV_004,POS,Luxury,0
TXN_002359,USR_0075,2026-02-04 17:44:01,31.07,Mumbai,1.48,DEV_075,Online,Travel,0
TXN_002360,USR_0086,2026-03-03 03:41:51,86.84,Sydney,0.23,DEV_086,Online,Grocery,0
TXN_002361,USR_0032,2026-03-01 06:47:35,39.4,New York,0.53,DEV_032,POS,Electronics,0
TXN_002362,USR_0078,2026-01-23 23:09:54,57.41,Sydney,5.36,DEV_046,POS,Electronics,0
TXN_002363,USR_0018,2026-03-06 12:45:23,11.96,Tokyo,2.29,DEV_018,ATM,Utilities,0
TXN_002364,USR_0077,2026-03-13 02:47:56,22.67,Berlin,2.84,DEV_141,POS,Travel,0
TXN_002365,USR_0096,2026-02-25 17:02:58,43.36,New York,3.76,DEV_096,POS,Grocery,0
TXN_002366,USR_0030,2026-01-29 23:34:58,138.13,Sydney,11.0,DEV_030,Online,Luxury,0
TXN_002367,USR_0006,2026-03-10 19:37:22,200.97,Sydney,5.76,DEV_006,POS,Luxury,0
TXN_002368,USR_0047,2026-01-10 12:46:37,17.46,Toronto,6.44,DEV_047,Online,Luxury,0
TXN_002369,USR_0063,2026-01-01 11:05:06,57.1,Toronto,3.12,DEV_063,Online,Luxury,0
TXN_002370,USR_0002,2026-03-14 23:45:20,132.03,Tokyo,1.99,DEV_075,Online,Grocery,0
TXN_002371,USR_0061,2026-01-13 20:26:16,127.3,Paris,0.48,DEV_061,Online,Luxury,0
TXN_002372,USR_0085,2026-03-11 03:19:41,175.61,Berlin,13.02,DEV_085,ATM,Luxury,0
TXN_002373,USR_0002,2026-02-06 00:55:12,21.47,Tokyo,6.94,DEV_100,POS,Electronics,0
TXN_002374,USR_0052,2026-02-26 00:43:28,152.91,Paris,3.03,DEV_052,Online,Electronics,0
TXN_002375,USR_0036,2026-02-06 13:38:38,98.57,Paris,1.85,DEV_036,POS,Electronics,0
TXN_002376,USR_0070,2026-02-03 08:29:54,13.38,Sydney,4.03,DEV_038,POS,Travel,0
TXN_002377,USR_0047,2026-03-29 07:13:32,80.06,Toronto,0.09,DEV_047,Online,Grocery,0
TXN_002378,USR_0086,2026-01-30 19:03:32,89.8,Sydney,0.22,DEV_086,POS,Transfer,0
TXN_002379,USR_0048,2026-03-12 19:51:31,15.53,New York,8.86,DEV_048,Online,Electronics,0
TXN_002380,USR_0021,2026-02-23 09:57:06,11.9,Berlin,0.66,DEV_021,POS,Gaming,0
TXN_002381,USR_0035,2026-03-06 14:44:49,68.72,Mumbai,7.51,DEV_035,Online,Electronics,0
TXN_002382,USR_0018,2026-03-12 21:56:33,29.16,Tokyo,1.62,DEV_026,POS,Travel,0
TXN_002383,USR_0042,2026-03-24 02:40:03,29.25,Tokyo,0.29,DEV_042,Wire Transfer,Travel,0
TXN_002384,USR_0064,2026-02-05 13:12:35,45.93,New York,2.75,DEV_064,ATM,Gaming,0
TXN_002385,USR_0001,2026-03-02 14:16:39,49.64,London,0.96,DEV_001,Online,Grocery,0
TXN_002386,USR_0017,2026-03-28 23:48:56,59.83,London,1.62,DEV_017,ATM,Grocery,0
TXN_002387,USR_0045,2026-02-21 06:29:01,597.3,Tokyo,1376.04,DEV_045,ATM,Luxury,1
TXN_002388,USR_0027,2026-01-23 14:55:36,2123.19,Berlin,2888.5,DEV_085,ATM,Electronics,1
TXN_002389,USR_0024,2026-02-07 04:12:58,28.1,New York,4.53,DEV_147,Wire Transfer,Electronics,0
TXN_002390,USR_0071,2026-03-01 02:55:55,12.21,Toronto,2.58,DEV_071,Online,Electronics,0
TXN_002391,USR_0095,2026-03-13 20:04:19,16.37,London,2.88,DEV_095,POS,Luxury,0
TXN_002392,USR_0100,2026-03-10 13:40:28,17.21,Paris,23.41,DEV_032,POS,Travel,0
TXN_002393,USR_0046,2026-03-22 18:49:32,127.8,Sydney,6.3,DEV_046,ATM,Electronics,0
TXN_002394,USR_0022,2026-03-12 09:54:17,143.47,Sydney,3.6,DEV_022,POS,Electronics,0
TXN_002395,USR_0035,2026-03-18 23:01:15,52.13,Mumbai,2.2,DEV_035,POS,Grocery,0
TXN_002396,USR_0026,2026-03-08 10:46:58,25.62,Tokyo,8.46,DEV_026,POS,Grocery,0
TXN_002397,USR_0022,2026-02-15 15:38:50,87.03,Sydney,3.38,DEV_022,POS,Luxury,0
TXN_002398,USR_0023,2026-03-21 05:45:15,98.24,Toronto,4.27,DEV_023,POS,Electronics,0
TXN_002399,USR_0067,2026-03-22 07:20:08,10.28,Mumbai,3.67,DEV_067,POS,Travel,0
TXN_002400,USR_0006,2026-03-28 09:27:45,165.64,Sydney,12.19,DEV_006,Online,Utilities,0
TXN_002401,USR_0028,2026-01-21 16:04:47,13.8,Paris,6.33,DEV_028,Wire Transfer,Travel,0
TXN_002402,USR_0093,2026-03-30 20:19:10,57.6,Berlin,0.72,DEV_010,ATM,Luxury,0
TXN_002403,USR_0088,2026-01-21 23:01:30,104.46,New York,1.89,DEV_088,Online,Gaming,0
TXN_002404,USR_0085,2026-01-15 16:33:47,55.25,Berlin,1.42,DEV_085,Online,Travel,0
TXN_002405,USR_0086,2026-03-13 20:03:19,55.05,Sydney,5.54,DEV_086,Online,Electronics,0
TXN_002406,USR_0059,2026-02-13 12:01:40,78.63,Mumbai,9.84,DEV_059,Online,Grocery,0
TXN_002407,USR_0072,2026-03-13 08:42:25,3471.72,Berlin,4089.85,DEV_023,Wire Transfer,Luxury,1
TXN_002408,USR_0044,2026-02-07 10:46:28,115.55,Paris,2.44,DEV_049,ATM,Electronics,0
TXN_002409,USR_0092,2026-03-04 15:14:15,84.53,Paris,0.73,DEV_092,POS,Electronics,0
TXN_002410,USR_0004,2026-03-04 03:46:30,285.91,Paris,0.33,DEV_004,Online,Luxury,0
TXN_002411,USR_0004,2026-03-15 20:27:12,24.02,Mumbai,21.44,DEV_004,Online,Gaming,0
TXN_002412,USR_0062,2026-03-20 14:50:22,180.07,Sydney,2.03,DEV_062,POS,Electronics,0
TXN_002413,USR_0044,2026-01-03 11:58:52,106.53,Paris,16.39,DEV_044,POS,Grocery,0
TXN_002414,USR_0046,2026-02-19 22:20:59,44.17,Sydney,1.91,DEV_059,POS,Utilities,0
TXN_002415,USR_0052,2026-01-29 21:50:56,14.64,Paris,0.63,DEV_052,ATM,Travel,0
TXN_002416,USR_0053,2026-02-03 14:57:51,4594.42,New York,3349.02,DEV_034,Wire Transfer,Electronics,1
TXN_002417,USR_0099,2026-02-14 01:46:14,48.37,Mumbai,2.08,DEV_099,POS,Electronics,0
TXN_002418,USR_0076,2026-02-05 06:12:32,134.54,Paris,3.53,DEV_076,ATM,Electronics,0
TXN_002419,USR_0061,2026-02-05 15:52:36,89.37,Berlin,9.36,DEV_061,Online,Grocery,0
TXN_002420,USR_0025,2026-03-25 15:57:29,31.88,London,1.82,DEV_025,Online,Gaming,0
TXN_002421,USR_0020,2026-03-22 07:38:57,69.08,Paris,2.09,DEV_020,Online,Utilities,0
TXN_002422,USR_0038,2026-02-23 20:03:23,356.79,Sydney,6.99,DEV_038,POS,Transfer,0
TXN_002423,USR_0082,2026-03-01 13:38:33,22.9,Tokyo,4.07,DEV_082,Online,Electronics,0
TXN_002424,USR_0029,2026-03-01 21:38:24,92.62,Berlin,11.36,DEV_029,POS,Luxury,0
TXN_002425,USR_0003,2026-03-08 02:05:51,44.57,Mumbai,14.2,DEV_003,POS,Electronics,0
TXN_002426,USR_0025,2026-01-28 05:48:28,239.68,London,6.3,DEV_025,Online,Grocery,0
TXN_002427,USR_0015,2026-01-26 16:56:28,176.55,Toronto,3.7,DEV_087,Wire Transfer,Gaming,0
TXN_002428,USR_0059,2026-01-17 11:48:30,17.0,Tokyo,5.61,DEV_059,Online,Travel,0
TXN_002429,USR_0008,2026-02-14 07:41:38,121.93,New York,5.09,DEV_036,ATM,Utilities,0
TXN_002430,USR_0007,2026-03-02 12:50:19,91.95,Toronto,3.07,DEV_007,Online,Travel,0
TXN_002431,USR_0043,2026-01-15 17:17:45,43.6,Mumbai,4.69,DEV_043,Online,Transfer,0
TXN_002432,USR_0017,2026-03-04 14:33:43,63.61,London,6.58,DEV_017,POS,Electronics,0
TXN_002433,USR_0031,2026-02-27 15:18:02,60.74,Sydney,0.93,DEV_126,Online,Travel,0
TXN_002434,USR_0028,2026-01-24 23:05:01,1297.17,Mumbai,460.49,DEV_143,ATM,Gaming,1
TXN_002435,USR_0032,2026-03-17 17:52:39,28.66,New York,3.54,DEV_032,Online,Grocery,0
TXN_002436,USR_0018,2026-03-14 10:17:48,323.49,Tokyo,6.99,DEV_018,Online,Luxury,0
TXN_002437,USR_0033,2026-01-27 05:30:43,69.25,London,7.02,DEV_033,ATM,Transfer,0
TXN_002438,USR_0060,2026-02-04 09:21:26,58.47,Paris,0.75,DEV_060,POS,Utilities,0
TXN_002439,USR_0088,2026-01-27 14:36:10,350.04,New York,27.69,DEV_023,POS,Travel,0
TXN_002440,USR_0094,2026-03-07 03:00:16,91.85,Sydney,2.83,DEV_094,Online,Luxury,0
TXN_002441,USR_0094,2026-02-02 02:04:56,387.31,Sydney,0.95,DEV_094,ATM,Utilities,0
TXN_002442,USR_0100,2026-03-26 19:17:45,27.34,Paris,1.06,DEV_100,Online,Utilities,0
TXN_002443,USR_0080,2026-01-28 19:08:39,48.11,New York,2.69,DEV_080,ATM,Luxury,0
TXN_002444,USR_0007,2026-03-10 08:15:44,91.2,Toronto,7.35,DEV_007,ATM,Utilities,0
TXN_002445,USR_0047,2026-03-23 07:57:16,39.33,Toronto,0.93,DEV_047,Online,Grocery,0
TXN_002446,USR_0075,2026-02-02 14:42:02,128.88,Mumbai,7.19,DEV_075,Online,Grocery,0
TXN_002447,USR_0100,2026-02-11 00:07:18,21.38,Paris,11.31,DEV_100,POS,Luxury,0
TXN_002448,USR_0057,2026-03-22 02:22:18,66.47,London,0.13,DEV_057,Online,Utilities,0
TXN_002449,USR_0074,2026-03-21 11:03:09,11.73,Tokyo,1.27,DEV_073,Online,Transfer,0
TXN_002450,USR_0081,2026-01-11 01:15:51,83.41,London,6.66,DEV_081,ATM,Grocery,0
TXN_002451,USR_0001,2026-01-12 10:07:11,131.59,London,5.17,DEV_001,Online,Travel,0
TXN_002452,USR_0098,2026-02-20 12:06:15,83.54,Mumbai,29.45,DEV_098,Online,Travel,0
TXN_002453,USR_0097,2026-03-09 06:12:01,96.81,London,11.36,DEV_117,ATM,Gaming,0
TXN_002454,USR_0066,2026-02-14 12:58:31,216.23,Tokyo,0.33,DEV_066,Online,Gaming,0
TXN_002455,USR_0059,2026-02-11 10:42:43,28.4,Mumbai,3.58,DEV_059,POS,Transfer,0
TXN_002456,USR_0038,2026-03-04 02:20:39,125.96,Sydney,0.02,DEV_118,POS,Transfer,0
TXN_002457,USR_0060,2026-03-26 02:30:09,138.49,Paris,11.66,DEV_060,ATM,Grocery,0
TXN_002458,USR_0076,2026-02-14 02:35:25,105.26,Paris,2.16,DEV_076,POS,Transfer,0
TXN_002459,USR_0053,2026-01-01 18:05:23,52.35,Berlin,0.98,DEV_053,ATM,Gaming,0
TXN_002460,USR_0096,2026-01-23 21:56:12,56.33,New York,2.29,DEV_096,Online,Transfer,0
TXN_002461,USR_0009,2026-02-28 05:20:19,54.0,London,3.78,DEV_147,Online,Utilities,0
TXN_002462,USR_0068,2026-01-11 16:30:26,15.83,Paris,1.98,DEV_068,POS,Travel,0
TXN_002463,USR_0033,2026-03-30 00:29:58,26.13,London,2.15,DEV_033,POS,Gaming,0
TXN_002464,USR_0036,2026-02-22 10:02:31,115.49,Paris,11.2,DEV_036,ATM,Electronics,0
TXN_002465,USR_0065,2026-02-26 05:57:29,28.0,Mumbai,0.41,DEV_144,Online,Electronics,0
TXN_002466,USR_0051,2026-01-02 20:14:30,134.41,Mumbai,1.66,DEV_051,POS,Grocery,0
TXN_002467,USR_0037,2026-01-22 18:41:26,40.2,Berlin,0.16,DEV_037,ATM,Electronics,0
TXN_002468,USR_0049,2026-03-11 00:59:11,33.06,London,5.13,DEV_049,Online,Electronics,0
TXN_002469,USR_0069,2026-02-21 19:03:08,79.36,Berlin,8.14,DEV_069,ATM,Gaming,0
TXN_002470,USR_0021,2026-03-20 06:12:49,153.92,Berlin,12.3,DEV_021,Online,Luxury,0
TXN_002471,USR_0012,2026-02-01 16:33:18,143.38,Paris,3.2,DEV_012,Online,Electronics,0
TXN_002472,USR_0040,2026-03-19 11:19:17,482.14,New York,4.45,DEV_040,ATM,Luxury,0
TXN_002473,USR_0017,2026-03-16 09:55:08,44.25,London,0.13,DEV_017,Online,Gaming,0
TXN_002474,USR_0044,2026-03-21 00:02:28,103.11,Paris,7.41,DEV_018,ATM,Luxury,0
TXN_002475,USR_0062,2026-03-03 11:28:58,21.35,Sydney,2.79,DEV_062,POS,Luxury,0
TXN_002476,USR_0011,2026-02-08 17:36:07,13.56,Mumbai,0.72,DEV_011,POS,Luxury,0
TXN_002477,USR_0062,2026-03-23 01:11:34,48.23,Sydney,13.41,DEV_062,Online,Luxury,0
TXN_002478,USR_0100,2026-01-06 05:45:18,72.2,Paris,11.07,DEV_100,Online,Travel,0
TXN_002479,USR_0004,2026-03-24 02:56:33,15.61,Paris,4.47,DEV_004,ATM,Gaming,0
TXN_002480,USR_0070,2026-03-26 18:27:31,30.67,Sydney,1.34,DEV_088,Online,Luxury,0
TXN_002481,USR_0038,2026-01-29 08:58:21,15.88,Sydney,6.65,DEV_038,POS,Utilities,0
TXN_002482,USR_0076,2026-03-24 03:53:05,21.66,Paris,0.37,DEV_076,Wire Transfer,Utilities,0
TXN_002483,USR_0037,2026-03-23 04:29:53,51.05,Berlin,7.56,DEV_037,POS,Transfer,0
TXN_002484,USR_0031,2026-02-19 08:38:24,41.28,Toronto,5.85,DEV_130,ATM,Utilities,0
TXN_002485,USR_0088,2026-02-04 23:30:47,70.52,New York,1.7,DEV_088,POS,Utilities,0
TXN_002486,USR_0056,2026-01-17 17:47:33,23.38,New York,1.71,DEV_056,POS,Travel,0
TXN_002487,USR_0028,2026-03-18 12:03:18,415.53,Paris,3.05,DEV_028,Online,Electronics,0
TXN_002488,USR_0098,2026-03-03 01:28:00,34.75,Tokyo,1.82,DEV_098,Online,Utilities,0
TXN_002489,USR_0049,2026-02-13 06:28:31,116.88,London,2.81,DEV_049,Online,Electronics,0
TXN_002490,USR_0071,2026-02-20 18:57:32,85.02,Toronto,2.98,DEV_071,POS,Gaming,0
TXN_002491,USR_0093,2026-03-09 22:06:53,108.18,Berlin,3.36,DEV_093,Online,Utilities,0
TXN_002492,USR_0086,2026-01-05 17:50:53,141.58,Sydney,5.6,DEV_086,Online,Grocery,0
TXN_002493,USR_0053,2026-01-29 22:32:21,34.23,Berlin,1.26,DEV_053,ATM,Grocery,0
TXN_002494,USR_0082,2026-01-13 17:19:17,44.32,Tokyo,9.03,DEV_004,Online,Transfer,0
TXN_002495,USR_0025,2026-01-12 01:11:58,24.81,London,5.2,DEV_025,POS,Utilities,0
TXN_002496,USR_0056,2026-03-29 23:32:34,81.44,New York,3.88,DEV_056,POS,Travel,0
TXN_002497,USR_0014,2026-01-22 07:42:23,56.61,Sydney,2.46,DEV_014,POS,Gaming,0
TXN_002498,USR_0007,2026-01-12 14:11:34,50.77,Toronto,5.79,DEV_007,ATM,Transfer,0
TXN_002499,USR_0084,2026-03-18 20:34:49,13.54,Paris,7.3,DEV_084,POS,Grocery,0
TXN_002500,USR_0086,2026-02-21 21:49:42,55.01,Sydney,3.76,DEV_086,Online,Transfer,0
TXN_002501,USR_0013,2026-02-02 07:50:06,58.63,Berlin,9.15,DEV_074,POS,Grocery,0
TXN_002502,USR_0033,2026-02-21 16:57:16,21.19,London,0.27,DEV_033,POS,Gaming,0
TXN_002503,USR_0052,2026-01-03 20:05:31,35.12,Paris,2.78,DEV_052,Online,Electronics,0
TXN_002504,USR_0082,2026-01-23 05:51:59,1212.92,London,1427.94,DEV_007,ATM,Electronics,1
TXN_002505,USR_0026,2026-02-19 09:39:34,21.86,Tokyo,9.5,DEV_026,POS,Travel,0
TXN_002506,USR_0099,2026-02-28 19:51:12,65.2,Mumbai,1.13,DEV_099,POS,Gaming,0
TXN_002507,USR_0008,2026-02-08 00:28:47,107.05,New York,0.92,DEV_008,POS,Travel,0
TXN_002508,USR_0003,2026-03-18 05:26:20,24.75,Mumbai,9.91,DEV_003,Online,Utilities,0
TXN_002509,USR_0017,2026-03-12 15:37:14,62.81,London,2.19,DEV_017,Online,Travel,0
TXN_002510,USR_0069,2026-01-04 23:11:19,157.85,Berlin,1.73,DEV_069,POS,Utilities,0
TXN_002511,USR_0006,2026-01-07 05:45:41,54.85,Sydney,2.53,DEV_006,POS,Gaming,0
TXN_002512,USR_0078,2026-03-15 00:04:26,23.52,Sydney,3.79,DEV_078,POS,Travel,0
TXN_002513,USR_0011,2026-01-18 03:01:56,13.25,Mumbai,1.72,DEV_011,POS,Luxury,0
TXN_002514,USR_0018,2026-02-11 19:02:04,137.35,London,6.04,DEV_018,ATM,Transfer,0
TXN_002515,USR_0070,2026-03-28 15:36:12,27.93,Sydney,0.33,DEV_070,POS,Luxury,0
TXN_002516,USR_0005,2026-02-06 07:07:45,67.6,Berlin,0.63,DEV_005,ATM,Transfer,0
TXN_002517,USR_0061,2026-01-30 14:41:54,39.12,Berlin,3.95,DEV_061,POS,Travel,0
TXN_002518,USR_0093,2026-01-09 22:22:16,22.85,Mumbai,1.19,DEV_093,POS,Luxury,0
TXN_002519,USR_0003,2026-03-10 20:36:49,22.34,Mumbai,4.63,DEV_003,POS,Luxury,0
TXN_002520,USR_0082,2026-03-01 19:35:18,80.26,Tokyo,0.22,DEV_082,ATM,Travel,0
TXN_002521,USR_0012,2026-03-14 03:26:31,172.1,Paris,1.9,DEV_050,POS,Gaming,0
TXN_002522,USR_0023,2026-01-08 13:49:11,35.15,Toronto,6.13,DEV_023,POS,Luxury,0
TXN_002523,USR_0061,2026-02-08 22:02:58,15.84,Mumbai,1.6,DEV_061,ATM,Gaming,0
TXN_002524,USR_0068,2026-02-23 16:44:35,41.82,Paris,0.29,DEV_068,POS,Gaming,0
TXN_002525,USR_0080,2026-02-01 00:33:50,170.04,New York,0.96,DEV_026,ATM,Gaming,0
TXN_002526,USR_0058,2026-03-19 10:22:08,58.11,Tokyo,4.25,DEV_058,Online,Luxury,0
TXN_002527,USR_0068,2026-03-18 23:00:08,21.57,Paris,3.29,DEV_068,Wire Transfer,Grocery,0
TXN_002528,USR_0009,2026-01-16 01:35:32,114.27,London,4.53,DEV_009,Wire Transfer,Travel,0
TXN_002529,USR_0077,2026-02-06 13:05:29,12.85,Berlin,1.65,DEV_077,Online,Transfer,0
TXN_002530,USR_0044,2026-01-23 03:54:11,33.81,Paris,9.76,DEV_044,POS,Gaming,0
TXN_002531,USR_0080,2026-02-10 09:53:29,16.13,New York,2.92,DEV_080,ATM,Gaming,0
TXN_002532,USR_0098,2026-03-25 11:39:43,94.68,Tokyo,14.81,DEV_098,POS,Transfer,0
TXN_002533,USR_0020,2026-01-02 22:34:56,54.11,Paris,11.57,DEV_110,POS,Utilities,0
TXN_002534,USR_0084,2026-03-15 16:54:45,128.31,Paris,1.2,DEV_084,POS,Utilities,0
TXN_002535,USR_0051,2026-01-29 23:57:03,26.74,Mumbai,5.42,DEV_061,Online,Grocery,0
TXN_002536,USR_0087,2026-03-20 11:15:51,23.73,Toronto,0.14,DEV_087,Wire Transfer,Grocery,0
TXN_002537,USR_0066,2026-01-31 23:05:02,41.64,New York,0.81,DEV_066,POS,Utilities,0
TXN_002538,USR_0024,2026-03-23 10:34:13,41.67,New York,0.38,DEV_024,Online,Utilities,0
TXN_002539,USR_0022,2026-01-17 17:23:25,31.19,Toronto,37.83,DEV_050,Online,Travel,0
TXN_002540,USR_0041,2026-01-08 01:56:26,12.89,London,7.26,DEV_041,POS,Transfer,0
TXN_002541,USR_0026,2026-02-04 07:54:06,245.18,Tokyo,7.49,DEV_026,Online,Travel,0
TXN_002542,USR_0056,2026-01-29 11:46:35,46.18,New York,1.74,DEV_056,POS,Utilities,0
TXN_002543,USR_0075,2026-02-02 09:54:09,14.72,Mumbai,1.75,DEV_094,POS,Transfer,0
TXN_002544,USR_0077,2026-02-07 06:39:54,69.49,Berlin,16.81,DEV_077,POS,Electronics,0
TXN_002545,USR_0014,2026-01-05 17:21:32,55.44,Sydney,3.46,DEV_014,POS,Gaming,0
TXN_002546,USR_0092,2026-02-11 06:43:17,77.88,Paris,0.63,DEV_092,Online,Utilities,0
TXN_002547,USR_0035,2026-02-26 05:55:34,32.09,Mumbai,4.92,DEV_035,ATM,Grocery,0
TXN_002548,USR_0030,2026-03-10 17:28:49,33.2,Sydney,0.63,DEV_030,Online,Gaming,0
TXN_002549,USR_0015,2026-03-27 12:57:27,15.29,Toronto,2.21,DEV_015,Wire Transfer,Utilities,0
TXN_002550,USR_0005,2026-02-27 08:10:54,63.28,Berlin,3.76,DEV_005,Wire Transfer,Luxury,0
TXN_002551,USR_0095,2026-01-07 20:25:44,34.15,Toronto,0.33,DEV_095,Wire Transfer,Travel,0
TXN_002552,USR_0055,2026-01-27 22:52:52,22.41,Toronto,3.4,DEV_055,POS,Electronics,0
TXN_002553,USR_0079,2026-02-11 05:21:45,150.02,Paris,0.41,DEV_079,ATM,Gaming,0
TXN_002554,USR_0011,2026-03-05 21:30:35,71.81,Mumbai,1.43,DEV_011,ATM,Luxury,0
TXN_002555,USR_0045,2026-03-24 05:28:14,58.46,Berlin,4.04,DEV_045,Online,Electronics,0
TXN_002556,USR_0023,2026-02-27 00:48:21,13.02,Toronto,0.81,DEV_003,Online,Travel,0
TXN_002557,USR_0008,2026-02-24 17:23:54,47.27,New York,2.68,DEV_008,ATM,Luxury,0
TXN_002558,USR_0041,2026-01-13 15:00:57,90.15,New York,0.21,DEV_047,POS,Travel,0
TXN_002559,USR_0034,2026-01-21 22:49:33,28.01,Tokyo,20.98,DEV_034,POS,Gaming,0
TXN_002560,USR_0003,2026-03-10 13:25:26,31.73,Mumbai,7.64,DEV_003,Online,Luxury,0
TXN_002561,USR_0085,2026-01-24 12:47:47,46.17,Berlin,2.67,DEV_085,Online,Utilities,0
TXN_002562,USR_0058,2026-03-28 04:16:19,27.82,Tokyo,9.91,DEV_058,POS,Gaming,0
TXN_002563,USR_0024,2026-03-17 04:24:43,122.89,New York,0.99,DEV_024,ATM,Electronics,0
TXN_002564,USR_0063,2026-02-16 11:40:13,10.94,Toronto,0.63,DEV_063,Online,Grocery,0
TXN_002565,USR_0058,2026-01-12 19:18:45,44.02,Tokyo,0.85,DEV_058,Online,Transfer,0
TXN_002566,USR_0008,2026-03-05 17:59:20,41.24,New York,8.69,DEV_008,POS,Transfer,0
TXN_002567,USR_0038,2026-02-16 19:10:42,41.2,Sydney,4.64,DEV_038,ATM,Travel,0
TXN_002568,USR_0002,2026-02-20 18:01:30,38.41,Tokyo,3.12,DEV_002,ATM,Travel,0
TXN_002569,USR_0077,2026-03-04 04:15:37,19.95,Berlin,9.68,DEV_077,POS,Utilities,0
TXN_002570,USR_0093,2026-01-31 21:31:48,116.72,Berlin,7.17,DEV_093,Online,Transfer,0
TXN_002571,USR_0014,2026-01-09 11:24:35,105.81,Sydney,8.41,DEV_014,Online,Transfer,0
TXN_002572,USR_0086,2026-03-26 13:28:30,33.48,Sydney,1.58,DEV_086,POS,Gaming,0
TXN_002573,USR_0030,2026-01-04 11:55:14,39.9,Sydney,1.21,DEV_030,Online,Transfer,0
TXN_002574,USR_0092,2026-03-14 11:02:26,10.23,Paris,7.61,DEV_075,POS,Grocery,0
TXN_002575,USR_0052,2026-02-24 05:36:15,158.81,Paris,1.4,DEV_009,Online,Grocery,0
TXN_002576,USR_0037,2026-03-16 16:13:18,78.46,Berlin,7.25,DEV_037,Online,Transfer,0
TXN_002577,USR_0003,2026-01-27 04:43:06,63.93,Mumbai,1.15,DEV_003,Online,Travel,0
TXN_002578,USR_0072,2026-02-20 16:37:18,41.61,New York,0.6,DEV_072,Online,Gaming,0
TXN_002579,USR_0053,2026-02-27 23:00:21,27.23,Berlin,1.53,DEV_006,POS,Gaming,0
TXN_002580,USR_0086,2026-02-07 02:15:03,35.43,Sydney,22.87,DEV_086,ATM,Utilities,0
TXN_002581,USR_0094,2026-01-29 06:24:35,37.5,Sydney,5.59,DEV_018,POS,Transfer,0
TXN_002582,USR_0023,2026-01-12 12:01:03,33.96,Toronto,8.62,DEV_023,Online,Gaming,0
TXN_002583,USR_0042,2026-03-21 12:16:24,22.81,Tokyo,5.25,DEV_042,POS,Luxury,0
TXN_002584,USR_0022,2026-01-03 11:52:35,138.74,Sydney,0.19,DEV_016,ATM,Transfer,0
TXN_002585,USR_0012,2026-01-22 06:53:16,25.41,Paris,15.26,DEV_012,POS,Utilities,0
TXN_002586,USR_0016,2026-01-06 07:16:56,45.08,New York,1.27,DEV_016,POS,Luxury,0
TXN_002587,USR_0075,2026-02-18 05:12:13,50.53,Mumbai,2.76,DEV_075,Wire Transfer,Gaming,0
TXN_002588,USR_0012,2026-02-12 18:52:23,44.7,Paris,5.02,DEV_012,ATM,Transfer,0
TXN_002589,USR_0053,2026-02-06 19:25:00,131.34,Berlin,4.7,DEV_053,ATM,Electronics,0
TXN_002590,USR_0036,2026-03-25 04:27:02,30.26,Paris,1.66,DEV_036,POS,Utilities,0
TXN_002591,USR_0036,2026-02-20 03:43:06,15.04,London,8.94,DEV_036,POS,Electronics,0
TXN_002592,USR_0053,2026-02-01 14:44:40,35.2,Berlin,10.67,DEV_053,POS,Transfer,0
TXN_002593,USR_0084,2026-02-24 15:07:43,29.44,Paris,11.1,DEV_070,ATM,Utilities,0
TXN_002594,USR_0004,2026-02-06 03:55:45,66.5,Paris,9.26,DEV_004,Online,Travel,0
TXN_002595,USR_0034,2026-01-26 07:00:11,41.23,Tokyo,1.33,DEV_078,POS,Transfer,0
TXN_002596,USR_0080,2026-01-22 09:40:05,14.61,New York,4.53,DEV_080,POS,Transfer,0
TXN_002597,USR_0081,2026-03-08 07:19:36,87.27,London,15.08,DEV_033,POS,Electronics,0
TXN_002598,USR_0023,2026-03-22 15:04:57,29.1,Toronto,0.15,DEV_023,Online,Utilities,0
TXN_002599,USR_0080,2026-03-05 09:29:17,34.36,New York,12.1,DEV_080,Online,Luxury,0
TXN_002600,USR_0078,2026-03-21 09:47:26,129.14,Sydney,0.81,DEV_078,POS,Gaming,0
TXN_002601,USR_0050,2026-01-24 07:11:09,66.7,Tokyo,2.72,DEV_050,POS,Grocery,0
TXN_002602,USR_0079,2026-03-10 22:27:23,89.91,Toronto,11.0,DEV_079,Online,Travel,0
TXN_002603,USR_0080,2026-02-18 13:24:41,12.41,New York,0.02,DEV_080,POS,Travel,0
TXN_002604,USR_0018,2026-01-13 23:28:11,44.23,Tokyo,7.41,DEV_018,Online,Grocery,0
TXN_002605,USR_0023,2026-02-21 14:45:49,20.5,Toronto,4.48,DEV_023,POS,Gaming,0
TXN_002606,USR_0059,2026-01-13 17:07:43,90.94,Mumbai,0.88,DEV_059,POS,Grocery,0
TXN_002607,USR_0036,2026-02-07 03:18:25,54.72,Paris,6.34,DEV_036,Online,Travel,0
TXN_002608,USR_0096,2026-02-03 13:29:30,37.52,New York,2.35,DEV_096,POS,Electronics,0
TXN_002609,USR_0083,2026-01-15 12:48:19,114.37,Mumbai,3.16,DEV_083,POS,Gaming,0
TXN_002610,USR_0078,2026-03-20 22:13:11,74.89,Sydney,12.84,DEV_078,Online,Transfer,0
TXN_002611,USR_0051,2026-02-08 20:45:41,77.42,Mumbai,2.26,DEV_051,POS,Grocery,0
TXN_002612,USR_0065,2026-03-14 20:54:32,259.1,London,2.88,DEV_065,ATM,Grocery,0
TXN_002613,USR_0100,2026-03-15 07:57:13,11.92,Paris,13.37,DEV_100,ATM,Transfer,0
TXN_002614,USR_0037,2026-02-19 19:47:16,55.49,Berlin,7.09,DEV_037,Online,Gaming,0
TXN_002615,USR_0077,2026-02-19 22:18:59,36.44,New York,2.16,DEV_077,POS,Travel,0
TXN_002616,USR_0039,2026-01-21 08:24:21,57.95,Toronto,2.7,DEV_039,POS,Luxury,0
TXN_002617,USR_0070,2026-01-14 00:33:00,28.59,Sydney,0.92,DEV_070,Online,Grocery,0
TXN_002618,USR_0099,2026-02-25 21:41:09,147.79,Mumbai,3.08,DEV_099,Online,Luxury,0
TXN_002619,USR_0078,2026-01-12 11:17:52,74.75,New York,4.53,DEV_042,Online,Grocery,0
TXN_002620,USR_0072,2026-01-18 03:09:21,81.53,New York,15.66,DEV_072,ATM,Utilities,0
TXN_002621,USR_0065,2026-03-16 12:06:09,36.25,London,14.72,DEV_065,POS,Grocery,0
TXN_002622,USR_0046,2026-03-19 17:40:19,174.05,Sydney,1.69,DEV_046,POS,Transfer,0
TXN_002623,USR_0086,2026-02-20 01:47:41,47.17,Sydney,16.9,DEV_126,POS,Transfer,0
TXN_002624,USR_0054,2026-02-07 09:37:10,16.61,Sydney,6.81,DEV_054,ATM,Electronics,0
TXN_002625,USR_0032,2026-01-11 20:51:09,32.45,Berlin,4.98,DEV_032,POS,Electronics,0
TXN_002626,USR_0029,2026-01-19 05:22:50,105.52,Berlin,4.05,DEV_029,Online,Gaming,0
TXN_002627,USR_0006,2026-03-10 17:43:36,32.4,Paris,1.94,DEV_006,POS,Travel,0
TXN_002628,USR_0051,2026-03-14 15:12:40,62.84,New York,5.77,DEV_051,ATM,Luxury,0
TXN_002629,USR_0041,2026-01-21 03:51:28,55.82,London,0.88,DEV_041,ATM,Grocery,0
TXN_002630,USR_0009,2026-01-07 11:09:09,38.21,London,2.96,DEV_037,ATM,Grocery,0
TXN_002631,USR_0096,2026-03-19 09:24:58,78.1,Mumbai,1.98,DEV_144,Online,Grocery,0
TXN_002632,USR_0049,2026-02-05 05:44:59,90.84,London,13.84,DEV_062,Online,Transfer,0
TXN_002633,USR_0061,2026-01-06 12:58:26,106.5,Berlin,0.55,DEV_061,Online,Travel,0
TXN_002634,USR_0091,2026-01-12 09:42:39,53.78,Mumbai,0.58,DEV_091,POS,Travel,0
TXN_002635,USR_0016,2026-01-05 16:28:53,797.73,Berlin,2783.73,DEV_036,Online,Gaming,1
TXN_002636,USR_0048,2026-01-14 21:19:28,48.96,Mumbai,4.09,DEV_048,ATM,Gaming,0
TXN_002637,USR_0074,2026-01-25 05:59:47,51.0,Tokyo,1.18,DEV_129,Online,Transfer,0
TXN_002638,USR_0015,2026-01-24 07:37:45,231.14,Toronto,1.66,DEV_015,ATM,Luxury,0
TXN_002639,USR_0091,2026-01-10 20:12:20,85.54,Mumbai,9.49,DEV_091,POS,Electronics,0
TXN_002640,USR_0050,2026-03-28 04:38:35,32.89,Tokyo,29.17,DEV_050,ATM,Travel,0
TXN_002641,USR_0002,2026-03-10 17:40:31,214.34,Tokyo,5.49,DEV_002,Online,Electronics,0
TXN_002642,USR_0095,2026-03-11 11:32:35,50.79,Toronto,10.69,DEV_095,POS,Gaming,0
TXN_002643,USR_0096,2026-01-18 10:30:32,17.06,New York,3.21,DEV_096,POS,Grocery,0
TXN_002644,USR_0079,2026-01-17 09:21:40,14.68,Tokyo,4.53,DEV_079,Online,Luxury,0
TXN_002645,USR_0032,2026-01-07 06:01:16,34.55,New York,4.95,DEV_032,ATM,Electronics,0
TXN_002646,USR_0096,2026-01-16 21:35:16,3055.74,Sydney,1999.2,DEV_012,Wire Transfer,Gaming,1
TXN_002647,USR_0096,2026-01-04 22:02:11,891.1,Paris,415.49,DEV_102,Wire Transfer,Transfer,1
TXN_002648,USR_0016,2026-01-20 19:54:21,10.37,New York,0.72,DEV_016,ATM,Utilities,0
TXN_002649,USR_0030,2026-01-22 01:40:07,17.73,Sydney,6.18,DEV_030,Online,Travel,0
TXN_002650,USR_0080,2026-03-16 17:25:51,92.68,New York,4.08,DEV_080,POS,Gaming,0
TXN_002651,USR_0029,2026-01-03 19:03:31,884.77,New York,2088.87,DEV_143,Wire Transfer,Electronics,1
TXN_002652,USR_0040,2026-01-11 17:39:40,80.97,New York,3.54,DEV_040,ATM,Gaming,0
TXN_002653,USR_0049,2026-01-03 01:46:10,76.58,London,8.45,DEV_049,POS,Travel,0
TXN_002654,USR_0056,2026-02-23 00:10:41,23.15,New York,1.21,DEV_056,Wire Transfer,Gaming,0
TXN_002655,USR_0090,2026-01-08 12:33:36,29.49,Tokyo,5.36,DEV_090,Online,Travel,0
TXN_002656,USR_0036,2026-01-21 06:43:32,199.63,Paris,3.54,DEV_036,POS,Travel,0
TXN_002657,USR_0056,2026-03-31 15:49:10,16.48,Paris,10.47,DEV_056,Online,Gaming,0
TXN_002658,USR_0092,2026-01-29 13:52:39,31.91,Paris,1.5,DEV_092,Online,Travel,0
TXN_002659,USR_0009,2026-02-15 22:03:08,881.93,Sydney,3692.59,DEV_034,Online,Luxury,1
TXN_002660,USR_0042,2026-01-27 17:12:45,58.06,Tokyo,3.68,DEV_145,Online,Transfer,0
TXN_002661,USR_0079,2026-02-20 12:34:11,90.4,Toronto,8.35,DEV_079,Online,Luxury,0
TXN_002662,USR_0008,2026-03-03 05:57:26,21.07,New York,5.12,DEV_008,Online,Grocery,0
TXN_002663,USR_0060,2026-03-01 13:36:05,33.61,Paris,7.57,DEV_060,Wire Transfer,Utilities,0
TXN_002664,USR_0049,2026-01-06 15:11:16,131.7,London,8.53,DEV_049,Online,Transfer,0
TXN_002665,USR_0015,2026-03-07 01:08:36,25.93,Toronto,0.07,DEV_015,POS,Transfer,0
TXN_002666,USR_0071,2026-03-15 03:07:01,76.19,Sydney,10.44,DEV_071,ATM,Electronics,0
TXN_002667,USR_0037,2026-02-07 21:44:23,214.04,Berlin,0.12,DEV_037,POS,Travel,0
TXN_002668,USR_0066,2026-01-30 07:33:16,219.4,Tokyo,4.02,DEV_066,POS,Electronics,0
TXN_002669,USR_0013,2026-03-05 17:34:59,69.32,Berlin,4.34,DEV_013,Online,Grocery,0
TXN_002670,USR_0069,2026-01-03 10:45:40,2997.65,Mumbai,870.14,DEV_117,Online,Luxury,1
TXN_002671,USR_0017,2026-01-28 20:20:56,74.25,London,7.98,DEV_017,Online,Luxury,0
TXN_002672,USR_0035,2026-02-25 04:59:08,142.63,Mumbai,3.14,DEV_035,Online,Transfer,0
TXN_002673,USR_0078,2026-02-11 07:04:27,106.99,Sydney,7.05,DEV_078,POS,Electronics,0
TXN_002674,USR_0020,2026-02-19 02:43:32,45.25,Paris,4.38,DEV_020,POS,Grocery,0
TXN_002675,USR_0090,2026-01-05 03:07:38,94.3,Sydney,1.2,DEV_084,ATM,Gaming,0
TXN_002676,USR_0086,2026-02-03 11:10:55,2322.24,London,3636.06,DEV_007,Wire Transfer,Transfer,1
TXN_002677,USR_0028,2026-02-10 14:00:41,42.96,Paris,1.6,DEV_028,Wire Transfer,Luxury,0
TXN_002678,USR_0065,2026-01-02 10:45:54,88.64,London,0.97,DEV_065,Online,Utilities,0
TXN_002679,USR_0051,2026-03-27 00:30:49,19.88,Mumbai,4.28,DEV_051,Online,Gaming,0
TXN_002680,USR_0095,2026-03-26 14:59:06,36.27,Mumbai,4.98,DEV_095,Online,Gaming,0
TXN_002681,USR_0019,2026-01-02 03:15:13,635.91,New York,1288.31,DEV_106,ATM,Transfer,1
TXN_002682,USR_0085,2026-03-20 22:45:34,41.43,Berlin,0.77,DEV_085,ATM,Grocery,0
TXN_002683,USR_0072,2026-01-19 18:22:25,37.77,New York,2.66,DEV_072,ATM,Transfer,0
TXN_002684,USR_0004,2026-01-29 05:22:05,90.1,Paris,3.66,DEV_004,ATM,Luxury,0
TXN_002685,USR_0008,2026-03-02 02:16:43,829.68,Toronto,4681.42,DEV_021,Online,Transfer,1
TXN_002686,USR_0022,2026-03-26 14:09:24,23.72,Sydney,10.27,DEV_022,Online,Electronics,0
TXN_002687,USR_0013,2026-01-14 01:24:58,44.24,Berlin,3.14,DEV_001,POS,Gaming,0
TXN_002688,USR_0032,2026-01-04 23:54:30,29.87,New York,2.35,DEV_032,Online,Travel,0
TXN_002689,USR_0003,2026-02-21 09:39:41,143.45,Mumbai,1.8,DEV_003,POS,Grocery,0
TXN_002690,USR_0008,2026-02-05 05:50:23,20.13,New York,0.91,DEV_008,Online,Travel,0
TXN_002691,USR_0095,2026-01-25 16:59:18,121.41,Toronto,3.14,DEV_095,Online,Electronics,0
TXN_002692,USR_0039,2026-01-01 19:11:04,921.28,Sydney,2594.84,DEV_022,Wire Transfer,Luxury,1
TXN_002693,USR_0028,2026-03-21 03:18:39,111.11,Paris,0.03,DEV_028,Online,Travel,0
TXN_002694,USR_0073,2026-01-26 00:06:58,100.5,London,7.84,DEV_073,POS,Transfer,0
TXN_002695,USR_0035,2026-03-26 03:43:00,19.96,Mumbai,6.97,DEV_059,POS,Utilities,0
TXN_002696,USR_0077,2026-02-23 18:19:00,11.72,Berlin,3.98,DEV_077,Online,Electronics,0
TXN_002697,USR_0083,2026-02-08 23:27:43,1532.45,Berlin,3988.16,DEV_120,ATM,Transfer,1
TXN_002698,USR_0094,2026-03-26 00:21:34,21.77,Sydney,2.05,DEV_094,Online,Luxury,0
TXN_002699,USR_0057,2026-01-07 16:30:23,35.38,London,1.7,DEV_057,Online,Transfer,0
TXN_002700,USR_0011,2026-03-30 22:14:19,18.66,Mumbai,14.77,DEV_011,ATM,Electronics,0
TXN_002701,USR_0066,2026-03-31 20:20:25,101.27,Tokyo,1.32,DEV_066,Online,Gaming,0
TXN_002702,USR_0099,2026-01-22 02:33:49,66.88,Mumbai,3.1,DEV_099,Online,Grocery,0
TXN_002703,USR_0071,2026-03-10 17:41:32,73.75,Toronto,1.04,DEV_071,Online,Travel,0
TXN_002704,USR_0046,2026-01-24 14:07:56,466.67,Tokyo,2756.85,DEV_014,ATM,Electronics,1
TXN_002705,USR_0030,2026-03-25 05:18:44,85.74,London,0.32,DEV_030,Online,Gaming,0
TXN_002706,USR_0013,2026-01-08 04:00:20,29.22,Berlin,0.81,DEV_013,Online,Travel,0
TXN_002707,USR_0090,2026-02-21 06:21:54,1580.38,Sydney,2684.47,DEV_042,Online,Gaming,1
TXN_002708,USR_0020,2026-01-04 23:08:53,15.98,Paris,0.75,DEV_020,ATM,Luxury,0
TXN_002709,USR_0074,2026-02-28 16:45:38,25.44,Tokyo,6.84,DEV_074,Online,Travel,0
TXN_002710,USR_0038,2026-03-22 02:59:50,138.33,Sydney,6.33,DEV_038,Online,Grocery,0
TXN_002711,USR_0022,2026-01-04 18:49:54,12.86,Sydney,8.91,DEV_022,Online,Luxury,0
TXN_002712,USR_0077,2026-01-16 14:27:52,93.44,Berlin,3.79,DEV_020,POS,Transfer,0
TXN_002713,USR_0085,2026-03-23 23:34:10,154.94,Berlin,0.69,DEV_085,POS,Utilities,0
TXN_002714,USR_0006,2026-03-21 11:37:20,937.53,Mumbai,293.28,DEV_105,Online,Gaming,1
TXN_002715,USR_0087,2026-01-15 10:31:58,53.14,Toronto,4.68,DEV_087,Online,Utilities,0
TXN_002716,USR_0013,2026-03-23 22:17:12,142.45,Berlin,4.57,DEV_013,POS,Travel,0
TXN_002717,USR_0048,2026-03-14 18:31:22,116.25,New York,1.86,DEV_048,Online,Transfer,0
TXN_002718,USR_0069,2026-02-08 18:44:45,223.51,Berlin,1.32,DEV_069,Online,Utilities,0
TXN_002719,USR_0066,2026-01-13 05:17:38,29.28,Tokyo,0.67,DEV_066,Online,Luxury,0
TXN_002720,USR_0077,2026-01-28 17:20:17,32.67,Berlin,10.88,DEV_077,Online,Grocery,0
TXN_002721,USR_0064,2026-03-29 06:27:32,94.84,New York,2.79,DEV_064,Wire Transfer,Transfer,0
TXN_002722,USR_0098,2026-01-17 19:38:58,34.91,New York,1.48,DEV_098,Wire Transfer,Gaming,0
TXN_002723,USR_0021,2026-02-07 11:23:33,156.26,Berlin,13.81,DEV_073,Wire Transfer,Utilities,0
TXN_002724,USR_0076,2026-02-11 13:48:01,94.12,Paris,15.17,DEV_076,Online,Utilities,0
TXN_002725,USR_0026,2026-03-31 22:48:52,30.17,Tokyo,1.11,DEV_026,Online,Electronics,0
TXN_002726,USR_0097,2026-01-04 15:00:24,39.69,London,7.18,DEV_097,Online,Grocery,0
TXN_002727,USR_0057,2026-01-19 10:36:25,24.4,London,0.76,DEV_057,Online,Grocery,0
TXN_002728,USR_0054,2026-03-04 18:53:24,12.31,Sydney,4.9,DEV_054,POS,Grocery,0
TXN_002729,USR_0087,2026-03-15 09:47:21,21.29,Toronto,0.97,DEV_021,Online,Transfer,0
TXN_002730,USR_0083,2026-03-20 19:35:55,67.59,Mumbai,1.27,DEV_083,ATM,Transfer,0
TXN_002731,USR_0041,2026-03-03 22:01:38,56.05,London,7.56,DEV_041,ATM,Utilities,0
TXN_002732,USR_0047,2026-03-15 11:57:48,159.96,Toronto,0.5,DEV_047,Online,Transfer,0
TXN_002733,USR_0048,2026-03-20 06:50:07,22.75,New York,0.49,DEV_048,Online,Utilities,0
TXN_002734,USR_0077,2026-03-26 10:28:33,1666.65,Tokyo,456.79,DEV_095,ATM,Luxury,1
TXN_002735,USR_0036,2026-01-16 03:55:42,105.42,Berlin,30.75,DEV_036,POS,Gaming,0
TXN_002736,USR_0038,2026-03-29 13:50:42,77.96,Sydney,4.38,DEV_038,Online,Electronics,0
TXN_002737,USR_0022,2026-03-05 18:15:12,79.41,Sydney,1.67,DEV_022,POS,Luxury,0
TXN_002738,USR_0002,2026-01-10 08:23:18,94.53,London,0.39,DEV_002,POS,Gaming,0
TXN_002739,USR_0057,2026-02-27 22:28:38,142.61,London,0.04,DEV_057,Online,Luxury,0
TXN_002740,USR_0087,2026-01-06 06:45:23,11.03,New York,3.24,DEV_087,POS,Gaming,0
TXN_002741,USR_0069,2026-03-27 19:05:04,124.67,Berlin,10.12,DEV_069,ATM,Luxury,0
TXN_002742,USR_0029,2026-03-24 05:20:37,72.84,Berlin,5.11,DEV_029,POS,Utilities,0
TXN_002743,USR_0056,2026-03-11 18:59:17,170.97,New York,0.87,DEV_056,Online,Transfer,0
TXN_002744,USR_0083,2026-01-30 21:53:17,92.99,Mumbai,0.43,DEV_083,Online,Utilities,0
TXN_002745,USR_0007,2026-02-26 00:48:14,24.95,Toronto,1.93,DEV_091,Online,Transfer,0
TXN_002746,USR_0089,2026-02-19 08:03:33,289.62,London,11.81,DEV_089,ATM,Grocery,0
TXN_002747,USR_0099,2026-02-11 03:47:07,81.8,Mumbai,4.04,DEV_099,Online,Transfer,0
TXN_002748,USR_0062,2026-01-09 15:50:27,126.22,Sydney,1.63,DEV_062,Online,Electronics,0
TXN_002749,USR_0024,2026-03-05 00:58:14,17.99,New York,6.56,DEV_024,ATM,Gaming,0
TXN_002750,USR_0021,2026-01-11 10:40:14,104.72,Berlin,2.4,DEV_054,Online,Travel,0
TXN_002751,USR_0011,2026-03-17 11:46:49,106.88,Mumbai,6.98,DEV_011,POS,Transfer,0
TXN_002752,USR_0035,2026-03-03 10:15:07,12.18,Mumbai,1.6,DEV_035,ATM,Luxury,0
TXN_002753,USR_0037,2026-01-26 15:18:54,10.57,Berlin,6.38,DEV_037,POS,Transfer,0
TXN_002754,USR_0005,2026-02-19 01:12:39,89.92,Berlin,0.23,DEV_005,POS,Utilities,0
TXN_002755,USR_0065,2026-01-23 13:20:10,92.37,London,4.22,DEV_065,Online,Utilities,0
TXN_002756,USR_0079,2026-03-20 05:15:32,62.2,Toronto,1.73,DEV_079,POS,Luxury,0
TXN_002757,USR_0007,2026-02-12 19:04:51,322.69,Toronto,4.29,DEV_007,Online,Grocery,0
TXN_002758,USR_0081,2026-02-24 12:16:45,14.25,London,2.27,DEV_081,POS,Transfer,0
TXN_002759,USR_0007,2026-01-08 17:11:39,399.51,Toronto,7.45,DEV_007,Online,Utilities,0
TXN_002760,USR_0001,2026-02-06 05:47:46,75.3,London,0.14,DEV_001,ATM,Grocery,0
TXN_002761,USR_0006,2026-01-18 05:56:40,172.75,Sydney,28.35,DEV_006,POS,Grocery,0
TXN_002762,USR_0094,2026-03-08 11:57:10,45.28,Sydney,5.53,DEV_094,ATM,Luxury,0
TXN_002763,USR_0052,2026-02-22 04:11:00,3540.32,New York,3569.91,DEV_147,ATM,Luxury,1
TXN_002764,USR_0063,2026-01-11 20:18:36,151.61,Toronto,0.88,DEV_036,Online,Grocery,0
TXN_002765,USR_0047,2026-02-08 22:06:33,709.27,Paris,1797.02,DEV_052,ATM,Electronics,1
TXN_002766,USR_0062,2026-03-26 16:56:33,439.69,Berlin,14.45,DEV_062,POS,Transfer,0
TXN_002767,USR_0087,2026-01-22 02:45:51,58.15,Toronto,5.41,DEV_087,Online,Luxury,0
TXN_002768,USR_0054,2026-03-12 00:41:37,64.7,London,4.82,DEV_054,Online,Grocery,0
TXN_002769,USR_0080,2026-02-12 11:03:01,112.48,New York,6.08,DEV_080,Online,Gaming,0
TXN_002770,USR_0039,2026-01-16 21:11:39,59.0,Mumbai,0.23,DEV_039,ATM,Utilities,0
TXN_002771,USR_0044,2026-02-05 18:09:06,31.19,Toronto,1.0,DEV_044,POS,Transfer,0
TXN_002772,USR_0006,2026-01-03 03:04:23,56.27,Sydney,0.62,DEV_006,POS,Transfer,0
TXN_002773,USR_0084,2026-03-23 10:41:09,37.14,Paris,7.23,DEV_084,POS,Travel,0
TXN_002774,USR_0004,2026-01-08 22:28:32,64.49,Paris,12.79,DEV_104,Online,Grocery,0
TXN_002775,USR_0043,2026-01-17 09:55:14,22.94,Sydney,15.14,DEV_043,Online,Travel,0
TXN_002776,USR_0085,2026-02-17 03:33:08,12.75,New York,0.54,DEV_085,POS,Travel,0
TXN_002777,USR_0075,2026-01-10 20:11:21,25.39,Mumbai,0.99,DEV_075,ATM,Travel,0
TXN_002778,USR_0031,2026-03-13 14:13:00,42.17,Toronto,0.24,DEV_041,POS,Transfer,0
TXN_002779,USR_0016,2026-02-18 01:08:54,50.14,New York,0.39,DEV_016,Online,Utilities,0
TXN_002780,USR_0067,2026-01-28 12:57:10,91.91,Tokyo,10.85,DEV_067,ATM,Transfer,0
TXN_002781,USR_0073,2026-03-11 08:37:38,72.12,London,2.48,DEV_073,Online,Utilities,0
TXN_002782,USR_0029,2026-02-06 10:24:15,3622.33,Sydney,2841.84,DEV_137,Online,Luxury,1
TXN_002783,USR_0099,2026-01-17 05:55:17,68.53,Mumbai,1.63,DEV_099,Online,Transfer,0
TXN_002784,USR_0049,2026-01-16 07:33:33,46.38,London,1.37,DEV_049,Wire Transfer,Gaming,0
TXN_002785,USR_0020,2026-01-07 04:01:52,84.74,Paris,1.39,DEV_020,Wire Transfer,Transfer,0
TXN_002786,USR_0074,2026-01-14 08:56:29,45.63,Tokyo,1.55,DEV_074,ATM,Travel,0
TXN_002787,USR_0014,2026-01-15 23:48:59,56.85,Sydney,6.89,DEV_014,POS,Luxury,0
TXN_002788,USR_0095,2026-03-04 21:19:37,44.77,Toronto,2.14,DEV_095,POS,Electronics,0
TXN_002789,USR_0015,2026-03-25 18:26:45,159.64,Toronto,0.46,DEV_015,ATM,Gaming,0
TXN_002790,USR_0063,2026-01-04 05:46:26,64.31,Toronto,8.04,DEV_063,POS,Travel,0
TXN_002791,USR_0025,2026-01-25 11:55:00,113.71,London,2.88,DEV_025,POS,Travel,0
TXN_002792,USR_0038,2026-03-27 12:58:22,45.16,Sydney,1.64,DEV_038,Online,Gaming,0
TXN_002793,USR_0032,2026-03-02 18:09:39,84.32,New York,21.27,DEV_032,POS,Travel,0
TXN_002794,USR_0015,2026-03-09 19:22:40,14.8,Toronto,4.29,DEV_015,Online,Gaming,0
TXN_002795,USR_0012,2026-01-05 21:43:21,21.55,Mumbai,11.08,DEV_012,Online,Gaming,0
TXN_002796,USR_0059,2026-01-29 02:24:06,25.33,Mumbai,1.67,DEV_059,POS,Utilities,0
TXN_002797,USR_0017,2026-03-06 05:59:42,85.33,London,6.33,DEV_017,ATM,Luxury,0
TXN_002798,USR_0048,2026-02-22 12:03:09,33.18,New York,4.33,DEV_048,Online,Luxury,0
TXN_002799,USR_0021,2026-02-20 18:43:25,73.18,Tokyo,15.66,DEV_021,Online,Grocery,0
TXN_002800,USR_0061,2026-02-20 06:51:06,121.2,Berlin,0.88,DEV_061,Wire Transfer,Grocery,0
TXN_002801,USR_0086,2026-03-29 16:23:04,44.69,Sydney,10.52,DEV_086,ATM,Gaming,0
TXN_002802,USR_0084,2026-01-11 00:14:13,18.97,New York,6.4,DEV_084,ATM,Grocery,0
TXN_002803,USR_0077,2026-01-27 12:55:59,277.48,Berlin,1.05,DEV_077,ATM,Electronics,0
TXN_002804,USR_0090,2026-01-03 03:44:53,118.77,New York,9.08,DEV_090,Online,Utilities,0
TXN_002805,USR_0027,2026-02-14 05:43:36,223.01,Mumbai,3.47,DEV_027,Online,Grocery,0
TXN_002806,USR_0030,2026-02-04 20:03:30,33.64,Sydney,10.06,DEV_106,ATM,Luxury,0
TXN_002807,USR_0040,2026-02-24 15:49:16,18.78,New York,2.32,DEV_040,Online,Transfer,0
TXN_002808,USR_0078,2026-02-06 11:02:41,74.64,Sydney,6.3,DEV_078,Wire Transfer,Luxury,0
TXN_002809,USR_0030,2026-01-28 00:53:47,31.9,Sydney,0.33,DEV_030,Online,Transfer,0
TXN_002810,USR_0076,2026-02-18 19:34:13,188.29,Paris,1.29,DEV_076,POS,Utilities,0
TXN_002811,USR_0093,2026-01-06 21:12:50,13.59,Berlin,7.55,DEV_093,Online,Grocery,0
TXN_002812,USR_0097,2026-02-24 23:52:19,52.33,London,2.08,DEV_097,Online,Transfer,0
TXN_002813,USR_0042,2026-02-04 22:09:35,28.5,Tokyo,1.02,DEV_042,Online,Grocery,0
TXN_002814,USR_0003,2026-02-23 12:40:22,73.76,Paris,1.72,DEV_024,ATM,Electronics,0
TXN_002815,USR_0009,2026-01-04 10:39:57,49.0,London,15.4,DEV_009,Online,Transfer,0
TXN_002816,USR_0029,2026-01-20 17:19:47,147.74,Toronto,14.43,DEV_029,POS,Transfer,0
TXN_002817,USR_0077,2026-03-18 03:01:07,13.65,Berlin,4.99,DEV_077,ATM,Utilities,0
TXN_002818,USR_0020,2026-01-10 17:12:12,56.16,Sydney,5.39,DEV_020,Online,Travel,0
TXN_002819,USR_0100,2026-02-02 18:52:16,112.45,Paris,0.97,DEV_100,ATM,Utilities,0
TXN_002820,USR_0073,2026-01-06 12:47:41,91.66,London,3.31,DEV_073,Online,Transfer,0
TXN_002821,USR_0065,2026-03-03 12:18:12,66.4,London,0.48,DEV_069,ATM,Travel,0
TXN_002822,USR_0028,2026-02-23 17:09:25,60.21,Paris,8.49,DEV_028,ATM,Travel,0
TXN_002823,USR_0082,2026-01-27 08:30:04,149.75,Tokyo,6.29,DEV_082,Online,Grocery,0
TXN_002824,USR_0073,2026-03-08 16:28:51,44.12,London,4.1,DEV_073,POS,Transfer,0
TXN_002825,USR_0035,2026-02-07 12:41:33,93.25,Mumbai,9.65,DEV_036,Online,Grocery,0
TXN_002826,USR_0057,2026-01-03 02:25:14,21.27,London,6.95,DEV_057,ATM,Utilities,0
TXN_002827,USR_0038,2026-01-27 01:56:18,16.25,Sydney,4.9,DEV_038,Online,Grocery,0
TXN_002828,USR_0053,2026-01-08 13:47:52,18.51,Berlin,3.61,DEV_053,POS,Transfer,0
TXN_002829,USR_0022,2026-01-06 16:29:00,36.15,Sydney,0.37,DEV_022,POS,Gaming,0
TXN_002830,USR_0006,2026-03-12 05:20:36,55.35,Sydney,0.09,DEV_006,Online,Transfer,0
TXN_002831,USR_0033,2026-03-11 22:05:00,206.22,London,11.48,DEV_033,ATM,Transfer,0
TXN_002832,USR_0078,2026-01-06 22:11:48,79.4,New York,1.51,DEV_078,Online,Electronics,0
TXN_002833,USR_0085,2026-03-02 17:05:19,16.34,Berlin,11.97,DEV_085,Online,Utilities,0
TXN_002834,USR_0082,2026-03-16 20:33:24,36.33,Tokyo,4.4,DEV_082,POS,Grocery,0
TXN_002835,USR_0054,2026-02-26 13:43:43,52.87,Sydney,3.31,DEV_054,Online,Transfer,0
TXN_002836,USR_0018,2026-03-11 16:13:50,39.42,Tokyo,5.71,DEV_018,Online,Luxury,0
TXN_002837,USR_0047,2026-01-04 19:14:59,22.52,Toronto,17.27,DEV_047,POS,Travel,0
TXN_002838,USR_0033,2026-03-05 05:05:06,19.12,London,7.99,DEV_033,ATM,Luxury,0
TXN_002839,USR_0083,2026-03-24 00:50:40,10.6,Mumbai,18.71,DEV_083,Online,Luxury,0
TXN_002840,USR_0003,2026-01-02 12:31:00,28.28,Mumbai,5.25,DEV_121,Online,Grocery,0
TXN_002841,USR_0053,2026-02-23 01:05:45,65.8,Berlin,2.96,DEV_053,Online,Luxury,0
TXN_002842,USR_0013,2026-03-10 11:25:19,3768.9,Paris,3291.17,DEV_110,Wire Transfer,Luxury,1
TXN_002843,USR_0009,2026-01-10 15:30:20,71.88,London,3.46,DEV_009,POS,Grocery,0
TXN_002844,USR_0095,2026-01-13 06:22:35,159.77,Toronto,6.46,DEV_095,ATM,Electronics,0
TXN_002845,USR_0033,2026-01-01 00:29:15,34.22,London,7.99,DEV_033,Online,Transfer,0
TXN_002846,USR_0080,2026-03-01 11:36:01,31.77,New York,2.72,DEV_080,POS,Gaming,0
TXN_002847,USR_0010,2026-03-17 15:21:14,15.48,Tokyo,0.73,DEV_023,ATM,Gaming,0
TXN_002848,USR_0005,2026-01-23 17:19:35,80.81,Sydney,1.82,DEV_005,POS,Transfer,0
TXN_002849,USR_0090,2026-03-15 16:10:16,132.84,Tokyo,3.3,DEV_090,POS,Transfer,0
TXN_002850,USR_0037,2026-03-26 07:46:53,113.19,Berlin,0.19,DEV_037,ATM,Gaming,0
TXN_002851,USR_0046,2026-03-10 14:25:57,171.8,Sydney,7.04,DEV_046,POS,Travel,0
TXN_002852,USR_0005,2026-01-25 22:09:47,42.52,Berlin,0.63,DEV_005,Online,Utilities,0
TXN_002853,USR_0045,2026-03-15 07:39:43,193.93,Berlin,1.21,DEV_045,Online,Electronics,0
TXN_002854,USR_0074,2026-01-10 19:34:17,127.09,Tokyo,3.27,DEV_074,POS,Travel,0
TXN_002855,USR_0092,2026-02-11 15:22:50,91.55,Paris,4.91,DEV_141,Online,Grocery,0
TXN_002856,USR_0022,2026-02-28 03:44:19,63.67,Sydney,4.5,DEV_022,POS,Electronics,0
TXN_002857,USR_0087,2026-01-06 13:02:35,367.57,Toronto,25.69,DEV_087,POS,Travel,0
TXN_002858,USR_0039,2026-02-14 01:39:33,122.89,Toronto,11.12,DEV_039,POS,Transfer,0
TXN_002859,USR_0019,2026-03-03 02:05:10,98.33,Mumbai,3.48,DEV_019,Online,Transfer,0
TXN_002860,USR_0020,2026-03-21 01:00:59,120.88,Paris,3.97,DEV_020,POS,Transfer,0
TXN_002861,USR_0021,2026-03-03 14:59:39,72.38,Berlin,1.71,DEV_021,POS,Travel,0
TXN_002862,USR_0031,2026-02-07 07:23:16,35.24,Toronto,2.04,DEV_031,POS,Luxury,0
TXN_002863,USR_0016,2026-03-03 07:39:24,35.57,New York,2.9,DEV_016,POS,Luxury,0
TXN_002864,USR_0084,2026-02-08 23:47:41,108.29,Paris,4.01,DEV_084,POS,Grocery,0
TXN_002865,USR_0088,2026-01-10 11:43:22,26.43,New York,1.24,DEV_088,Wire Transfer,Travel,0
TXN_002866,USR_0036,2026-03-23 02:13:36,11.08,Paris,0.43,DEV_036,POS,Utilities,0
TXN_002867,USR_0037,2026-01-31 18:05:30,27.43,Berlin,10.39,DEV_037,Online,Luxury,0
TXN_002868,USR_0088,2026-02-24 23:40:44,518.63,Toronto,4258.87,DEV_061,Online,Luxury,1
TXN_002869,USR_0076,2026-02-10 02:20:08,12.54,Paris,0.98,DEV_076,POS,Luxury,0
TXN_002870,USR_0071,2026-01-12 06:07:53,19.36,Toronto,1.88,DEV_071,POS,Transfer,0
TXN_002871,USR_0025,2026-02-02 10:55:18,11.31,London,18.13,DEV_025,POS,Utilities,0
TXN_002872,USR_0001,2026-03-15 14:16:41,29.15,London,2.15,DEV_001,Online,Transfer,0
TXN_002873,USR_0074,2026-02-09 15:31:27,56.98,Tokyo,6.77,DEV_074,Online,Electronics,0
TXN_002874,USR_0034,2026-01-25 15:35:19,105.55,Tokyo,0.03,DEV_034,POS,Transfer,0
TXN_002875,USR_0038,2026-03-30 12:44:23,38.52,Sydney,1.64,DEV_038,ATM,Luxury,0
TXN_002876,USR_0085,2026-01-23 03:46:12,46.23,Berlin,11.59,DEV_085,Online,Transfer,0
TXN_002877,USR_0058,2026-02-25 05:56:16,17.98,Tokyo,4.08,DEV_058,Online,Luxury,0
TXN_002878,USR_0063,2026-03-26 03:03:04,40.95,Toronto,5.59,DEV_063,POS,Utilities,0
TXN_002879,USR_0082,2026-03-07 10:43:23,26.02,Tokyo,8.05,DEV_082,POS,Utilities,0
TXN_002880,USR_0039,2026-03-06 05:17:43,28.28,Mumbai,1.47,DEV_022,Wire Transfer,Gaming,0
TXN_002881,USR_0029,2026-02-12 23:35:18,123.85,Paris,2.13,DEV_110,POS,Travel,0
TXN_002882,USR_0043,2026-01-25 22:41:25,97.24,Mumbai,0.14,DEV_043,Online,Electronics,0
TXN_002883,USR_0077,2026-03-21 19:55:24,107.69,Berlin,2.71,DEV_063,ATM,Grocery,0
TXN_002884,USR_0092,2026-03-04 17:21:25,105.87,Paris,12.41,DEV_092,Wire Transfer,Travel,0
TXN_002885,USR_0074,2026-02-22 09:13:11,207.16,Tokyo,2.03,DEV_056,POS,Transfer,0
TXN_002886,USR_0062,2026-01-24 22:37:51,413.34,Paris,2814.27,DEV_014,Online,Transfer,1
TXN_002887,USR_0024,2026-02-15 22:57:03,161.56,New York,3.46,DEV_024,POS,Transfer,0
TXN_002888,USR_0010,2026-03-19 14:09:07,19.13,Tokyo,1.75,DEV_010,Wire Transfer,Grocery,0
TXN_002889,USR_0061,2026-02-13 03:45:04,24.66,Berlin,5.96,DEV_061,Online,Luxury,0
TXN_002890,USR_0049,2026-03-24 14:43:32,2287.33,Mumbai,1568.33,DEV_020,Wire Transfer,Electronics,1
TXN_002891,USR_0025,2026-01-28 02:28:11,169.99,London,3.9,DEV_025,Online,Gaming,0
TXN_002892,USR_0015,2026-03-29 16:05:08,23.52,Toronto,13.65,DEV_015,POS,Transfer,0
TXN_002893,USR_0029,2026-02-07 09:26:34,21.29,Berlin,5.85,DEV_029,Online,Grocery,0
TXN_002894,USR_0097,2026-03-17 22:51:04,28.41,London,6.72,DEV_097,Online,Transfer,0
TXN_002895,USR_0078,2026-03-22 01:45:57,17.15,Sydney,3.15,DEV_078,Online,Grocery,0
TXN_002896,USR_0018,2026-02-21 04:37:29,152.06,Tokyo,1.5,DEV_018,POS,Utilities,0
TXN_002897,USR_0020,2026-02-11 23:27:29,37.57,Paris,8.21,DEV_061,Online,Travel,0
TXN_002898,USR_0087,2026-03-05 16:42:50,22.03,Toronto,1.98,DEV_092,POS,Utilities,0
TXN_002899,USR_0054,2026-01-31 14:13:46,131.92,Sydney,4.86,DEV_054,POS,Electronics,0
TXN_002900,USR_0023,2026-03-24 11:55:52,93.86,Toronto,25.16,DEV_023,POS,Luxury,0
TXN_002901,USR_0013,2026-02-06 20:03:28,53.51,Berlin,0.61,DEV_053,POS,Electronics,0
TXN_002902,USR_0077,2026-03-11 00:50:17,76.03,Berlin,15.32,DEV_054,POS,Transfer,0
TXN_002903,USR_0083,2026-01-05 14:57:36,178.9,Mumbai,17.41,DEV_083,Online,Gaming,0
TXN_002904,USR_0047,2026-01-19 21:35:08,136.9,Toronto,1.8,DEV_047,ATM,Utilities,0
TXN_002905,USR_0009,2026-02-21 04:03:31,29.09,London,0.72,DEV_009,POS,Electronics,0
TXN_002906,USR_0068,2026-01-12 01:21:28,47.05,Paris,0.93,DEV_068,POS,Gaming,0
TXN_002907,USR_0022,2026-01-02 04:09:11,191.87,Sydney,4.81,DEV_143,Online,Gaming,0
TXN_002908,USR_0010,2026-03-19 04:41:27,34.73,Tokyo,10.55,DEV_010,Online,Electronics,0
TXN_002909,USR_0001,2026-01-08 21:58:53,132.2,London,2.44,DEV_001,Online,Gaming,0
TXN_002910,USR_0059,2026-02-12 22:48:23,31.73,Mumbai,0.32,DEV_059,Wire Transfer,Travel,0
TXN_002911,USR_0059,2026-01-14 13:46:04,105.83,Mumbai,16.73,DEV_059,Online,Transfer,0
TXN_002912,USR_0057,2026-03-07 04:24:16,69.03,London,6.31,DEV_057,Online,Travel,0
TXN_002913,USR_0072,2026-03-19 12:07:27,129.11,New York,2.84,DEV_072,Wire Transfer,Utilities,0
TXN_002914,USR_0099,2026-03-18 18:33:45,121.42,Mumbai,0.68,DEV_012,Online,Transfer,0
TXN_002915,USR_0054,2026-02-09 05:36:52,17.82,Sydney,1.19,DEV_054,POS,Luxury,0
TXN_002916,USR_0100,2026-01-16 14:07:33,32.88,Paris,13.06,DEV_100,Wire Transfer,Electronics,0
TXN_002917,USR_0019,2026-02-16 11:03:36,69.84,Mumbai,17.24,DEV_019,POS,Luxury,0
TXN_002918,USR_0079,2026-02-14 20:22:29,18.68,Toronto,1.62,DEV_079,POS,Grocery,0
TXN_002919,USR_0040,2026-03-05 18:12:30,583.98,London,1271.83,DEV_099,Wire Transfer,Luxury,1
TXN_002920,USR_0060,2026-01-02 02:28:44,39.96,Paris,2.11,DEV_060,Online,Grocery,0
TXN_002921,USR_0041,2026-01-08 01:07:36,14.8,London,8.81,DEV_041,ATM,Utilities,0
TXN_002922,USR_0056,2026-03-11 13:45:01,67.25,New York,5.83,DEV_056,ATM,Travel,0
TXN_002923,USR_0016,2026-01-16 04:23:43,57.47,New York,3.97,DEV_016,Online,Transfer,0
TXN_002924,USR_0015,2026-03-09 04:56:12,273.13,Toronto,0.06,DEV_015,Online,Grocery,0
TXN_002925,USR_0091,2026-03-12 08:27:50,76.6,Mumbai,13.21,DEV_031,POS,Luxury,0
TXN_002926,USR_0092,2026-01-14 22:57:03,65.94,Paris,0.45,DEV_092,ATM,Electronics,0
TXN_002927,USR_0080,2026-03-27 01:10:19,160.53,Paris,1.27,DEV_080,POS,Utilities,0
TXN_002928,USR_0002,2026-02-09 00:36:30,29.08,Tokyo,6.97,DEV_002,POS,Luxury,0
TXN_002929,USR_0060,2026-01-26 14:57:32,1160.49,New York,3710.1,DEV_128,ATM,Transfer,1
TXN_002930,USR_0021,2026-03-29 23:34:47,113.23,Berlin,3.26,DEV_021,Online,Electronics,0
TXN_002931,USR_0098,2026-01-13 22:07:10,98.26,Tokyo,0.34,DEV_098,Online,Luxury,0
TXN_002932,USR_0079,2026-02-09 09:41:12,23.94,Toronto,17.7,DEV_079,ATM,Gaming,0
TXN_002933,USR_0061,2026-02-09 00:07:38,89.42,Berlin,0.35,DEV_066,POS,Grocery,0
TXN_002934,USR_0049,2026-02-20 08:49:18,42.67,Berlin,1.43,DEV_049,POS,Electronics,0
TXN_002935,USR_0029,2026-01-18 05:51:15,52.61,Berlin,2.08,DEV_029,Online,Gaming,0
TXN_002936,USR_0053,2026-01-26 00:25:22,37.46,Berlin,3.71,DEV_053,POS,Grocery,0
TXN_002937,USR_0079,2026-02-15 05:33:42,97.75,Toronto,7.54,DEV_079,POS,Travel,0
TXN_002938,USR_0064,2026-03-06 12:28:01,69.16,New York,2.69,DEV_064,Online,Travel,0
TXN_002939,USR_0033,2026-02-09 23:01:36,482.24,Berlin,2395.84,DEV_039,ATM,Electronics,1
TXN_002940,USR_0034,2026-03-18 10:15:00,178.95,Tokyo,1.32,DEV_034,Online,Luxury,0
TXN_002941,USR_0074,2026-01-06 13:48:32,187.24,Tokyo,1.71,DEV_074,Online,Electronics,0
TXN_002942,USR_0061,2026-01-04 12:12:29,20.25,Berlin,1.49,DEV_061,POS,Utilities,0
TXN_002943,USR_0087,2026-03-03 20:38:15,10.3,Toronto,5.24,DEV_087,Online,Luxury,0
TXN_002944,USR_0083,2026-02-25 11:29:24,13.38,Mumbai,8.07,DEV_083,Online,Electronics,0
TXN_002945,USR_0018,2026-01-16 22:33:09,40.04,Tokyo,8.15,DEV_018,POS,Travel,0
TXN_002946,USR_0025,2026-01-13 06:25:43,201.22,Mumbai,15.16,DEV_025,ATM,Utilities,0
TXN_002947,USR_0003,2026-02-10 11:28:04,132.15,Mumbai,12.16,DEV_003,POS,Travel,0
TXN_002948,USR_0093,2026-03-22 22:44:25,28.87,Berlin,0.11,DEV_093,Wire Transfer,Electronics,0
TXN_002949,USR_0074,2026-02-20 05:38:03,50.29,Tokyo,10.78,DEV_074,POS,Travel,0
TXN_002950,USR_0014,2026-02-16 20:51:14,13.9,Sydney,4.14,DEV_143,POS,Grocery,0
TXN_002951,USR_0010,2026-03-18 03:55:50,76.26,Tokyo,17.97,DEV_010,Online,Luxury,0
TXN_002952,USR_0094,2026-01-26 15:01:01,97.93,Sydney,4.59,DEV_094,Online,Luxury,0
TXN_002953,USR_0090,2026-01-07 07:26:59,76.35,Tokyo,0.01,DEV_090,Online,Luxury,0
TXN_002954,USR_0034,2026-02-10 05:48:43,112.82,Tokyo,3.03,DEV_034,ATM,Luxury,0
TXN_002955,USR_0099,2026-02-14 09:32:48,90.58,Mumbai,1.18,DEV_099,Online,Grocery,0
TXN_002956,USR_0072,2026-01-19 09:17:41,32.52,New York,4.85,DEV_108,Online,Utilities,0
TXN_002957,USR_0001,2026-03-06 06:40:34,135.91,London,0.56,DEV_001,Online,Transfer,0
TXN_002958,USR_0032,2026-01-27 15:09:53,212.59,New York,2.66,DEV_032,POS,Luxury,0
TXN_002959,USR_0093,2026-03-26 23:01:06,94.42,Berlin,7.46,DEV_093,Online,Transfer,0
TXN_002960,USR_0038,2026-03-12 07:22:30,76.72,Sydney,0.84,DEV_048,ATM,Transfer,0
TXN_002961,USR_0036,2026-02-11 14:57:18,383.62,New York,6.49,DEV_036,ATM,Transfer,0
TXN_002962,USR_0025,2026-01-27 11:24:00,42.17,Tokyo,3.08,DEV_025,Online,Luxury,0
TXN_002963,USR_0097,2026-01-29 06:03:05,15.46,London,7.28,DEV_024,POS,Gaming,0
TXN_002964,USR_0090,2026-01-15 06:17:55,15.26,Tokyo,0.64,DEV_090,Online,Luxury,0
TXN_002965,USR_0040,2026-03-17 17:00:06,128.02,New York,7.67,DEV_040,POS,Utilities,0
TXN_002966,USR_0090,2026-03-09 11:13:43,20.92,Tokyo,3.35,DEV_090,Online,Gaming,0
TXN_002967,USR_0028,2026-03-14 06:42:26,35.01,Paris,5.18,DEV_028,ATM,Electronics,0
TXN_002968,USR_0032,2026-02-24 23:18:09,36.5,New York,6.12,DEV_032,POS,Travel,0
TXN_002969,USR_0001,2026-02-16 03:42:50,23.43,London,9.18,DEV_001,Online,Transfer,0
TXN_002970,USR_0094,2026-03-30 10:25:43,381.29,Sydney,10.15,DEV_094,POS,Grocery,0
TXN_002971,USR_0056,2026-01-05 16:57:17,11.26,New York,13.01,DEV_056,Online,Travel,0
TXN_002972,USR_0077,2026-02-03 12:20:06,74.67,Berlin,0.53,DEV_077,Online,Luxury,0
TXN_002973,USR_0028,2026-03-09 00:25:29,35.89,Paris,5.98,DEV_028,POS,Electronics,0
TXN_002974,USR_0015,2026-03-07 00:12:43,11.84,Toronto,1.56,DEV_015,POS,Transfer,0
TXN_002975,USR_0076,2026-01-11 20:03:19,49.6,Paris,3.11,DEV_076,ATM,Electronics,0
TXN_002976,USR_0080,2026-03-14 13:38:12,48.28,Mumbai,7.69,DEV_080,Wire Transfer,Grocery,0
TXN_002977,USR_0013,2026-02-16 14:04:22,47.74,Berlin,2.21,DEV_013,POS,Gaming,0
TXN_002978,USR_0096,2026-03-09 02:36:32,281.68,New York,1.21,DEV_096,ATM,Gaming,0
TXN_002979,USR_0089,2026-02-06 13:30:05,60.01,London,4.95,DEV_089,POS,Electronics,0
TXN_002980,USR_0005,2026-02-15 04:27:25,39.72,Berlin,0.23,DEV_005,Online,Gaming,0
TXN_002981,USR_0069,2026-01-21 09:52:04,27.83,Berlin,4.43,DEV_069,ATM,Travel,0
TXN_002982,USR_0095,2026-01-30 16:25:44,60.14,Toronto,5.32,DEV_095,POS,Travel,0
TXN_002983,USR_0050,2026-03-05 10:48:46,185.61,Tokyo,0.37,DEV_050,POS,Travel,0
TXN_002984,USR_0089,2026-02-18 00:53:09,271.4,London,2.88,DEV_089,POS,Luxury,0
TXN_002985,USR_0060,2026-02-05 21:45:05,43.27,Paris,0.35,DEV_060,Online,Grocery,0
TXN_002986,USR_0019,2026-03-24 13:00:27,56.47,Mumbai,1.31,DEV_019,Wire Transfer,Transfer,0
TXN_002987,USR_0095,2026-03-04 00:25:14,114.93,Toronto,7.97,DEV_095,POS,Luxury,0
TXN_002988,USR_0060,2026-02-04 03:59:56,31.76,Paris,3.07,DEV_060,Online,Utilities,0
TXN_002989,USR_0081,2026-02-06 00:11:19,70.45,London,9.85,DEV_096,Online,Utilities,0
TXN_002990,USR_0079,2026-01-03 11:22:45,157.5,Toronto,2.06,DEV_079,Online,Utilities,0
TXN_002991,USR_0084,2026-03-18 07:48:29,61.3,Paris,1.76,DEV_084,Online,Grocery,0
TXN_002992,USR_0008,2026-03-14 03:40:50,142.29,New York,0.78,DEV_008,POS,Transfer,0
TXN_002993,USR_0057,2026-03-19 00:37:18,23.29,London,0.17,DEV_057,POS,Transfer,0
TXN_002994,USR_0001,2026-02-28 16:51:30,50.19,London,8.32,DEV_001,Online,Travel,0
TXN_002995,USR_0097,2026-01-06 03:43:22,67.59,London,5.05,DEV_149,Online,Grocery,0
TXN_002996,USR_0099,2026-02-28 18:27:56,39.68,Mumbai,19.58,DEV_099,Online,Grocery,0
TXN_002997,USR_0015,2026-03-29 12:56:44,67.86,Toronto,7.65,DEV_015,Wire Transfer,Luxury,0
TXN_002998,USR_0082,2026-02-23 00:48:28,120.42,Tokyo,5.97,DEV_082,POS,Grocery,0
TXN_002999,USR_0085,2026-01-22 18:32:20,82.19,Berlin,0.56,DEV_085,ATM,Gaming,0
TXN_003000,USR_0048,2026-01-19 07:39:09,57.29,Tokyo,1.32,DEV_048,Online,Electronics,0
TXN_003001,USR_0097,2026-03-24 21:09:34,56.41,London,2.79,DEV_097,ATM,Travel,0
TXN_003002,USR_0046,2026-03-08 11:45:23,123.68,Sydney,1.02,DEV_046,POS,Transfer,0
TXN_003003,USR_0060,2026-02-20 01:59:59,92.39,Paris,2.33,DEV_060,Wire Transfer,Electronics,0
TXN_003004,USR_0019,2026-03-13 06:37:38,96.93,Mumbai,11.12,DEV_019,Online,Utilities,0
TXN_003005,USR_0070,2026-03-29 21:38:04,80.78,Sydney,16.47,DEV_070,Online,Transfer,0
TXN_003006,USR_0015,2026-01-05 11:35:44,53.58,Toronto,4.0,DEV_015,POS,Electronics,0
TXN_003007,USR_0075,2026-01-13 18:05:17,56.22,Mumbai,0.65,DEV_075,Online,Travel,0
TXN_003008,USR_0021,2026-02-23 18:26:35,24.22,Sydney,8.63,DEV_021,Online,Utilities,0
TXN_003009,USR_0009,2026-02-26 21:01:45,18.87,London,7.26,DEV_009,POS,Luxury,0
TXN_003010,USR_0082,2026-03-31 08:27:24,26.47,Tokyo,0.78,DEV_005,POS,Grocery,0
TXN_003011,USR_0010,2026-02-04 17:49:58,23.18,Tokyo,11.6,DEV_101,POS,Utilities,0
TXN_003012,USR_0100,2026-03-25 23:06:41,14.02,Paris,1.35,DEV_100,Online,Utilities,0
TXN_003013,USR_0070,2026-03-03 17:52:22,33.77,Sydney,0.47,DEV_070,POS,Utilities,0
TXN_003014,USR_0013,2026-01-08 13:44:07,82.64,Berlin,1.35,DEV_013,POS,Luxury,0
TXN_003015,USR_0059,2026-02-03 17:02:07,39.26,Mumbai,7.2,DEV_059,POS,Luxury,0
TXN_003016,USR_0013,2026-01-29 03:02:22,59.52,Berlin,0.9,DEV_013,POS,Electronics,0
TXN_003017,USR_0053,2026-03-19 11:46:53,218.36,Berlin,7.34,DEV_053,ATM,Gaming,0
TXN_003018,USR_0002,2026-02-15 13:50:59,94.08,Tokyo,4.33,DEV_002,Online,Travel,0
TXN_003019,USR_0095,2026-02-14 21:53:45,68.04,Toronto,6.62,DEV_095,Online,Gaming,0
TXN_003020,USR_0095,2026-03-17 11:48:24,19.35,Toronto,1.02,DEV_095,POS,Luxury,0
TXN_003021,USR_0100,2026-02-08 19:31:46,262.44,London,2.82,DEV_100,POS,Utilities,0
TXN_003022,USR_0029,2026-01-20 23:48:06,85.17,Berlin,8.63,DEV_029,Online,Travel,0
TXN_003023,USR_0003,2026-01-23 06:39:30,24.09,Mumbai,6.64,DEV_003,POS,Electronics,0
TXN_003024,USR_0082,2026-01-19 05:44:29,51.12,Tokyo,33.6,DEV_082,ATM,Electronics,0
TXN_003025,USR_0023,2026-01-06 08:43:20,11.11,Toronto,6.45,DEV_023,POS,Gaming,0
TXN_003026,USR_0065,2026-01-08 17:37:15,16.2,London,1.53,DEV_065,POS,Travel,0
TXN_003027,USR_0100,2026-03-10 01:34:35,37.09,Paris,6.47,DEV_100,POS,Travel,0
TXN_003028,USR_0060,2026-02-05 11:00:31,149.96,Paris,2.09,DEV_060,Online,Electronics,0
TXN_003029,USR_0087,2026-02-24 13:55:28,25.07,Toronto,22.63,DEV_087,ATM,Transfer,0
TXN_003030,USR_0086,2026-03-27 21:05:50,82.95,Sydney,0.02,DEV_086,Online,Utilities,0
TXN_003031,USR_0099,2026-03-17 10:32:55,65.63,Mumbai,6.84,DEV_099,Online,Electronics,0
TXN_003032,USR_0056,2026-02-01 06:27:32,61.15,New York,4.03,DEV_056,POS,Grocery,0
TXN_003033,USR_0045,2026-03-02 23:12:40,50.36,Berlin,2.85,DEV_045,POS,Transfer,0
TXN_003034,USR_0059,2026-03-30 13:53:34,32.47,Mumbai,0.23,DEV_037,POS,Transfer,0
TXN_003035,USR_0007,2026-02-20 18:10:45,14.83,Berlin,1.73,DEV_131,POS,Utilities,0
TXN_003036,USR_0095,2026-03-28 11:23:34,164.74,Toronto,10.85,DEV_095,Online,Grocery,0
TXN_003037,USR_0054,2026-01-06 21:21:07,73.91,Sydney,6.62,DEV_054,POS,Electronics,0
TXN_003038,USR_0011,2026-03-02 11:45:02,48.46,Mumbai,8.52,DEV_011,Online,Transfer,0
TXN_003039,USR_0050,2026-02-09 19:45:29,32.17,Tokyo,5.36,DEV_050,Online,Electronics,0
TXN_003040,USR_0088,2026-03-22 23:39:46,165.77,New York,11.04,DEV_130,Online,Gaming,0
TXN_003041,USR_0065,2026-02-19 01:31:54,34.03,London,1.16,DEV_065,Wire Transfer,Luxury,0
TXN_003042,USR_0005,2026-03-01 10:05:22,98.49,Berlin,10.43,DEV_005,POS,Gaming,0
TXN_003043,USR_0002,2026-03-04 01:04:59,265.36,Tokyo,2.82,DEV_002,Online,Grocery,0
TXN_003044,USR_0012,2026-02-19 04:38:34,109.87,Paris,0.06,DEV_012,Online,Electronics,0
TXN_003045,USR_0076,2026-03-08 03:27:19,23.86,Paris,2.37,DEV_076,POS,Luxury,0
TXN_003046,USR_0092,2026-03-13 06:42:39,17.81,Paris,1.16,DEV_092,Online,Transfer,0
TXN_003047,USR_0068,2026-01-06 15:39:53,79.16,Mumbai,0.4,DEV_068,Online,Electronics,0
TXN_003048,USR_0085,2026-02-17 23:49:22,40.58,Berlin,2.44,DEV_085,POS,Transfer,0
TXN_003049,USR_0048,2026-01-20 01:55:55,120.69,New York,3.6,DEV_048,Online,Luxury,0
TXN_003050,USR_0033,2026-03-17 20:44:02,14.15,London,6.71,DEV_033,POS,Luxury,0
TXN_003051,USR_0074,2026-03-15 07:22:47,36.96,Tokyo,14.3,DEV_074,Online,Gaming,0
TXN_003052,USR_0037,2026-02-22 07:34:32,15.33,Berlin,0.96,DEV_037,Online,Transfer,0
TXN_003053,USR_0041,2026-02-21 22:12:26,147.17,London,4.47,DEV_038,POS,Electronics,0
TXN_003054,USR_0071,2026-01-25 02:19:33,3060.01,Sydney,3932.99,DEV_125,Online,Transfer,1
TXN_003055,USR_0059,2026-01-15 11:23:44,72.37,Mumbai,4.62,DEV_059,POS,Transfer,0
TXN_003056,USR_0067,2026-01-18 06:11:59,40.49,Mumbai,6.88,DEV_067,Online,Utilities,0
TXN_003057,USR_0046,2026-02-11 11:28:34,33.52,Sydney,4.55,DEV_046,Online,Utilities,0
TXN_003058,USR_0068,2026-02-13 09:12:36,70.99,Paris,1.81,DEV_068,POS,Luxury,0
TXN_003059,USR_0072,2026-03-29 04:58:02,52.86,New York,10.1,DEV_072,Online,Utilities,0
TXN_003060,USR_0023,2026-01-06 01:51:42,17.89,Toronto,1.6,DEV_023,POS,Travel,0
TXN_003061,USR_0046,2026-03-22 08:08:24,49.12,Sydney,1.28,DEV_046,POS,Electronics,0
TXN_003062,USR_0019,2026-01-08 07:32:47,58.43,Mumbai,9.63,DEV_019,Online,Grocery,0
TXN_003063,USR_0081,2026-03-31 00:31:30,16.71,London,13.68,DEV_081,Wire Transfer,Grocery,0
TXN_003064,USR_0046,2026-01-27 15:17:08,12.58,Mumbai,0.3,DEV_046,POS,Luxury,0
TXN_003065,USR_0089,2026-02-03 17:06:21,185.65,London,4.53,DEV_089,POS,Luxury,0
TXN_003066,USR_0025,2026-02-08 13:55:11,15.52,London,2.37,DEV_095,Online,Transfer,0
TXN_003067,USR_0008,2026-03-31 00:28:25,89.92,Sydney,2.8,DEV_008,Online,Electronics,0
TXN_003068,USR_0059,2026-03-20 06:43:39,130.97,Mumbai,5.18,DEV_059,ATM,Gaming,0
TXN_003069,USR_0086,2026-01-11 03:18:02,61.16,Sydney,4.02,DEV_086,Online,Grocery,0
TXN_003070,USR_0031,2026-01-11 05:05:18,22.03,Toronto,9.75,DEV_031,ATM,Luxury,0
TXN_003071,USR_0079,2026-01-23 05:53:58,21.64,Toronto,5.53,DEV_079,Online,Travel,0
TXN_003072,USR_0018,2026-03-08 14:44:24,26.11,Tokyo,8.48,DEV_018,Online,Luxury,0
TXN_003073,USR_0012,2026-02-25 10:53:34,57.98,Paris,6.47,DEV_012,POS,Utilities,0
TXN_003074,USR_0100,2026-02-16 07:48:59,38.89,Paris,6.31,DEV_100,Online,Gaming,0
TXN_003075,USR_0034,2026-01-17 09:45:47,55.62,Tokyo,5.53,DEV_034,POS,Luxury,0
TXN_003076,USR_0032,2026-03-09 19:47:55,71.24,New York,11.98,DEV_032,POS,Travel,0
TXN_003077,USR_0045,2026-01-28 15:32:07,23.9,Paris,2.9,DEV_045,POS,Luxury,0
TXN_003078,USR_0011,2026-03-08 16:45:04,127.05,Mumbai,3.87,DEV_011,Online,Electronics,0
TXN_003079,USR_0039,2026-03-30 21:32:49,103.46,Toronto,1.79,DEV_039,Online,Utilities,0
TXN_003080,USR_0014,2026-01-20 02:17:59,75.58,Sydney,1.91,DEV_014,Online,Utilities,0
TXN_003081,USR_0023,2026-02-12 01:30:13,10.07,Toronto,3.78,DEV_004,POS,Gaming,0
TXN_003082,USR_0058,2026-02-18 00:07:54,32.29,Tokyo,2.41,DEV_058,Online,Utilities,0
TXN_003083,USR_0022,2026-03-31 23:15:16,100.09,Sydney,4.22,DEV_055,POS,Travel,0
TXN_003084,USR_0046,2026-03-12 15:15:47,34.62,Sydney,1.09,DEV_046,POS,Gaming,0
TXN_003085,USR_0085,2026-01-27 18:18:47,75.2,Berlin,5.06,DEV_085,POS,Electronics,0
TXN_003086,USR_0004,2026-01-13 11:14:11,113.94,Paris,6.87,DEV_004,ATM,Gaming,0
TXN_003087,USR_0075,2026-01-16 17:19:14,30.69,Mumbai,1.24,DEV_075,POS,Utilities,0
TXN_003088,USR_0093,2026-02-05 22:53:32,102.05,Berlin,7.88,DEV_126,Online,Luxury,0
TXN_003089,USR_0038,2026-02-18 20:17:24,30.33,Sydney,12.2,DEV_038,ATM,Transfer,0
TXN_003090,USR_0088,2026-01-27 11:50:33,26.99,New York,0.08,DEV_088,ATM,Travel,0
TXN_003091,USR_0058,2026-03-08 13:08:30,11.82,Tokyo,1.88,DEV_134,ATM,Electronics,0
TXN_003092,USR_0042,2026-03-02 11:19:22,11.7,Tokyo,1.23,DEV_042,POS,Luxury,0
TXN_003093,USR_0072,2026-02-26 11:40:30,14.83,New York,1.43,DEV_072,ATM,Travel,0
TXN_003094,USR_0015,2026-03-24 13:16:31,71.21,Toronto,19.79,DEV_015,Online,Travel,0
TXN_003095,USR_0080,2026-01-25 07:42:02,13.72,New York,0.61,DEV_100,Online,Electronics,0
TXN_003096,USR_0087,2026-03-14 11:01:59,23.66,Toronto,10.06,DEV_087,POS,Gaming,0
TXN_003097,USR_0049,2026-01-23 11:18:30,128.54,London,19.43,DEV_049,Online,Grocery,0
TXN_003098,USR_0080,2026-03-31 14:31:25,77.61,New York,11.69,DEV_034,POS,Grocery,0
TXN_003099,USR_0014,2026-02-04 04:20:05,1117.16,Mumbai,4180.41,DEV_137,Online,Transfer,1
TXN_003100,USR_0033,2026-01-15 06:46:08,67.5,London,2.56,DEV_007,ATM,Electronics,0
TXN_003101,USR_0079,2026-03-11 17:48:53,88.72,Toronto,1.18,DEV_079,POS,Electronics,0
TXN_003102,USR_0046,2026-03-08 12:46:14,46.76,Toronto,0.2,DEV_046,Online,Electronics,0
TXN_003103,USR_0015,2026-02-25 05:06:58,199.16,Toronto,0.07,DEV_015,POS,Gaming,0
TXN_003104,USR_0086,2026-03-26 17:51:53,63.41,Sydney,1.0,DEV_049,ATM,Grocery,0
TXN_003105,USR_0076,2026-02-10 18:09:32,155.09,Paris,5.51,DEV_076,Online,Electronics,0
TXN_003106,USR_0013,2026-02-03 11:27:31,119.06,Berlin,4.64,DEV_013,Online,Gaming,0
TXN_003107,USR_0077,2026-03-07 02:58:40,36.37,Berlin,7.0,DEV_077,Online,Utilities,0
TXN_003108,USR_0089,2026-01-22 16:39:16,200.98,London,5.75,DEV_028,Online,Gaming,0
TXN_003109,USR_0051,2026-03-28 20:20:22,50.66,Sydney,5.41,DEV_051,POS,Grocery,0
TXN_003110,USR_0003,2026-01-15 16:59:27,39.46,Toronto,8.5,DEV_003,POS,Utilities,0
TXN_003111,USR_0005,2026-01-05 16:07:42,186.98,Mumbai,0.1,DEV_005,POS,Luxury,0
TXN_003112,USR_0044,2026-02-15 17:38:58,170.36,Paris,13.54,DEV_044,Online,Travel,0
TXN_003113,USR_0012,2026-01-01 12:42:18,138.58,Paris,1.13,DEV_012,Wire Transfer,Utilities,0
TXN_003114,USR_0080,2026-01-02 23:13:40,19.51,New York,5.43,DEV_080,POS,Gaming,0
TXN_003115,USR_0058,2026-01-20 04:30:04,12.78,Sydney,3.51,DEV_058,Online,Gaming,0
TXN_003116,USR_0023,2026-03-26 23:43:00,12.99,Toronto,4.07,DEV_023,POS,Transfer,0
TXN_003117,USR_0048,2026-03-13 07:01:47,55.3,New York,6.85,DEV_077,Online,Grocery,0
TXN_003118,USR_0037,2026-01-16 04:49:41,12.23,Berlin,0.86,DEV_037,Online,Gaming,0
TXN_003119,USR_0099,2026-02-12 23:11:36,74.14,Mumbai,5.11,DEV_099,Online,Travel,0
TXN_003120,USR_0003,2026-02-11 13:10:52,119.67,Mumbai,2.11,DEV_003,Online,Electronics,0
TXN_003121,USR_0060,2026-03-22 23:52:02,385.6,Paris,6.57,DEV_060,Online,Grocery,0
TXN_003122,USR_0035,2026-02-08 00:23:12,50.85,Mumbai,9.05,DEV_101,Online,Electronics,0
TXN_003123,USR_0014,2026-03-05 18:38:05,91.97,Sydney,0.53,DEV_067,Online,Transfer,0
TXN_003124,USR_0086,2026-02-27 17:18:20,24.09,Sydney,6.57,DEV_086,POS,Electronics,0
TXN_003125,USR_0030,2026-01-28 12:40:35,41.75,Sydney,7.33,DEV_030,POS,Electronics,0
TXN_003126,USR_0014,2026-01-24 00:04:23,1095.28,Tokyo,2652.76,DEV_063,Wire Transfer,Gaming,1
TXN_003127,USR_0077,2026-01-26 22:19:21,85.48,Berlin,7.43,DEV_077,Wire Transfer,Luxury,0
TXN_003128,USR_0015,2026-01-13 19:30:32,214.55,Toronto,7.97,DEV_015,POS,Travel,0
TXN_003129,USR_0067,2026-01-27 05:08:16,31.65,Mumbai,0.58,DEV_136,POS,Transfer,0
TXN_003130,USR_0045,2026-02-13 21:07:53,50.77,Berlin,15.64,DEV_045,POS,Travel,0
TXN_003131,USR_0017,2026-01-07 21:34:47,74.89,London,7.96,DEV_031,Online,Grocery,0
TXN_003132,USR_0096,2026-03-30 23:25:52,10.66,Tokyo,10.18,DEV_096,Online,Electronics,0
TXN_003133,USR_0037,2026-01-20 16:15:30,42.36,Berlin,3.59,DEV_037,POS,Travel,0
TXN_003134,USR_0015,2026-01-31 20:40:57,1249.66,London,3739.57,DEV_088,Wire Transfer,Electronics,1
TXN_003135,USR_0079,2026-02-05 18:53:06,79.17,Toronto,1.7,DEV_044,POS,Utilities,0
TXN_003136,USR_0037,2026-03-13 01:37:08,225.88,Berlin,4.42,DEV_037,Online,Gaming,0
TXN_003137,USR_0041,2026-02-04 07:41:45,24.55,London,10.19,DEV_041,POS,Travel,0
TXN_003138,USR_0005,2026-03-17 07:44:12,59.67,Berlin,16.83,DEV_005,POS,Transfer,0
TXN_003139,USR_0088,2026-02-05 14:42:37,1269.91,Toronto,923.51,DEV_003,Wire Transfer,Gaming,1
TXN_003140,USR_0088,2026-01-16 07:22:37,60.23,New York,4.97,DEV_088,Online,Transfer,0
TXN_003141,USR_0095,2026-01-26 08:29:18,121.97,Toronto,3.13,DEV_095,Online,Utilities,0
TXN_003142,USR_0042,2026-03-31 20:36:59,90.16,Tokyo,2.69,DEV_042,POS,Electronics,0
TXN_003143,USR_0042,2026-03-26 13:40:09,125.79,Tokyo,24.01,DEV_042,POS,Grocery,0
TXN_003144,USR_0016,2026-03-03 14:50:08,67.16,New York,1.63,DEV_016,ATM,Grocery,0
TXN_003145,USR_0060,2026-02-28 23:06:37,74.1,Paris,3.94,DEV_060,ATM,Grocery,0
TXN_003146,USR_0094,2026-02-02 09:29:37,12.33,Sydney,2.94,DEV_094,Online,Luxury,0
TXN_003147,USR_0038,2026-02-23 01:11:57,106.25,Sydney,6.03,DEV_038,POS,Travel,0
TXN_003148,USR_0074,2026-03-21 11:52:30,48.42,Tokyo,3.5,DEV_074,Online,Utilities,0
TXN_003149,USR_0069,2026-03-10 07:38:43,796.31,Sydney,4587.2,DEV_060,Wire Transfer,Gaming,1
TXN_003150,USR_0024,2026-03-19 00:13:43,510.93,Mumbai,3436.83,DEV_036,Online,Gaming,1
TXN_003151,USR_0039,2026-01-16 08:07:46,235.96,Toronto,0.26,DEV_109,Wire Transfer,Utilities,0
TXN_003152,USR_0040,2026-03-29 00:36:03,10.15,New York,1.63,DEV_040,Online,Transfer,0
TXN_003153,USR_0054,2026-01-23 00:30:15,24.28,Sydney,0.69,DEV_054,Online,Grocery,0
TXN_003154,USR_0081,2026-02-02 09:46:39,75.06,London,0.39,DEV_081,Online,Luxury,0
TXN_003155,USR_0077,2026-01-06 14:07:11,64.7,Berlin,4.09,DEV_146,Online,Electronics,0
TXN_003156,USR_0066,2026-01-23 23:39:23,57.26,Tokyo,6.27,DEV_066,ATM,Electronics,0
TXN_003157,USR_0095,2026-01-09 22:34:57,61.77,Toronto,3.04,DEV_095,Online,Utilities,0
TXN_003158,USR_0054,2026-02-09 01:02:30,33.69,Sydney,1.65,DEV_054,POS,Luxury,0
TXN_003159,USR_0077,2026-03-29 14:20:39,63.17,Berlin,1.37,DEV_077,Online,Utilities,0
TXN_003160,USR_0023,2026-02-03 00:51:36,108.87,Toronto,5.56,DEV_023,ATM,Gaming,0
TXN_003161,USR_0077,2026-02-26 18:15:56,239.93,Berlin,2.21,DEV_037,Online,Gaming,0
TXN_003162,USR_0011,2026-03-18 13:12:15,152.42,Mumbai,8.66,DEV_132,POS,Electronics,0
TXN_003163,USR_0090,2026-02-17 14:37:40,47.66,Tokyo,6.89,DEV_090,POS,Electronics,0
TXN_003164,USR_0044,2026-03-21 02:25:00,20.96,Paris,0.69,DEV_053,Online,Travel,0
TXN_003165,USR_0046,2026-01-24 03:13:49,14.99,Sydney,1.61,DEV_046,POS,Grocery,0
TXN_003166,USR_0064,2026-02-27 16:44:53,36.49,New York,8.76,DEV_064,ATM,Electronics,0
TXN_003167,USR_0026,2026-03-27 00:07:40,53.53,Tokyo,4.24,DEV_026,Online,Luxury,0
TXN_003168,USR_0069,2026-01-13 01:52:55,207.16,Sydney,0.48,DEV_069,POS,Travel,0
TXN_003169,USR_0025,2026-02-17 04:08:59,28.25,New York,2.06,DEV_025,Online,Transfer,0
TXN_003170,USR_0076,2026-03-10 15:42:40,165.45,Paris,4.5,DEV_076,Online,Electronics,0
TXN_003171,USR_0060,2026-03-10 19:28:44,48.1,Paris,1.72,DEV_060,ATM,Gaming,0
TXN_003172,USR_0085,2026-01-22 13:38:05,36.47,Berlin,7.67,DEV_085,Online,Travel,0
TXN_003173,USR_0095,2026-03-10 17:59:41,128.3,Toronto,16.06,DEV_095,Online,Travel,0
TXN_003174,USR_0086,2026-02-20 03:54:43,43.3,Sydney,2.05,DEV_086,POS,Luxury,0
TXN_003175,USR_0013,2026-01-20 13:20:38,208.75,Berlin,0.53,DEV_013,POS,Transfer,0
TXN_003176,USR_0097,2026-01-27 11:28:27,30.4,London,4.13,DEV_097,ATM,Grocery,0
TXN_003177,USR_0078,2026-01-20 12:19:21,37.34,Sydney,9.59,DEV_067,Online,Transfer,0
TXN_003178,USR_0013,2026-02-18 03:09:42,2062.33,Toronto,4762.83,DEV_114,Wire Transfer,Transfer,1
TXN_003179,USR_0052,2026-02-04 19:15:48,10.61,Paris,4.38,DEV_052,POS,Travel,0
TXN_003180,USR_0050,2026-03-10 09:40:23,301.7,Tokyo,12.76,DEV_050,POS,Travel,0
TXN_003181,USR_0009,2026-03-21 19:54:05,21.81,London,11.56,DEV_115,POS,Transfer,0
TXN_003182,USR_0079,2026-02-11 07:36:21,170.6,Toronto,0.05,DEV_079,Online,Transfer,0
TXN_003183,USR_0089,2026-02-25 04:11:18,25.72,London,0.95,DEV_089,POS,Transfer,0
TXN_003184,USR_0025,2026-03-13 05:02:20,58.04,London,10.78,DEV_025,Online,Gaming,0
TXN_003185,USR_0092,2026-01-29 15:33:07,82.98,Paris,0.18,DEV_092,Online,Grocery,0
TXN_003186,USR_0018,2026-02-22 05:18:51,146.47,Tokyo,0.64,DEV_018,ATM,Luxury,0
TXN_003187,USR_0025,2026-02-10 02:57:48,204.68,London,0.83,DEV_025,ATM,Luxury,0
TXN_003188,USR_0087,2026-01-12 21:36:59,182.85,Toronto,6.46,DEV_087,POS,Travel,0
TXN_003189,USR_0097,2026-01-28 13:38:41,214.56,London,12.26,DEV_097,Online,Electronics,0
TXN_003190,USR_0087,2026-02-20 06:43:29,885.39,Tokyo,1448.44,DEV_077,Wire Transfer,Transfer,1
TXN_003191,USR_0090,2026-02-10 23:39:57,307.35,Tokyo,8.25,DEV_090,ATM,Travel,0
TXN_003192,USR_0096,2026-02-19 10:02:27,41.76,New York,3.73,DEV_096,Online,Grocery,0
TXN_003193,USR_0057,2026-01-14 03:12:31,26.76,London,1.07,DEV_057,Online,Gaming,0
TXN_003194,USR_0041,2026-01-06 04:12:50,129.95,London,6.92,DEV_041,Online,Grocery,0
TXN_003195,USR_0035,2026-02-17 05:36:22,173.99,Mumbai,1.12,DEV_035,Online,Travel,0
TXN_003196,USR_0063,2026-03-26 10:40:37,17.4,Toronto,5.21,DEV_063,POS,Transfer,0
TXN_003197,USR_0038,2026-01-12 11:40:10,98.11,Sydney,1.73,DEV_038,Online,Gaming,0
TXN_003198,USR_0024,2026-03-02 20:54:00,113.21,New York,1.51,DEV_024,ATM,Luxury,0
TXN_003199,USR_0082,2026-01-25 12:47:01,96.29,Tokyo,0.2,DEV_082,POS,Transfer,0
TXN_003200,USR_0038,2026-03-04 00:25:48,28.04,Sydney,2.36,DEV_038,Online,Electronics,0
TXN_003201,USR_0092,2026-03-26 17:08:20,31.62,Paris,4.88,DEV_092,ATM,Utilities,0
TXN_003202,USR_0044,2026-02-12 05:45:10,41.04,Paris,0.85,DEV_044,POS,Grocery,0
TXN_003203,USR_0047,2026-01-27 17:26:47,161.32,Toronto,16.7,DEV_047,Online,Electronics,0
TXN_003204,USR_0085,2026-02-02 20:42:23,38.24,Berlin,6.74,DEV_085,POS,Luxury,0
TXN_003205,USR_0096,2026-02-23 13:23:17,29.37,Berlin,1.66,DEV_096,Online,Gaming,0
TXN_003206,USR_0083,2026-01-13 17:45:51,5003.15,Paris,4174.49,DEV_106,Online,Electronics,1
TXN_003207,USR_0084,2026-01-14 07:44:09,80.96,Paris,4.12,DEV_084,Online,Gaming,0
TXN_003208,USR_0035,2026-02-12 18:52:38,23.11,Mumbai,4.9,DEV_035,ATM,Electronics,0
TXN_003209,USR_0080,2026-03-20 11:22:50,23.39,New York,0.68,DEV_056,ATM,Grocery,0
TXN_003210,USR_0035,2026-02-09 05:20:54,51.75,Mumbai,4.17,DEV_045,Online,Travel,0
TXN_003211,USR_0038,2026-02-11 09:00:12,60.12,Sydney,5.14,DEV_038,POS,Luxury,0
TXN_003212,USR_0075,2026-03-31 06:12:14,117.45,Mumbai,2.39,DEV_075,Online,Utilities,0
TXN_003213,USR_0088,2026-03-30 06:36:21,37.43,New York,5.49,DEV_014,ATM,Travel,0
TXN_003214,USR_0063,2026-01-29 00:42:02,78.13,Toronto,7.09,DEV_063,POS,Transfer,0
TXN_003215,USR_0015,2026-03-29 12:57:59,26.99,Toronto,7.07,DEV_015,Online,Luxury,0
TXN_003216,USR_0001,2026-01-22 20:33:34,99.61,London,8.5,DEV_001,ATM,Gaming,0
TXN_003217,USR_0023,2026-03-17 22:25:18,12.05,Toronto,10.0,DEV_023,POS,Utilities,0
TXN_003218,USR_0029,2026-03-05 09:34:28,63.71,Berlin,27.86,DEV_029,POS,Electronics,0
TXN_003219,USR_0064,2026-01-05 22:23:48,209.39,New York,2.09,DEV_064,POS,Utilities,0
TXN_003220,USR_0081,2026-02-02 20:41:41,89.84,London,2.23,DEV_081,POS,Transfer,0
TXN_003221,USR_0071,2026-01-07 05:56:01,36.75,Toronto,8.1,DEV_071,POS,Gaming,0
TXN_003222,USR_0094,2026-01-19 15:35:45,160.94,Sydney,11.61,DEV_094,Online,Utilities,0
TXN_003223,USR_0056,2026-02-06 19:40:23,90.84,New York,1.56,DEV_056,POS,Electronics,0
TXN_003224,USR_0028,2026-01-27 22:10:48,101.91,Paris,1.64,DEV_028,Online,Transfer,0
TXN_003225,USR_0032,2026-02-17 13:49:43,149.5,New York,13.15,DEV_032,Wire Transfer,Travel,0
TXN_003226,USR_0040,2026-02-17 19:49:14,101.81,New York,5.74,DEV_040,Online,Luxury,0
TXN_003227,USR_0066,2026-01-01 00:08:23,91.16,Tokyo,24.78,DEV_066,POS,Transfer,0
TXN_003228,USR_0025,2026-03-19 13:51:28,16.47,London,4.14,DEV_025,Online,Electronics,0
TXN_003229,USR_0075,2026-01-07 19:15:00,83.07,Mumbai,1.83,DEV_075,POS,Gaming,0
TXN_003230,USR_0093,2026-01-24 16:06:15,16.09,Berlin,0.48,DEV_093,ATM,Grocery,0
TXN_003231,USR_0084,2026-03-20 08:48:00,86.67,Paris,3.01,DEV_084,POS,Transfer,0
TXN_003232,USR_0047,2026-01-04 10:27:36,64.84,Toronto,1.22,DEV_047,Online,Transfer,0
TXN_003233,USR_0080,2026-02-02 13:35:58,66.03,New York,1.85,DEV_068,POS,Travel,0
TXN_003234,USR_0046,2026-02-08 21:06:21,70.79,Sydney,6.05,DEV_046,Wire Transfer,Luxury,0
TXN_003235,USR_0086,2026-03-13 19:28:38,41.39,Sydney,1.68,DEV_136,POS,Grocery,0
TXN_003236,USR_0097,2026-02-04 15:17:13,74.56,London,1.2,DEV_097,Online,Gaming,0
TXN_003237,USR_0008,2026-03-11 16:47:37,36.83,New York,0.22,DEV_008,Online,Luxury,0
TXN_003238,USR_0018,2026-01-07 21:15:25,21.01,Tokyo,1.18,DEV_018,POS,Utilities,0
TXN_003239,USR_0029,2026-01-06 03:50:49,33.58,Berlin,2.0,DEV_029,POS,Luxury,0
TXN_003240,USR_0039,2026-03-27 14:13:41,71.93,Tokyo,7.57,DEV_039,Online,Travel,0
TXN_003241,USR_0071,2026-02-14 02:26:13,48.2,Toronto,2.29,DEV_071,POS,Gaming,0
TXN_003242,USR_0066,2026-03-05 19:10:31,32.32,Tokyo,21.19,DEV_066,POS,Utilities,0
TXN_003243,USR_0020,2026-02-28 09:12:06,18.22,Paris,5.54,DEV_020,Online,Travel,0
TXN_003244,USR_0059,2026-02-16 12:42:23,44.8,Mumbai,4.78,DEV_027,ATM,Transfer,0
TXN_003245,USR_0061,2026-03-04 01:07:34,78.92,Mumbai,0.27,DEV_061,POS,Travel,0
TXN_003246,USR_0089,2026-01-31 16:53:03,201.29,New York,0.51,DEV_089,Online,Luxury,0
TXN_003247,USR_0021,2026-02-20 23:20:01,823.56,Tokyo,2474.64,DEV_142,Online,Electronics,1
TXN_003248,USR_0076,2026-03-16 01:27:05,126.63,Paris,3.95,DEV_076,Online,Gaming,0
TXN_003249,USR_0071,2026-01-29 14:24:15,111.54,Toronto,6.09,DEV_071,POS,Gaming,0
TXN_003250,USR_0074,2026-03-19 07:41:27,51.55,Tokyo,1.85,DEV_074,Online,Gaming,0
TXN_003251,USR_0085,2026-02-20 00:45:11,55.16,Berlin,11.67,DEV_085,ATM,Electronics,0
TXN_003252,USR_0076,2026-01-11 03:56:33,241.03,Paris,3.55,DEV_076,Online,Grocery,0
TXN_003253,USR_0006,2026-03-30 05:24:23,21.84,Sydney,1.95,DEV_006,Online,Electronics,0
TXN_003254,USR_0013,2026-03-12 13:35:57,29.74,Berlin,3.51,DEV_013,ATM,Transfer,0
TXN_003255,USR_0050,2026-02-11 16:54:30,111.74,Tokyo,8.45,DEV_093,POS,Grocery,0
TXN_003256,USR_0027,2026-03-19 04:05:51,21.08,Mumbai,1.69,DEV_027,POS,Transfer,0
TXN_003257,USR_0091,2026-01-10 17:15:37,21.05,Mumbai,0.47,DEV_091,POS,Luxury,0
TXN_003258,USR_0060,2026-02-12 07:14:50,59.97,Paris,4.63,DEV_060,Online,Luxury,0
TXN_003259,USR_0011,2026-03-14 05:51:40,12.94,Mumbai,0.81,DEV_011,Wire Transfer,Grocery,0
TXN_003260,USR_0030,2026-02-19 11:13:33,21.32,Sydney,0.88,DEV_030,Online,Utilities,0
TXN_003261,USR_0078,2026-01-14 14:49:10,137.26,Sydney,0.01,DEV_045,Online,Luxury,0
TXN_003262,USR_0037,2026-01-16 06:17:40,51.12,Berlin,3.07,DEV_037,Online,Gaming,0
TXN_003263,USR_0035,2026-02-05 01:41:22,134.29,Mumbai,0.64,DEV_114,POS,Luxury,0
TXN_003264,USR_0076,2026-03-13 22:13:36,114.26,Paris,18.09,DEV_076,POS,Utilities,0
TXN_003265,USR_0038,2026-02-19 23:55:13,27.2,Sydney,3.15,DEV_038,Online,Electronics,0
TXN_003266,USR_0003,2026-02-21 17:47:10,10.65,Mumbai,2.5,DEV_003,POS,Grocery,0
TXN_003267,USR_0018,2026-01-19 22:03:21,158.01,Tokyo,1.23,DEV_018,Online,Luxury,0
TXN_003268,USR_0042,2026-03-02 17:33:49,40.28,Tokyo,5.95,DEV_053,Online,Transfer,0
TXN_003269,USR_0077,2026-03-24 01:35:25,140.5,Berlin,3.44,DEV_077,Online,Travel,0
TXN_003270,USR_0055,2026-02-01 17:25:33,24.57,Toronto,8.24,DEV_055,POS,Gaming,0
TXN_003271,USR_0086,2026-01-02 02:37:27,353.03,Sydney,0.8,DEV_086,POS,Grocery,0
TXN_003272,USR_0071,2026-01-20 17:54:16,837.66,Paris,3459.86,DEV_108,Wire Transfer,Transfer,1
TXN_003273,USR_0092,2026-02-21 09:02:20,1304.9,Toronto,220.58,DEV_111,Wire Transfer,Transfer,1
TXN_003274,USR_0022,2026-03-15 08:33:13,31.07,Sydney,3.19,DEV_022,Online,Grocery,0
TXN_003275,USR_0074,2026-01-22 22:08:09,48.59,Tokyo,6.14,DEV_074,POS,Gaming,0
TXN_003276,USR_0046,2026-01-12 03:15:42,104.53,New York,4.58,DEV_046,Online,Gaming,0
TXN_003277,USR_0057,2026-02-04 11:12:45,104.49,London,2.5,DEV_057,Online,Gaming,0
TXN_003278,USR_0058,2026-03-23 15:41:19,78.82,London,19.61,DEV_058,Online,Luxury,0
TXN_003279,USR_0053,2026-01-08 02:47:54,144.2,Berlin,3.95,DEV_073,ATM,Electronics,0
TXN_003280,USR_0074,2026-01-28 06:54:25,37.76,Tokyo,3.78,DEV_074,POS,Utilities,0
TXN_003281,USR_0072,2026-01-01 13:43:47,95.21,New York,2.53,DEV_072,Online,Grocery,0
TXN_003282,USR_0095,2026-03-08 00:23:36,59.28,New York,6.8,DEV_095,POS,Grocery,0
TXN_003283,USR_0077,2026-03-06 12:02:59,35.31,Berlin,2.12,DEV_015,ATM,Transfer,0
TXN_003284,USR_0094,2026-01-26 20:31:10,25.54,Sydney,5.03,DEV_094,POS,Gaming,0
TXN_003285,USR_0085,2026-01-22 15:58:39,10.55,Berlin,3.98,DEV_085,Online,Grocery,0
TXN_003286,USR_0003,2026-03-31 21:57:43,75.35,Mumbai,0.5,DEV_003,POS,Transfer,0
TXN_003287,USR_0026,2026-03-07 14:31:15,19.22,Tokyo,4.68,DEV_026,Online,Electronics,0
TXN_003288,USR_0019,2026-01-05 17:36:18,138.4,Mumbai,18.67,DEV_019,ATM,Luxury,0
TXN_003289,USR_0048,2026-02-22 12:48:28,161.92,New York,0.28,DEV_048,POS,Luxury,0
TXN_003290,USR_0042,2026-02-02 05:29:48,75.1,Tokyo,11.9,DEV_042,Online,Travel,0
TXN_003291,USR_0052,2026-03-28 20:14:22,44.98,London,2.12,DEV_052,ATM,Transfer,0
TXN_003292,USR_0052,2026-02-09 22:28:13,45.36,Paris,8.48,DEV_052,POS,Grocery,0
TXN_003293,USR_0054,2026-02-20 03:52:58,110.29,Sydney,7.94,DEV_054,Online,Electronics,0
TXN_003294,USR_0017,2026-01-21 08:14:02,221.24,London,6.61,DEV_017,POS,Luxury,0
TXN_003295,USR_0038,2026-03-17 18:41:38,125.94,Sydney,0.47,DEV_038,POS,Travel,0
TXN_003296,USR_0013,2026-02-09 11:19:19,24.77,Berlin,3.38,DEV_013,POS,Travel,0
TXN_003297,USR_0038,2026-01-15 09:18:58,478.16,Toronto,2159.77,DEV_010,Online,Gaming,1
TXN_003298,USR_0052,2026-03-29 11:52:14,26.95,Paris,3.59,DEV_052,Online,Travel,0
TXN_003299,USR_0091,2026-01-15 13:45:26,513.96,Berlin,952.55,DEV_062,Wire Transfer,Transfer,1
TXN_003300,USR_0007,2026-03-17 18:24:35,153.86,Toronto,4.74,DEV_007,Online,Grocery,0
TXN_003301,USR_0010,2026-02-07 00:05:47,29.16,Tokyo,0.55,DEV_010,Wire Transfer,Grocery,0
TXN_003302,USR_0068,2026-02-12 09:58:08,75.08,Paris,3.84,DEV_068,POS,Gaming,0
TXN_003303,USR_0033,2026-01-06 03:01:49,35.98,London,8.15,DEV_033,POS,Transfer,0
TXN_003304,USR_0001,2026-01-04 08:18:38,50.12,London,5.29,DEV_001,ATM,Luxury,0
TXN_003305,USR_0058,2026-01-18 22:49:34,151.84,Tokyo,4.89,DEV_090,Online,Transfer,0
TXN_003306,USR_0033,2026-02-24 23:32:43,135.86,Toronto,4.2,DEV_104,POS,Luxury,0
TXN_003307,USR_0072,2026-03-22 17:32:23,117.9,New York,0.64,DEV_072,POS,Transfer,0
TXN_003308,USR_0023,2026-01-30 12:32:36,36.19,Toronto,0.65,DEV_023,Online,Luxury,0
TXN_003309,USR_0087,2026-03-07 01:30:21,38.43,Toronto,3.93,DEV_009,POS,Electronics,0
TXN_003310,USR_0069,2026-02-13 20:38:07,153.69,Tokyo,2.41,DEV_067,POS,Transfer,0
TXN_003311,USR_0016,2026-02-08 06:51:33,62.98,New York,2.66,DEV_055,Online,Grocery,0
TXN_003312,USR_0015,2026-02-06 10:45:39,41.82,Toronto,8.47,DEV_030,POS,Gaming,0
TXN_003313,USR_0093,2026-01-18 03:23:06,46.33,Berlin,1.36,DEV_093,Online,Transfer,0
TXN_003314,USR_0079,2026-03-15 07:33:17,16.43,Toronto,4.49,DEV_079,Online,Grocery,0
TXN_003315,USR_0087,2026-02-27 21:37:18,50.71,Toronto,11.24,DEV_087,ATM,Luxury,0
TXN_003316,USR_0092,2026-01-02 23:50:38,35.94,Paris,1.54,DEV_092,POS,Grocery,0
TXN_003317,USR_0081,2026-01-12 23:54:58,280.71,London,4.34,DEV_081,POS,Electronics,0
TXN_003318,USR_0052,2026-01-21 17:24:26,46.28,Paris,12.35,DEV_052,ATM,Luxury,0
TXN_003319,USR_0049,2026-01-22 08:35:54,28.04,London,9.13,DEV_049,POS,Grocery,0
TXN_003320,USR_0043,2026-03-21 04:56:24,32.64,Mumbai,0.8,DEV_043,POS,Utilities,0
TXN_003321,USR_0044,2026-02-02 11:08:30,100.33,Paris,2.96,DEV_044,POS,Electronics,0
TXN_003322,USR_0099,2026-02-09 05:33:07,186.93,Mumbai,6.06,DEV_099,Online,Utilities,0
TXN_003323,USR_0050,2026-02-14 12:40:01,36.62,Tokyo,3.45,DEV_050,Online,Gaming,0
TXN_003324,USR_0040,2026-02-20 14:35:57,16.6,New York,11.25,DEV_040,Online,Utilities,0
TXN_003325,USR_0088,2026-03-21 14:06:16,16.77,New York,10.52,DEV_124,ATM,Electronics,0
TXN_003326,USR_0089,2026-03-20 18:29:43,186.25,London,1.95,DEV_046,Online,Transfer,0
TXN_003327,USR_0089,2026-01-10 02:42:58,28.95,London,0.35,DEV_013,Online,Gaming,0
TXN_003328,USR_0079,2026-01-05 09:03:18,87.38,Toronto,2.48,DEV_079,Online,Travel,0
TXN_003329,USR_0004,2026-01-11 21:57:23,124.93,Paris,6.09,DEV_004,Online,Luxury,0
TXN_003330,USR_0023,2026-03-20 19:02:43,18.17,Toronto,3.23,DEV_023,Wire Transfer,Transfer,0
TXN_003331,USR_0034,2026-03-27 05:13:35,46.61,Tokyo,2.47,DEV_034,Online,Electronics,0
TXN_003332,USR_0056,2026-03-17 11:47:32,27.84,New York,7.98,DEV_056,POS,Transfer,0
TXN_003333,USR_0005,2026-03-14 10:04:09,65.53,Berlin,0.43,DEV_005,POS,Utilities,0
TXN_003334,USR_0029,2026-02-03 11:57:33,18.41,Berlin,0.18,DEV_029,Online,Grocery,0
TXN_003335,USR_0018,2026-01-05 15:48:27,280.77,Tokyo,1.73,DEV_018,POS,Utilities,0
TXN_003336,USR_0092,2026-01-13 09:31:39,49.16,Paris,1.92,DEV_092,POS,Transfer,0
TXN_003337,USR_0053,2026-02-14 05:53:26,26.98,Berlin,3.67,DEV_053,Online,Grocery,0
TXN_003338,USR_0065,2026-01-11 02:08:17,21.68,London,0.87,DEV_065,ATM,Gaming,0
TXN_003339,USR_0015,2026-02-24 19:30:20,55.55,Toronto,0.49,DEV_015,POS,Grocery,0
TXN_003340,USR_0071,2026-02-19 07:17:39,74.93,Toronto,14.72,DEV_024,POS,Transfer,0
TXN_003341,USR_0013,2026-02-10 17:33:27,123.99,Berlin,9.48,DEV_013,ATM,Travel,0
TXN_003342,USR_0038,2026-03-22 22:19:10,91.72,Sydney,0.9,DEV_043,ATM,Electronics,0
TXN_003343,USR_0048,2026-03-15 12:40:58,60.56,New York,1.99,DEV_048,POS,Electronics,0
TXN_003344,USR_0059,2026-03-08 09:07:11,68.47,New York,0.13,DEV_059,POS,Electronics,0
TXN_003345,USR_0047,2026-02-28 15:08:55,64.15,Toronto,5.14,DEV_047,Online,Transfer,0
TXN_003346,USR_0094,2026-01-30 06:19:13,152.29,Sydney,5.01,DEV_094,POS,Luxury,0
TXN_003347,USR_0044,2026-01-21 04:30:36,152.79,Paris,3.65,DEV_044,POS,Electronics,0
TXN_003348,USR_0003,2026-03-24 05:32:38,28.81,Mumbai,4.79,DEV_003,Online,Grocery,0
TXN_003349,USR_0037,2026-02-22 00:47:50,44.13,Berlin,0.52,DEV_136,Online,Grocery,0
TXN_003350,USR_0047,2026-02-15 02:19:00,88.44,Mumbai,11.93,DEV_047,POS,Transfer,0
TXN_003351,USR_0018,2026-03-01 16:51:22,23.99,Tokyo,0.63,DEV_018,Online,Utilities,0
TXN_003352,USR_0095,2026-02-20 03:22:02,12.29,Toronto,16.0,DEV_095,POS,Grocery,0
TXN_003353,USR_0004,2026-01-19 08:05:11,42.37,Paris,3.01,DEV_136,Online,Utilities,0
TXN_003354,USR_0029,2026-03-03 22:42:33,76.75,Berlin,2.3,DEV_029,Online,Travel,0
TXN_003355,USR_0092,2026-03-12 11:45:43,95.98,Paris,17.72,DEV_104,Online,Grocery,0
TXN_003356,USR_0070,2026-01-26 08:59:57,13.1,Sydney,1.31,DEV_070,POS,Electronics,0
TXN_003357,USR_0022,2026-03-16 15:31:00,41.23,Sydney,0.68,DEV_022,Online,Travel,0
TXN_003358,USR_0008,2026-01-31 04:24:11,41.31,New York,2.02,DEV_008,POS,Travel,0
TXN_003359,USR_0020,2026-01-02 05:20:35,1481.17,London,1560.52,DEV_088,ATM,Transfer,1
TXN_003360,USR_0042,2026-02-25 02:27:13,20.39,Tokyo,0.69,DEV_042,Online,Utilities,0
TXN_003361,USR_0003,2026-03-20 17:31:25,37.06,Mumbai,6.16,DEV_003,Online,Travel,0
TXN_003362,USR_0050,2026-02-26 04:32:25,55.25,Tokyo,3.49,DEV_050,Online,Grocery,0
TXN_003363,USR_0029,2026-02-06 11:00:30,111.05,Berlin,4.28,DEV_029,Online,Grocery,0
TXN_003364,USR_0069,2026-03-03 05:20:55,112.02,New York,2.84,DEV_069,POS,Luxury,0
TXN_003365,USR_0098,2026-01-29 04:22:48,11.42,Tokyo,5.81,DEV_098,POS,Travel,0
TXN_003366,USR_0026,2026-02-20 16:37:29,143.23,Tokyo,2.26,DEV_026,POS,Travel,0
TXN_003367,USR_0012,2026-03-13 21:37:27,28.65,Paris,19.86,DEV_012,Online,Electronics,0
TXN_003368,USR_0006,2026-03-06 13:08:04,53.72,Sydney,7.04,DEV_006,POS,Luxury,0
TXN_003369,USR_0052,2026-01-11 00:57:21,160.6,Paris,0.56,DEV_052,POS,Travel,0
TXN_003370,USR_0032,2026-01-05 21:28:33,54.01,New York,2.72,DEV_032,ATM,Gaming,0
TXN_003371,USR_0033,2026-03-14 16:33:25,36.17,London,5.12,DEV_033,Online,Gaming,0
TXN_003372,USR_0004,2026-02-17 04:23:57,12.6,Paris,3.79,DEV_073,Online,Utilities,0
TXN_003373,USR_0043,2026-03-12 08:12:24,65.84,Mumbai,8.96,DEV_043,Online,Electronics,0
TXN_003374,USR_0016,2026-02-20 17:53:42,21.81,New York,0.57,DEV_016,Online,Luxury,0
TXN_003375,USR_0001,2026-02-05 23:47:44,207.43,New York,5.38,DEV_001,Online,Travel,0
TXN_003376,USR_0006,2026-03-19 21:37:52,213.66,Sydney,8.32,DEV_006,POS,Travel,0
TXN_003377,USR_0082,2026-01-09 01:43:38,95.55,Tokyo,0.22,DEV_082,POS,Gaming,0
TXN_003378,USR_0054,2026-03-15 10:07:51,26.39,Sydney,22.44,DEV_054,POS,Transfer,0
TXN_003379,USR_0032,2026-01-22 07:00:58,12.27,New York,0.22,DEV_032,Online,Electronics,0
TXN_003380,USR_0022,2026-01-03 07:46:42,231.96,Sydney,0.18,DEV_083,POS,Transfer,0
TXN_003381,USR_0036,2026-03-23 13:03:53,38.48,Paris,13.02,DEV_036,Wire Transfer,Utilities,0
TXN_003382,USR_0017,2026-01-13 01:38:34,12.47,New York,9.26,DEV_017,Online,Travel,0
TXN_003383,USR_0054,2026-01-17 21:53:09,100.04,New York,1.1,DEV_054,Online,Transfer,0
TXN_003384,USR_0090,2026-02-03 00:17:15,48.3,Tokyo,5.53,DEV_090,POS,Luxury,0
TXN_003385,USR_0008,2026-01-27 00:55:50,39.31,New York,9.19,DEV_008,Online,Grocery,0
TXN_003386,USR_0041,2026-02-05 04:08:05,29.73,London,8.35,DEV_041,POS,Gaming,0
TXN_003387,USR_0077,2026-01-01 13:02:15,12.63,Berlin,1.64,DEV_077,POS,Transfer,0
TXN_003388,USR_0020,2026-03-02 10:55:11,86.41,Tokyo,5.39,DEV_020,POS,Grocery,0
TXN_003389,USR_0057,2026-03-20 05:51:32,276.09,Sydney,1.73,DEV_057,POS,Utilities,0
TXN_003390,USR_0068,2026-01-29 20:28:24,40.77,Paris,4.99,DEV_068,Online,Luxury,0
TXN_003391,USR_0068,2026-01-22 20:18:41,61.78,Paris,4.83,DEV_068,Online,Travel,0
TXN_003392,USR_0075,2026-03-02 14:56:41,36.16,Mumbai,5.51,DEV_075,Online,Electronics,0
TXN_003393,USR_0051,2026-02-13 17:45:09,79.01,Mumbai,1.01,DEV_051,ATM,Electronics,0
TXN_003394,USR_0067,2026-02-09 00:12:03,18.43,Mumbai,1.89,DEV_067,Online,Grocery,0
TXN_003395,USR_0039,2026-01-21 14:39:47,1383.0,New York,3284.11,DEV_110,Online,Electronics,1
TXN_003396,USR_0085,2026-03-19 05:26:25,21.75,Berlin,7.6,DEV_085,POS,Electronics,0
TXN_003397,USR_0048,2026-02-20 15:53:33,68.72,New York,7.18,DEV_048,Online,Gaming,0
TXN_003398,USR_0083,2026-03-18 13:04:52,47.91,Mumbai,9.48,DEV_083,POS,Travel,0
TXN_003399,USR_0025,2026-01-01 23:12:01,13.31,Tokyo,8.33,DEV_025,Online,Luxury,0
TXN_003400,USR_0069,2026-02-13 13:43:44,315.7,Berlin,2.42,DEV_069,Online,Luxury,0
TXN_003401,USR_0038,2026-01-09 09:36:40,277.05,Sydney,0.66,DEV_038,ATM,Electronics,0
TXN_003402,USR_0032,2026-02-07 04:26:18,128.27,New York,11.79,DEV_089,Online,Travel,0
TXN_003403,USR_0040,2026-02-28 12:11:45,25.31,New York,2.21,DEV_040,Online,Grocery,0
TXN_003404,USR_0070,2026-03-23 13:50:26,61.65,Sydney,6.39,DEV_101,POS,Travel,0
TXN_003405,USR_0018,2026-03-03 12:53:05,19.74,Tokyo,4.56,DEV_018,Online,Luxury,0
TXN_003406,USR_0017,2026-01-20 19:30:33,69.94,London,5.25,DEV_029,POS,Gaming,0
TXN_003407,USR_0016,2026-03-10 11:57:53,27.77,New York,4.56,DEV_016,POS,Electronics,0
TXN_003408,USR_0054,2026-02-16 14:59:35,149.47,Sydney,2.97,DEV_066,Online,Transfer,0
TXN_003409,USR_0017,2026-01-02 21:33:30,84.86,London,1.37,DEV_017,Online,Gaming,0
TXN_003410,USR_0027,2026-02-09 11:12:18,124.31,Mumbai,10.01,DEV_027,POS,Electronics,0
TXN_003411,USR_0041,2026-03-20 11:24:00,117.8,London,7.15,DEV_041,Online,Gaming,0
TXN_003412,USR_0083,2026-01-14 07:46:59,14.56,Mumbai,2.06,DEV_083,Online,Utilities,0
TXN_003413,USR_0059,2026-03-14 03:32:17,12.39,Mumbai,0.45,DEV_059,ATM,Grocery,0
TXN_003414,USR_0036,2026-01-22 11:57:58,48.57,Paris,5.73,DEV_044,Online,Travel,0
TXN_003415,USR_0069,2026-01-12 23:22:56,190.76,Berlin,3.29,DEV_069,POS,Grocery,0
TXN_003416,USR_0050,2026-03-30 19:53:55,27.64,Tokyo,17.6,DEV_090,ATM,Travel,0
TXN_003417,USR_0034,2026-01-14 09:37:23,148.32,Tokyo,1.11,DEV_034,Online,Transfer,0
TXN_003418,USR_0035,2026-01-29 14:13:49,95.54,Mumbai,6.68,DEV_035,POS,Utilities,0
TXN_003419,USR_0091,2026-01-19 04:38:15,13.24,Mumbai,5.27,DEV_091,POS,Transfer,0
TXN_003420,USR_0048,2026-02-09 05:16:31,80.34,New York,0.15,DEV_048,Online,Transfer,0
TXN_003421,USR_0094,2026-03-06 20:23:46,212.59,Sydney,3.77,DEV_094,POS,Luxury,0
TXN_003422,USR_0038,2026-01-21 09:23:23,101.9,Sydney,0.34,DEV_038,ATM,Transfer,0
TXN_003423,USR_0004,2026-01-19 10:45:12,70.75,Paris,13.05,DEV_004,Wire Transfer,Utilities,0
TXN_003424,USR_0003,2026-01-06 20:29:10,95.69,Mumbai,1.74,DEV_094,POS,Utilities,0
TXN_003425,USR_0072,2026-03-20 00:23:11,70.38,Tokyo,9.61,DEV_072,Online,Grocery,0
TXN_003426,USR_0008,2026-01-05 15:45:28,25.82,New York,1.79,DEV_008,Online,Transfer,0
TXN_003427,USR_0050,2026-02-21 12:11:09,213.34,Tokyo,3.02,DEV_050,Online,Grocery,0
TXN_003428,USR_0006,2026-03-18 01:46:31,42.84,Sydney,0.39,DEV_045,POS,Transfer,0
TXN_003429,USR_0032,2026-03-29 06:26:37,50.46,New York,6.25,DEV_032,Online,Luxury,0
TXN_003430,USR_0059,2026-02-15 22:51:05,93.45,Mumbai,4.11,DEV_059,POS,Grocery,0
TXN_003431,USR_0045,2026-02-27 20:36:00,19.2,Paris,1.46,DEV_045,ATM,Electronics,0
TXN_003432,USR_0092,2026-03-09 03:28:34,178.35,Paris,4.14,DEV_092,POS,Electronics,0
TXN_003433,USR_0046,2026-03-15 19:13:46,139.95,Sydney,6.92,DEV_046,POS,Utilities,0
TXN_003434,USR_0092,2026-01-03 18:51:11,26.02,Paris,0.3,DEV_092,POS,Electronics,0
TXN_003435,USR_0042,2026-03-08 23:23:19,78.26,Tokyo,7.03,DEV_042,Wire Transfer,Luxury,0
TXN_003436,USR_0065,2026-03-12 16:56:22,19.37,London,6.48,DEV_065,Wire Transfer,Grocery,0
TXN_003437,USR_0051,2026-01-15 16:49:36,104.77,Mumbai,1.33,DEV_051,POS,Electronics,0
TXN_003438,USR_0080,2026-02-07 16:16:23,66.68,New York,8.97,DEV_080,ATM,Grocery,0
TXN_003439,USR_0094,2026-03-21 17:17:24,27.32,Sydney,1.69,DEV_094,ATM,Luxury,0
TXN_003440,USR_0017,2026-01-18 13:21:57,78.64,London,10.76,DEV_017,Online,Grocery,0
TXN_003441,USR_0032,2026-03-18 19:46:32,37.61,New York,0.41,DEV_032,POS,Transfer,0
TXN_003442,USR_0092,2026-03-12 12:22:38,30.19,Paris,8.4,DEV_092,POS,Electronics,0
TXN_003443,USR_0070,2026-03-02 09:00:15,55.43,Sydney,1.14,DEV_070,POS,Transfer,0
TXN_003444,USR_0081,2026-03-01 05:10:04,96.56,London,0.03,DEV_081,POS,Transfer,0
TXN_003445,USR_0049,2026-02-15 01:03:29,31.13,London,12.33,DEV_049,Online,Electronics,0
TXN_003446,USR_0027,2026-03-31 19:27:35,25.95,Mumbai,1.24,DEV_027,Online,Luxury,0
TXN_003447,USR_0061,2026-02-20 22:01:11,13.92,Berlin,6.11,DEV_085,Online,Grocery,0
TXN_003448,USR_0077,2026-01-22 21:28:08,94.79,Toronto,0.37,DEV_077,POS,Transfer,0
TXN_003449,USR_0064,2026-02-13 02:21:31,36.24,New York,3.63,DEV_064,POS,Electronics,0
TXN_003450,USR_0009,2026-03-06 10:00:34,134.55,London,1.79,DEV_009,ATM,Travel,0
TXN_003451,USR_0097,2026-02-19 10:58:36,11.69,London,0.72,DEV_097,ATM,Travel,0
TXN_003452,USR_0069,2026-01-10 03:24:30,93.75,Berlin,9.15,DEV_038,Online,Luxury,0
TXN_003453,USR_0086,2026-03-09 18:58:29,54.14,Sydney,5.42,DEV_086,POS,Transfer,0
TXN_003454,USR_0007,2026-02-22 11:12:37,164.62,Sydney,1.0,DEV_007,Online,Utilities,0
TXN_003455,USR_0097,2026-03-10 13:20:25,69.81,London,2.26,DEV_097,POS,Utilities,0
TXN_003456,USR_0007,2026-01-24 08:26:09,77.14,Toronto,9.29,DEV_007,POS,Utilities,0
TXN_003457,USR_0067,2026-03-27 14:53:45,174.88,Mumbai,0.42,DEV_067,ATM,Grocery,0
TXN_003458,USR_0076,2026-02-12 22:47:28,15.61,Paris,4.55,DEV_022,Online,Luxury,0
TXN_003459,USR_0062,2026-03-31 23:28:52,31.2,Sydney,6.01,DEV_062,ATM,Travel,0
TXN_003460,USR_0010,2026-02-19 14:37:48,184.21,Tokyo,3.47,DEV_010,Online,Gaming,0
TXN_003461,USR_0076,2026-02-08 18:45:02,121.42,Toronto,5.94,DEV_076,Online,Grocery,0
TXN_003462,USR_0065,2026-01-24 02:57:12,80.85,London,1.87,DEV_065,Online,Transfer,0
TXN_003463,USR_0007,2026-03-16 08:20:37,32.32,Toronto,3.47,DEV_007,Wire Transfer,Transfer,0
TXN_003464,USR_0014,2026-02-10 01:20:30,397.87,Sydney,4.74,DEV_141,Wire Transfer,Transfer,0
TXN_003465,USR_0054,2026-01-21 00:10:53,23.54,Sydney,3.34,DEV_054,POS,Luxury,0
TXN_003466,USR_0065,2026-02-18 21:41:29,31.17,London,1.47,DEV_065,Online,Gaming,0
TXN_003467,USR_0094,2026-03-20 15:36:47,82.59,New York,0.06,DEV_094,POS,Travel,0
TXN_003468,USR_0051,2026-01-02 13:25:53,215.31,Mumbai,6.5,DEV_051,POS,Transfer,0
TXN_003469,USR_0082,2026-03-11 16:25:57,147.71,Tokyo,6.92,DEV_082,POS,Grocery,0
TXN_003470,USR_0017,2026-03-23 15:02:26,40.86,London,8.91,DEV_017,Online,Electronics,0
TXN_003471,USR_0033,2026-03-14 21:31:22,11.66,Mumbai,15.6,DEV_033,ATM,Grocery,0
TXN_003472,USR_0019,2026-02-18 20:13:16,41.82,Mumbai,0.09,DEV_019,POS,Gaming,0
TXN_003473,USR_0005,2026-03-02 00:58:00,77.47,New York,0.73,DEV_005,Online,Gaming,0
TXN_003474,USR_0090,2026-03-23 22:01:16,58.17,Mumbai,7.65,DEV_090,POS,Utilities,0
TXN_003475,USR_0060,2026-01-22 10:10:03,60.66,Paris,1.94,DEV_060,Online,Electronics,0
TXN_003476,USR_0022,2026-01-23 05:39:08,16.18,Sydney,1.76,DEV_145,Online,Luxury,0
TXN_003477,USR_0005,2026-03-15 22:24:57,106.75,Berlin,5.17,DEV_005,POS,Utilities,0
TXN_003478,USR_0072,2026-03-16 09:38:08,21.77,New York,6.68,DEV_072,Wire Transfer,Transfer,0
TXN_003479,USR_0056,2026-02-01 12:51:58,86.57,New York,0.49,DEV_056,ATM,Travel,0
TXN_003480,USR_0065,2026-03-13 14:08:06,34.91,London,0.49,DEV_065,POS,Luxury,0
TXN_003481,USR_0077,2026-03-18 21:47:45,83.33,Berlin,2.28,DEV_077,Online,Travel,0
TXN_003482,USR_0008,2026-03-13 14:04:55,249.93,New York,0.17,DEV_008,ATM,Luxury,0
TXN_003483,USR_0077,2026-03-29 17:01:46,73.93,Berlin,7.89,DEV_077,POS,Grocery,0
TXN_003484,USR_0088,2026-03-30 11:01:10,58.51,New York,5.72,DEV_076,ATM,Gaming,0
TXN_003485,USR_0052,2026-01-12 19:34:24,23.15,Paris,0.79,DEV_119,Online,Transfer,0
TXN_003486,USR_0057,2026-02-03 11:18:58,73.59,London,2.35,DEV_057,POS,Travel,0
TXN_003487,USR_0059,2026-03-02 14:51:24,27.94,Mumbai,4.17,DEV_059,POS,Grocery,0
TXN_003488,USR_0030,2026-01-02 10:42:25,77.3,Sydney,0.72,DEV_030,POS,Gaming,0
TXN_003489,USR_0015,2026-01-25 03:37:42,617.76,Mumbai,484.11,DEV_020,ATM,Electronics,1
TXN_003490,USR_0064,2026-02-13 14:11:40,69.53,New York,0.88,DEV_064,POS,Luxury,0
TXN_003491,USR_0063,2026-03-19 15:55:12,62.26,Toronto,4.34,DEV_063,POS,Grocery,0
TXN_003492,USR_0033,2026-03-11 08:01:28,1911.22,New York,689.89,DEV_018,ATM,Electronics,1
TXN_003493,USR_0034,2026-02-09 03:10:53,12.41,Tokyo,1.26,DEV_034,Online,Transfer,0
TXN_003494,USR_0076,2026-02-27 13:54:49,30.91,Paris,2.56,DEV_076,POS,Utilities,0
TXN_003495,USR_0013,2026-01-30 12:55:11,26.13,Berlin,18.7,DEV_013,Online,Grocery,0
TXN_003496,USR_0064,2026-03-27 18:20:13,29.22,New York,2.43,DEV_064,POS,Utilities,0
TXN_003497,USR_0026,2026-02-17 20:16:17,349.53,Tokyo,1.01,DEV_026,POS,Travel,0
TXN_003498,USR_0052,2026-03-29 01:35:58,217.05,Paris,2.94,DEV_052,POS,Electronics,0
TXN_003499,USR_0030,2026-03-27 07:29:41,16.56,Sydney,13.17,DEV_030,POS,Electronics,0
TXN_003500,USR_0052,2026-03-29 15:53:40,120.04,Paris,1.85,DEV_052,Online,Travel,0
TXN_003501,USR_0042,2026-03-13 07:38:00,112.39,Tokyo,0.62,DEV_112,POS,Travel,0
TXN_003502,USR_0004,2026-02-19 20:31:39,16.21,Paris,4.37,DEV_004,Online,Electronics,0
TXN_003503,USR_0028,2026-03-22 07:26:29,126.0,Paris,9.9,DEV_028,POS,Grocery,0
TXN_003504,USR_0068,2026-03-21 22:39:32,41.85,Paris,0.27,DEV_068,POS,Luxury,0
TXN_003505,USR_0047,2026-02-12 23:26:09,14.01,Toronto,2.31,DEV_047,POS,Grocery,0
TXN_003506,USR_0007,2026-03-24 02:35:26,47.07,Toronto,4.86,DEV_007,Online,Grocery,0
TXN_003507,USR_0041,2026-02-25 18:20:42,34.19,London,5.78,DEV_041,POS,Electronics,0
TXN_003508,USR_0072,2026-02-17 13:53:53,45.19,New York,1.16,DEV_072,ATM,Transfer,0
TXN_003509,USR_0009,2026-01-20 02:40:49,38.04,Sydney,0.15,DEV_009,ATM,Transfer,0
TXN_003510,USR_0063,2026-01-11 14:16:28,12.82,Toronto,1.75,DEV_063,Online,Travel,0
TXN_003511,USR_0066,2026-01-02 09:23:21,22.21,Tokyo,6.37,DEV_066,POS,Travel,0
TXN_003512,USR_0095,2026-02-23 12:54:33,82.49,Toronto,3.57,DEV_095,POS,Gaming,0
TXN_003513,USR_0070,2026-02-04 20:16:53,530.22,London,757.31,DEV_043,Wire Transfer,Gaming,1
TXN_003514,USR_0064,2026-03-19 10:06:52,41.85,New York,4.46,DEV_067,Online,Gaming,0
TXN_003515,USR_0061,2026-02-09 03:47:46,31.5,Berlin,1.29,DEV_061,POS,Utilities,0
TXN_003516,USR_0058,2026-02-23 12:51:04,164.51,Tokyo,4.22,DEV_058,Online,Travel,0
TXN_003517,USR_0026,2026-02-06 06:45:32,38.96,Tokyo,6.44,DEV_026,POS,Luxury,0
TXN_003518,USR_0039,2026-02-23 04:52:56,10.73,Berlin,2.01,DEV_005,POS,Grocery,0
TXN_003519,USR_0043,2026-03-29 08:49:55,70.17,Mumbai,8.4,DEV_043,Wire Transfer,Utilities,0
TXN_003520,USR_0090,2026-01-18 18:38:23,56.98,Tokyo,2.85,DEV_090,Online,Transfer,0
TXN_003521,USR_0093,2026-01-04 19:06:57,62.94,Berlin,5.73,DEV_093,POS,Transfer,0
TXN_003522,USR_0093,2026-02-24 18:48:34,63.4,Berlin,7.04,DEV_093,ATM,Transfer,0
TXN_003523,USR_0066,2026-01-30 08:12:35,1540.11,London,3015.24,DEV_072,ATM,Gaming,1
TXN_003524,USR_0042,2026-03-13 13:17:22,30.05,Tokyo,0.13,DEV_042,ATM,Utilities,0
TXN_003525,USR_0026,2026-03-28 01:21:36,11.29,Tokyo,3.2,DEV_026,ATM,Transfer,0
TXN_003526,USR_0083,2026-03-09 18:21:53,13.72,Mumbai,5.63,DEV_083,POS,Luxury,0
TXN_003527,USR_0035,2026-02-20 20:19:30,117.13,Mumbai,7.44,DEV_129,POS,Utilities,0
TXN_003528,USR_0052,2026-03-05 04:46:44,143.63,Berlin,6.34,DEV_052,POS,Travel,0
TXN_003529,USR_0061,2026-01-26 09:51:38,33.41,Berlin,0.46,DEV_061,POS,Electronics,0
TXN_003530,USR_0091,2026-02-22 16:11:37,76.62,Mumbai,3.24,DEV_091,Wire Transfer,Travel,0
TXN_003531,USR_0002,2026-03-11 12:03:03,123.86,Tokyo,1.42,DEV_002,ATM,Utilities,0
TXN_003532,USR_0085,2026-02-01 21:57:57,147.91,Berlin,0.78,DEV_085,POS,Gaming,0
TXN_003533,USR_0009,2026-03-22 01:57:42,47.55,London,40.49,DEV_009,POS,Transfer,0
TXN_003534,USR_0088,2026-03-18 21:53:55,44.17,New York,6.73,DEV_088,Online,Transfer,0
TXN_003535,USR_0093,2026-03-03 18:59:02,90.09,Tokyo,6.96,DEV_093,POS,Utilities,0
TXN_003536,USR_0026,2026-01-25 10:57:35,263.21,Tokyo,5.43,DEV_003,ATM,Transfer,0
TXN_003537,USR_0008,2026-02-04 13:05:07,2538.95,Paris,690.84,DEV_112,Online,Transfer,1
TXN_003538,USR_0018,2026-01-07 03:32:14,75.09,Mumbai,3.52,DEV_018,POS,Electronics,0
TXN_003539,USR_0082,2026-02-22 15:37:29,105.89,Tokyo,0.23,DEV_082,POS,Luxury,0
TXN_003540,USR_0008,2026-01-19 23:15:46,57.88,New York,9.74,DEV_008,ATM,Transfer,0
TXN_003541,USR_0078,2026-01-13 15:45:44,22.53,Sydney,4.6,DEV_078,Online,Travel,0
TXN_003542,USR_0077,2026-01-14 19:51:28,64.26,Berlin,9.27,DEV_130,POS,Travel,0
TXN_003543,USR_0032,2026-03-09 10:39:19,161.4,New York,4.83,DEV_032,POS,Luxury,0
TXN_003544,USR_0030,2026-01-25 11:20:00,55.85,Sydney,8.25,DEV_030,POS,Travel,0
TXN_003545,USR_0029,2026-02-24 23:48:13,110.64,Berlin,6.99,DEV_029,ATM,Electronics,0
TXN_003546,USR_0086,2026-03-07 10:16:54,105.94,Sydney,2.6,DEV_086,Online,Transfer,0
TXN_003547,USR_0010,2026-01-29 05:39:57,123.57,Tokyo,3.05,DEV_010,POS,Electronics,0
TXN_003548,USR_0072,2026-02-03 19:39:43,168.67,New York,4.55,DEV_072,ATM,Travel,0
TXN_003549,USR_0046,2026-02-21 11:21:54,79.01,Sydney,6.01,DEV_046,POS,Transfer,0
TXN_003550,USR_0088,2026-03-21 00:20:02,25.94,New York,6.81,DEV_088,POS,Transfer,0
TXN_003551,USR_0048,2026-02-01 16:31:35,99.4,New York,12.42,DEV_048,ATM,Luxury,0
TXN_003552,USR_0079,2026-01-03 04:46:40,114.9,Toronto,0.11,DEV_079,POS,Travel,0
TXN_003553,USR_0016,2026-03-15 21:04:23,53.05,New York,0.05,DEV_016,POS,Electronics,0
TXN_003554,USR_0091,2026-01-19 01:26:33,144.99,Mumbai,10.82,DEV_091,POS,Grocery,0
TXN_003555,USR_0047,2026-03-23 23:11:09,23.62,Toronto,0.91,DEV_047,POS,Electronics,0
TXN_003556,USR_0055,2026-01-01 10:27:29,36.14,Toronto,4.62,DEV_060,Online,Travel,0
TXN_003557,USR_0083,2026-01-09 11:28:51,26.67,Berlin,8.61,DEV_083,Online,Travel,0
TXN_003558,USR_0056,2026-02-27 01:04:22,129.84,New York,15.3,DEV_056,POS,Utilities,0
TXN_003559,USR_0009,2026-01-13 15:32:25,302.43,London,1.3,DEV_009,POS,Travel,0
TXN_003560,USR_0004,2026-01-06 15:47:23,64.67,Paris,12.53,DEV_004,Online,Grocery,0
TXN_003561,USR_0010,2026-03-29 20:11:40,21.02,Tokyo,3.93,DEV_010,POS,Travel,0
TXN_003562,USR_0059,2026-01-08 13:18:58,41.81,Mumbai,6.63,DEV_059,POS,Electronics,0
TXN_003563,USR_0043,2026-01-15 09:52:53,2658.2,Tokyo,1766.77,DEV_128,Online,Luxury,1
TXN_003564,USR_0087,2026-02-17 10:05:29,186.72,Toronto,5.73,DEV_087,ATM,Utilities,0
TXN_003565,USR_0062,2026-01-18 11:12:36,46.56,Sydney,0.03,DEV_115,Online,Transfer,0
TXN_003566,USR_0084,2026-02-02 20:50:44,44.12,Paris,1.01,DEV_084,Online,Grocery,0
TXN_003567,USR_0020,2026-03-08 13:49:26,46.17,Paris,1.03,DEV_058,Wire Transfer,Electronics,0
TXN_003568,USR_0075,2026-01-05 01:49:48,25.63,Mumbai,6.57,DEV_075,POS,Travel,0
TXN_003569,USR_0047,2026-02-08 01:55:10,57.83,Toronto,5.66,DEV_047,Online,Transfer,0
TXN_003570,USR_0028,2026-03-09 01:55:12,615.67,Berlin,4497.39,DEV_122,Online,Electronics,1
TXN_003571,USR_0052,2026-01-09 22:54:59,287.19,Paris,1.34,DEV_052,Online,Gaming,0
TXN_003572,USR_0072,2026-03-13 20:25:58,323.75,New York,5.71,DEV_072,POS,Grocery,0
TXN_003573,USR_0021,2026-01-27 00:23:06,17.48,Berlin,4.99,DEV_021,POS,Luxury,0
TXN_003574,USR_0034,2026-02-06 03:48:25,11.43,Tokyo,1.48,DEV_034,POS,Luxury,0
TXN_003575,USR_0068,2026-01-25 06:19:14,58.79,Paris,0.6,DEV_068,POS,Transfer,0
TXN_003576,USR_0020,2026-01-07 11:13:39,18.22,New York,1.86,DEV_020,Online,Grocery,0
TXN_003577,USR_0038,2026-01-16 18:08:18,69.22,Sydney,0.32,DEV_038,Online,Utilities,0
TXN_003578,USR_0002,2026-03-31 03:48:03,12.93,Tokyo,6.26,DEV_002,Online,Utilities,0
TXN_003579,USR_0060,2026-01-19 00:53:49,249.51,Paris,0.62,DEV_060,ATM,Luxury,0
TXN_003580,USR_0052,2026-03-25 06:09:09,155.3,Paris,1.23,DEV_091,Online,Travel,0
TXN_003581,USR_0069,2026-03-19 10:54:52,68.23,Berlin,28.44,DEV_069,POS,Luxury,0
TXN_003582,USR_0023,2026-01-28 16:18:15,34.62,Toronto,3.31,DEV_023,ATM,Grocery,0
TXN_003583,USR_0093,2026-02-04 20:26:35,130.99,Berlin,1.69,DEV_093,Online,Electronics,0
TXN_003584,USR_0005,2026-02-03 16:58:57,79.8,Berlin,2.38,DEV_025,Online,Electronics,0
TXN_003585,USR_0066,2026-01-19 13:09:55,215.45,Tokyo,5.48,DEV_066,Online,Grocery,0
TXN_003586,USR_0086,2026-02-16 06:08:37,93.45,Sydney,4.02,DEV_086,Online,Grocery,0
TXN_003587,USR_0082,2026-02-08 22:46:32,125.5,Tokyo,2.02,DEV_082,ATM,Transfer,0
TXN_003588,USR_0027,2026-03-17 05:42:38,115.8,Mumbai,5.07,DEV_027,Wire Transfer,Travel,0
TXN_003589,USR_0023,2026-01-23 02:29:55,71.95,Toronto,6.69,DEV_023,ATM,Utilities,0
TXN_003590,USR_0028,2026-01-01 23:10:17,76.72,Paris,3.88,DEV_028,ATM,Luxury,0
TXN_003591,USR_0065,2026-02-17 22:10:51,55.23,London,1.03,DEV_065,POS,Gaming,0
TXN_003592,USR_0051,2026-01-26 20:06:13,17.73,Mumbai,8.05,DEV_112,POS,Utilities,0
TXN_003593,USR_0009,2026-03-28 04:01:27,11.07,London,1.98,DEV_009,POS,Travel,0
TXN_003594,USR_0036,2026-03-08 18:53:14,27.92,Paris,17.33,DEV_036,Online,Luxury,0
TXN_003595,USR_0076,2026-02-20 22:26:27,27.04,Paris,0.03,DEV_076,POS,Transfer,0
TXN_003596,USR_0022,2026-03-07 02:43:48,53.91,Sydney,0.91,DEV_022,Online,Luxury,0
TXN_003597,USR_0099,2026-02-24 04:58:24,30.57,Mumbai,3.03,DEV_099,ATM,Utilities,0
TXN_003598,USR_0052,2026-03-02 19:08:37,86.0,Paris,1.15,DEV_052,Online,Utilities,0
TXN_003599,USR_0090,2026-02-20 11:35:58,15.87,Tokyo,0.46,DEV_090,Online,Luxury,0
TXN_003600,USR_0026,2026-02-11 07:43:55,3706.58,London,4649.68,DEV_058,Online,Luxury,1
TXN_003601,USR_0063,2026-01-17 00:48:55,126.71,Toronto,0.59,DEV_063,Online,Gaming,0
TXN_003602,USR_0053,2026-01-14 02:30:33,58.38,Berlin,1.74,DEV_053,POS,Transfer,0
TXN_003603,USR_0087,2026-01-02 05:03:16,14.82,Berlin,0.23,DEV_087,Online,Electronics,0
TXN_003604,USR_0050,2026-01-14 21:03:57,38.29,Tokyo,9.5,DEV_050,POS,Transfer,0
TXN_003605,USR_0039,2026-02-02 09:01:04,129.71,Toronto,5.55,DEV_039,Online,Gaming,0
TXN_003606,USR_0100,2026-03-20 15:13:19,67.66,Paris,4.33,DEV_100,POS,Gaming,0
TXN_003607,USR_0096,2026-03-30 18:15:52,88.58,New York,12.84,DEV_054,POS,Electronics,0
TXN_003608,USR_0072,2026-02-23 23:21:48,25.97,New York,2.78,DEV_072,Online,Grocery,0
TXN_003609,USR_0024,2026-03-06 15:22:40,102.99,New York,3.06,DEV_024,POS,Utilities,0
TXN_003610,USR_0004,2026-01-11 10:00:00,19.1,Paris,0.16,DEV_004,Online,Luxury,0
TXN_003611,USR_0036,2026-01-22 15:34:32,45.58,Paris,4.73,DEV_036,Online,Transfer,0
TXN_003612,USR_0088,2026-03-21 01:11:55,26.55,New York,4.46,DEV_076,POS,Luxury,0
TXN_003613,USR_0026,2026-03-29 12:30:27,20.16,Tokyo,1.62,DEV_026,POS,Travel,0
TXN_003614,USR_0071,2026-02-02 17:36:02,205.54,Toronto,2.32,DEV_071,Online,Travel,0
TXN_003615,USR_0060,2026-01-25 07:59:36,12.64,Paris,9.89,DEV_060,ATM,Utilities,0
TXN_003616,USR_0062,2026-03-23 19:56:48,21.86,Mumbai,0.85,DEV_062,Wire Transfer,Grocery,0
TXN_003617,USR_0100,2026-02-22 07:48:14,13.45,Mumbai,2.55,DEV_100,Online,Utilities,0
TXN_003618,USR_0032,2026-02-14 03:04:38,45.26,New York,0.48,DEV_032,Online,Transfer,0
TXN_003619,USR_0046,2026-02-13 23:11:36,61.99,Sydney,0.97,DEV_046,Online,Utilities,0
TXN_003620,USR_0100,2026-02-20 00:56:20,12.12,Paris,0.17,DEV_100,POS,Transfer,0
TXN_003621,USR_0003,2026-03-07 21:38:40,11.41,Mumbai,8.34,DEV_003,ATM,Travel,0
TXN_003622,USR_0058,2026-03-09 16:47:48,22.62,Tokyo,8.13,DEV_058,POS,Travel,0
TXN_003623,USR_0043,2026-03-18 16:32:15,27.18,Mumbai,5.25,DEV_043,POS,Transfer,0
TXN_003624,USR_0022,2026-02-21 14:03:06,33.88,Sydney,9.12,DEV_022,ATM,Transfer,0
TXN_003625,USR_0031,2026-02-10 07:14:59,15.94,Toronto,14.38,DEV_031,POS,Gaming,0
TXN_003626,USR_0073,2026-03-05 14:39:01,38.18,London,0.73,DEV_073,POS,Utilities,0
TXN_003627,USR_0096,2026-03-20 17:03:55,31.0,New York,11.38,DEV_075,POS,Electronics,0
TXN_003628,USR_0016,2026-01-23 12:31:07,59.25,New York,3.28,DEV_016,ATM,Travel,0
TXN_003629,USR_0062,2026-03-18 19:28:35,49.17,Sydney,7.15,DEV_062,POS,Grocery,0
TXN_003630,USR_0085,2026-03-20 01:22:12,127.91,Berlin,6.93,DEV_085,Online,Transfer,0
TXN_003631,USR_0061,2026-01-25 10:51:15,40.32,Berlin,6.84,DEV_061,POS,Transfer,0
TXN_003632,USR_0100,2026-01-23 04:47:51,40.07,Paris,0.28,DEV_013,Online,Luxury,0
TXN_003633,USR_0027,2026-03-20 12:58:41,149.33,Mumbai,0.53,DEV_027,POS,Electronics,0
TXN_003634,USR_0049,2026-03-24 06:51:47,24.64,Sydney,4.33,DEV_060,Online,Transfer,0
TXN_003635,USR_0098,2026-02-10 14:45:59,81.17,Mumbai,8.21,DEV_098,Online,Utilities,0
TXN_003636,USR_0089,2026-01-18 19:05:47,20.89,London,3.46,DEV_089,Online,Gaming,0
TXN_003637,USR_0031,2026-03-13 16:27:02,85.34,Toronto,0.31,DEV_031,Online,Travel,0
TXN_003638,USR_0020,2026-02-03 21:58:11,11.47,Berlin,8.97,DEV_020,POS,Travel,0
TXN_003639,USR_0007,2026-01-28 14:07:49,120.08,Toronto,1.24,DEV_007,POS,Electronics,0
TXN_003640,USR_0066,2026-01-26 06:36:40,71.22,Tokyo,18.07,DEV_029,Online,Utilities,0
TXN_003641,USR_0091,2026-01-09 04:04:22,92.06,Mumbai,2.25,DEV_091,POS,Luxury,0
TXN_003642,USR_0091,2026-02-08 09:52:35,38.16,Mumbai,1.72,DEV_091,Online,Travel,0
TXN_003643,USR_0063,2026-02-01 06:07:50,29.69,Toronto,0.89,DEV_063,POS,Gaming,0
TXN_003644,USR_0049,2026-02-09 10:28:15,66.44,London,6.96,DEV_049,POS,Luxury,0
TXN_003645,USR_0083,2026-02-08 02:47:56,54.29,Mumbai,3.29,DEV_083,Online,Electronics,0
TXN_003646,USR_0011,2026-03-23 06:22:15,22.95,Mumbai,1.64,DEV_011,Online,Luxury,0
TXN_003647,USR_0092,2026-03-23 15:55:21,29.28,Paris,9.09,DEV_092,ATM,Gaming,0
TXN_003648,USR_0075,2026-02-28 08:19:32,72.83,Mumbai,3.48,DEV_075,POS,Gaming,0
TXN_003649,USR_0089,2026-01-12 12:32:29,75.22,London,2.82,DEV_089,Online,Transfer,0
TXN_003650,USR_0088,2026-03-16 10:52:44,259.97,New York,0.23,DEV_088,Online,Utilities,0
TXN_003651,USR_0065,2026-03-02 03:11:20,64.13,London,1.22,DEV_065,Wire Transfer,Electronics,0
TXN_003652,USR_0053,2026-03-13 01:35:17,11.52,Berlin,8.72,DEV_053,Online,Electronics,0
TXN_003653,USR_0038,2026-03-31 05:54:05,92.48,Sydney,1.2,DEV_038,Online,Travel,0
TXN_003654,USR_0091,2026-02-18 20:45:43,177.49,Mumbai,0.54,DEV_091,Online,Grocery,0
TXN_003655,USR_0059,2026-03-10 00:14:31,130.23,Mumbai,6.5,DEV_058,Online,Grocery,0
TXN_003656,USR_0079,2026-03-01 04:32:50,124.19,Toronto,5.64,DEV_079,Online,Transfer,0
TXN_003657,USR_0023,2026-03-03 23:24:57,59.85,Toronto,4.33,DEV_023,Online,Grocery,0
TXN_003658,USR_0050,2026-03-11 08:36:16,42.97,Tokyo,2.27,DEV_124,Online,Grocery,0
TXN_003659,USR_0079,2026-02-28 04:55:51,44.94,Toronto,2.18,DEV_079,POS,Transfer,0
TXN_003660,USR_0093,2026-01-19 12:08:55,69.59,Berlin,3.54,DEV_093,POS,Transfer,0
TXN_003661,USR_0010,2026-01-09 13:01:28,110.22,Tokyo,0.07,DEV_010,ATM,Gaming,0
TXN_003662,USR_0051,2026-01-12 00:24:38,76.46,Mumbai,2.69,DEV_051,Online,Travel,0
TXN_003663,USR_0037,2026-02-01 06:18:46,179.84,Berlin,21.33,DEV_037,POS,Grocery,0
TXN_003664,USR_0082,2026-02-21 08:42:31,196.18,Tokyo,5.59,DEV_082,POS,Travel,0
TXN_003665,USR_0093,2026-01-17 16:18:03,30.62,New York,1.6,DEV_093,Online,Travel,0
TXN_003666,USR_0040,2026-03-15 09:23:17,100.37,New York,7.38,DEV_040,ATM,Luxury,0
TXN_003667,USR_0098,2026-01-14 19:08:29,122.49,Tokyo,1.22,DEV_098,Online,Gaming,0
TXN_003668,USR_0056,2026-02-22 17:32:37,21.47,New York,0.58,DEV_056,POS,Travel,0
TXN_003669,USR_0075,2026-03-02 01:45:04,145.65,Mumbai,5.11,DEV_082,POS,Travel,0
TXN_003670,USR_0004,2026-01-26 11:53:37,40.21,Paris,7.81,DEV_004,Online,Luxury,0
TXN_003671,USR_0073,2026-02-17 18:43:59,170.81,London,2.15,DEV_073,Wire Transfer,Gaming,0
TXN_003672,USR_0099,2026-03-04 06:58:09,29.74,Mumbai,4.8,DEV_080,Online,Grocery,0
TXN_003673,USR_0086,2026-02-12 10:30:31,163.76,Paris,3.15,DEV_086,POS,Gaming,0
TXN_003674,USR_0092,2026-01-05 05:29:44,16.88,Tokyo,2.45,DEV_006,POS,Luxury,0
TXN_003675,USR_0055,2026-01-07 23:00:13,18.96,Toronto,13.0,DEV_099,Online,Luxury,0
TXN_003676,USR_0070,2026-01-11 00:01:46,53.88,Sydney,5.4,DEV_049,POS,Electronics,0
TXN_003677,USR_0043,2026-01-03 11:31:42,23.74,Mumbai,4.31,DEV_043,Online,Transfer,0
TXN_003678,USR_0004,2026-01-16 22:45:12,325.59,Paris,0.28,DEV_004,Online,Electronics,0
TXN_003679,USR_0028,2026-03-26 22:12:12,221.21,Paris,2.02,DEV_028,Online,Transfer,0
TXN_003680,USR_0011,2026-03-10 15:21:52,44.32,Mumbai,3.8,DEV_011,POS,Travel,0
TXN_003681,USR_0082,2026-01-31 13:40:44,37.14,Tokyo,1.3,DEV_090,Online,Utilities,0
TXN_003682,USR_0053,2026-01-21 02:18:25,114.13,Berlin,1.0,DEV_057,POS,Utilities,0
TXN_003683,USR_0028,2026-02-22 08:43:55,35.52,Paris,0.77,DEV_028,POS,Travel,0
TXN_003684,USR_0100,2026-01-24 03:59:22,80.35,New York,3.43,DEV_100,POS,Electronics,0
TXN_003685,USR_0090,2026-02-19 00:13:50,222.01,Tokyo,2.34,DEV_090,Online,Gaming,0
TXN_003686,USR_0083,2026-02-01 09:47:48,44.28,Mumbai,10.46,DEV_083,Online,Luxury,0
TXN_003687,USR_0026,2026-03-18 20:08:08,21.45,Tokyo,0.85,DEV_026,Online,Luxury,0
TXN_003688,USR_0088,2026-01-01 09:34:47,93.76,New York,5.84,DEV_088,ATM,Travel,0
TXN_003689,USR_0014,2026-02-03 20:52:35,14.97,Sydney,2.16,DEV_014,Online,Travel,0
TXN_003690,USR_0060,2026-03-03 09:53:13,35.44,Paris,1.98,DEV_060,Online,Electronics,0
TXN_003691,USR_0038,2026-02-24 06:53:09,153.02,Sydney,4.54,DEV_038,Online,Grocery,0
TXN_003692,USR_0099,2026-03-01 06:24:14,131.98,Mumbai,5.41,DEV_099,Online,Luxury,0
TXN_003693,USR_0095,2026-01-09 17:51:35,51.75,Toronto,6.32,DEV_095,ATM,Electronics,0
TXN_003694,USR_0081,2026-02-01 19:25:59,67.82,London,1.82,DEV_081,Online,Grocery,0
TXN_003695,USR_0090,2026-01-11 22:14:37,50.54,Tokyo,9.05,DEV_020,POS,Grocery,0
TXN_003696,USR_0027,2026-03-27 15:18:11,103.0,Mumbai,5.81,DEV_027,POS,Electronics,0
TXN_003697,USR_0065,2026-03-28 14:53:47,25.42,London,2.54,DEV_079,Online,Utilities,0
TXN_003698,USR_0091,2026-02-13 21:57:54,19.4,Mumbai,0.27,DEV_091,POS,Travel,0
TXN_003699,USR_0077,2026-03-09 10:22:24,43.73,Berlin,3.13,DEV_077,Online,Grocery,0
TXN_003700,USR_0013,2026-03-01 07:23:40,23.7,Berlin,2.03,DEV_013,ATM,Utilities,0
TXN_003701,USR_0094,2026-03-30 01:43:34,32.5,London,5.84,DEV_094,POS,Gaming,0
TXN_003702,USR_0043,2026-03-25 18:13:45,45.05,Mumbai,0.24,DEV_043,Online,Utilities,0
TXN_003703,USR_0065,2026-03-18 18:37:01,25.23,London,0.48,DEV_065,POS,Electronics,0
TXN_003704,USR_0073,2026-03-03 16:06:40,31.41,London,2.29,DEV_073,POS,Utilities,0
TXN_003705,USR_0025,2026-03-26 15:48:32,42.75,London,3.26,DEV_025,Online,Utilities,0
TXN_003706,USR_0015,2026-01-21 00:25:43,84.34,Toronto,0.62,DEV_015,POS,Grocery,0
TXN_003707,USR_0066,2026-03-25 06:00:05,12.04,Tokyo,3.28,DEV_066,Wire Transfer,Transfer,0
TXN_003708,USR_0071,2026-03-13 16:54:00,27.73,Toronto,0.12,DEV_071,POS,Grocery,0
TXN_003709,USR_0073,2026-02-27 21:39:40,54.4,Toronto,2.8,DEV_073,POS,Utilities,0
TXN_003710,USR_0050,2026-01-18 20:38:48,85.04,Tokyo,2.06,DEV_110,Online,Travel,0
TXN_003711,USR_0094,2026-03-27 15:35:49,38.84,Sydney,5.3,DEV_065,ATM,Travel,0
TXN_003712,USR_0083,2026-02-18 07:20:37,1694.78,Tokyo,2189.84,DEV_018,Online,Electronics,1
TXN_003713,USR_0050,2026-03-22 05:14:49,35.81,Tokyo,1.71,DEV_050,ATM,Luxury,0
TXN_003714,USR_0062,2026-01-13 07:08:14,213.97,Paris,0.08,DEV_062,POS,Gaming,0
TXN_003715,USR_0090,2026-01-18 12:08:23,11.35,Tokyo,3.54,DEV_090,Online,Grocery,0
TXN_003716,USR_0058,2026-01-09 00:31:46,65.3,Tokyo,10.67,DEV_058,Online,Luxury,0
TXN_003717,USR_0018,2026-02-19 21:25:09,38.93,Tokyo,1.06,DEV_018,POS,Gaming,0
TXN_003718,USR_0068,2026-01-28 18:51:45,30.08,Paris,9.26,DEV_068,Online,Travel,0
TXN_003719,USR_0043,2026-02-25 17:34:01,122.17,Mumbai,6.87,DEV_043,Online,Transfer,0
TXN_003720,USR_0010,2026-01-09 03:15:59,78.89,Tokyo,6.74,DEV_010,Online,Gaming,0
TXN_003721,USR_0072,2026-01-28 08:08:59,129.96,New York,2.46,DEV_055,ATM,Transfer,0
TXN_003722,USR_0075,2026-02-15 08:09:32,32.53,Mumbai,1.3,DEV_078,ATM,Transfer,0
TXN_003723,USR_0013,2026-01-31 04:14:47,195.49,Berlin,4.01,DEV_013,POS,Gaming,0
TXN_003724,USR_0056,2026-03-03 08:45:50,83.67,New York,5.31,DEV_056,Online,Grocery,0
TXN_003725,USR_0056,2026-02-13 10:43:00,119.28,New York,3.69,DEV_056,Online,Gaming,0
TXN_003726,USR_0075,2026-03-12 20:09:13,45.62,Mumbai,0.91,DEV_075,POS,Transfer,0
TXN_003727,USR_0091,2026-03-10 01:16:27,63.51,Mumbai,4.25,DEV_091,Online,Luxury,0
TXN_003728,USR_0093,2026-03-06 08:13:59,22.28,Berlin,5.87,DEV_132,Online,Travel,0
TXN_003729,USR_0090,2026-02-11 00:19:23,86.13,Tokyo,7.62,DEV_090,Online,Travel,0
TXN_003730,USR_0050,2026-02-27 20:34:28,17.81,Tokyo,4.36,DEV_050,POS,Electronics,0
TXN_003731,USR_0072,2026-02-09 06:26:23,62.32,New York,7.63,DEV_103,POS,Electronics,0
TXN_003732,USR_0001,2026-03-13 14:11:18,69.84,London,0.91,DEV_001,Online,Grocery,0
TXN_003733,USR_0041,2026-03-07 20:44:46,21.52,London,3.65,DEV_041,Online,Gaming,0
TXN_003734,USR_0034,2026-02-12 04:35:15,11.62,Paris,7.87,DEV_034,POS,Luxury,0
TXN_003735,USR_0027,2026-01-17 09:46:41,29.95,Mumbai,0.31,DEV_027,POS,Travel,0
TXN_003736,USR_0095,2026-03-13 00:41:20,203.12,Toronto,1.42,DEV_095,Online,Transfer,0
TXN_003737,USR_0004,2026-02-10 14:19:25,24.34,Paris,2.71,DEV_004,POS,Electronics,0
TXN_003738,USR_0090,2026-02-12 14:52:20,52.63,Tokyo,6.85,DEV_090,POS,Gaming,0
TXN_003739,USR_0025,2026-03-21 18:00:03,112.52,London,0.07,DEV_025,POS,Luxury,0
TXN_003740,USR_0047,2026-02-21 00:03:38,111.15,Toronto,3.39,DEV_017,Online,Grocery,0
TXN_003741,USR_0037,2026-03-21 04:36:39,265.26,Berlin,4.04,DEV_037,POS,Travel,0
TXN_003742,USR_0088,2026-03-20 18:56:54,59.3,New York,17.1,DEV_088,POS,Gaming,0
TXN_003743,USR_0094,2026-01-17 07:02:42,44.62,Sydney,11.29,DEV_094,Online,Transfer,0
TXN_003744,USR_0086,2026-03-24 19:54:02,56.05,Sydney,7.65,DEV_068,POS,Luxury,0
TXN_003745,USR_0085,2026-01-13 05:09:53,124.18,Berlin,0.53,DEV_085,POS,Electronics,0
TXN_003746,USR_0075,2026-02-24 15:02:30,18.97,Mumbai,1.64,DEV_067,Wire Transfer,Grocery,0
TXN_003747,USR_0031,2026-02-04 04:40:06,201.85,Toronto,12.34,DEV_031,Online,Grocery,0
TXN_003748,USR_0004,2026-03-26 15:32:26,68.57,Paris,0.56,DEV_004,Online,Gaming,0
TXN_003749,USR_0089,2026-01-25 13:39:31,75.99,London,5.15,DEV_089,POS,Grocery,0
TXN_003750,USR_0060,2026-02-26 15:31:58,102.42,Paris,0.78,DEV_060,Online,Electronics,0
TXN_003751,USR_0089,2026-03-05 07:37:17,92.17,London,3.0,DEV_089,ATM,Utilities,0
TXN_003752,USR_0018,2026-01-27 10:14:16,88.92,Tokyo,2.13,DEV_018,POS,Gaming,0
TXN_003753,USR_0072,2026-03-04 04:13:40,143.57,New York,12.77,DEV_072,Wire Transfer,Utilities,0
TXN_003754,USR_0051,2026-03-10 10:37:43,13.73,Mumbai,7.78,DEV_051,POS,Transfer,0
TXN_003755,USR_0005,2026-03-11 20:11:38,124.22,Berlin,1.6,DEV_005,Online,Electronics,0
TXN_003756,USR_0075,2026-01-24 07:07:32,34.42,Mumbai,0.31,DEV_075,ATM,Gaming,0
TXN_003757,USR_0015,2026-02-23 06:57:34,681.76,Sydney,4515.14,DEV_113,Wire Transfer,Transfer,1
TXN_003758,USR_0070,2026-01-14 00:08:09,76.45,Sydney,0.59,DEV_070,ATM,Grocery,0
TXN_003759,USR_0022,2026-01-04 16:40:00,13.66,Sydney,7.95,DEV_022,POS,Luxury,0
TXN_003760,USR_0039,2026-03-08 18:22:29,30.27,Toronto,2.1,DEV_039,ATM,Luxury,0
TXN_003761,USR_0024,2026-01-20 13:01:49,67.73,New York,0.02,DEV_024,ATM,Luxury,0
TXN_003762,USR_0093,2026-02-17 07:46:22,92.47,Berlin,12.27,DEV_093,POS,Travel,0
TXN_003763,USR_0011,2026-01-18 22:57:41,32.83,Mumbai,11.37,DEV_011,POS,Utilities,0
TXN_003764,USR_0054,2026-01-08 04:57:44,302.31,Sydney,4.45,DEV_054,Online,Transfer,0
TXN_003765,USR_0030,2026-01-12 11:48:00,128.66,Sydney,4.54,DEV_030,Online,Gaming,0
TXN_003766,USR_0028,2026-03-19 15:00:29,39.23,Paris,9.52,DEV_028,Online,Grocery,0
TXN_003767,USR_0043,2026-01-15 20:57:31,458.58,Paris,2839.23,DEV_041,Wire Transfer,Electronics,1
TXN_003768,USR_0080,2026-01-10 13:26:01,57.96,New York,1.18,DEV_080,ATM,Utilities,0
TXN_003769,USR_0014,2026-02-13 17:42:26,182.88,Berlin,2.92,DEV_014,Online,Luxury,0
TXN_003770,USR_0053,2026-03-11 06:35:30,10.2,Berlin,5.17,DEV_053,POS,Transfer,0
TXN_003771,USR_0053,2026-02-02 08:53:56,12.29,Berlin,0.15,DEV_053,Wire Transfer,Utilities,0
TXN_003772,USR_0080,2026-02-17 18:00:30,100.36,New York,1.03,DEV_072,Online,Electronics,0
TXN_003773,USR_0070,2026-01-05 22:30:27,36.11,Sydney,7.15,DEV_070,POS,Travel,0
TXN_003774,USR_0082,2026-03-04 16:56:23,49.83,Tokyo,0.2,DEV_082,Online,Grocery,0
TXN_003775,USR_0041,2026-03-07 20:15:04,33.44,London,7.01,DEV_041,POS,Electronics,0
TXN_003776,USR_0026,2026-03-09 11:13:43,220.63,Tokyo,9.28,DEV_026,POS,Grocery,0
TXN_003777,USR_0003,2026-02-27 11:29:42,129.48,Mumbai,0.55,DEV_003,POS,Luxury,0
TXN_003778,USR_0050,2026-03-09 08:46:14,28.1,Tokyo,15.73,DEV_050,POS,Travel,0
TXN_003779,USR_0007,2026-03-18 10:43:12,31.35,Sydney,1.39,DEV_007,ATM,Utilities,0
TXN_003780,USR_0077,2026-03-03 18:59:50,29.82,Berlin,2.54,DEV_077,Online,Grocery,0
TXN_003781,USR_0053,2026-02-17 11:15:52,34.27,Berlin,4.1,DEV_053,ATM,Gaming,0
TXN_003782,USR_0091,2026-03-13 17:43:21,152.64,Mumbai,2.05,DEV_091,POS,Luxury,0
TXN_003783,USR_0082,2026-01-22 16:46:50,35.65,Tokyo,0.37,DEV_082,Online,Grocery,0
TXN_003784,USR_0061,2026-01-15 02:01:56,36.65,Berlin,8.14,DEV_061,POS,Grocery,0
TXN_003785,USR_0060,2026-03-03 15:52:54,48.12,Paris,5.0,DEV_060,POS,Luxury,0
TXN_003786,USR_0030,2026-01-07 07:05:29,144.12,Sydney,2.54,DEV_030,ATM,Luxury,0
TXN_003787,USR_0078,2026-01-23 22:03:05,51.9,Sydney,7.97,DEV_078,POS,Grocery,0
TXN_003788,USR_0056,2026-01-14 05:58:44,106.6,New York,1.39,DEV_056,ATM,Electronics,0
TXN_003789,USR_0052,2026-01-26 10:39:37,42.55,Sydney,16.92,DEV_052,Online,Travel,0
TXN_003790,USR_0020,2026-02-01 14:57:25,22.97,Paris,5.51,DEV_020,Online,Luxury,0
TXN_003791,USR_0028,2026-02-04 22:06:15,57.88,Paris,0.56,DEV_028,Online,Travel,0
TXN_003792,USR_0010,2026-01-08 11:58:28,30.89,Tokyo,12.59,DEV_010,Online,Transfer,0
TXN_003793,USR_0078,2026-01-19 10:11:19,42.07,Sydney,3.03,DEV_074,Online,Utilities,0
TXN_003794,USR_0010,2026-03-06 17:36:32,123.88,Tokyo,11.9,DEV_083,ATM,Luxury,0
TXN_003795,USR_0042,2026-03-02 12:24:50,31.62,Tokyo,1.04,DEV_042,Online,Luxury,0
TXN_003796,USR_0029,2026-01-29 12:58:30,15.53,Berlin,0.05,DEV_029,Online,Utilities,0
TXN_003797,USR_0037,2026-03-26 12:56:53,25.86,Berlin,2.76,DEV_037,Wire Transfer,Travel,0
TXN_003798,USR_0046,2026-03-25 15:55:50,33.8,Sydney,9.27,DEV_046,Online,Grocery,0
TXN_003799,USR_0043,2026-02-12 22:03:38,20.92,Mumbai,4.68,DEV_001,POS,Travel,0
TXN_003800,USR_0065,2026-02-01 00:33:56,21.2,London,0.66,DEV_065,POS,Travel,0
TXN_003801,USR_0077,2026-01-06 19:13:15,76.07,Berlin,3.07,DEV_077,POS,Transfer,0
TXN_003802,USR_0045,2026-03-08 21:31:52,14.43,Berlin,7.12,DEV_045,POS,Utilities,0
TXN_003803,USR_0018,2026-03-06 20:56:32,43.11,Tokyo,14.0,DEV_018,Online,Grocery,0
TXN_003804,USR_0007,2026-01-16 19:57:19,83.67,Toronto,7.3,DEV_007,POS,Grocery,0
TXN_003805,USR_0099,2026-03-05 18:15:17,24.93,Mumbai,5.58,DEV_082,Online,Utilities,0
TXN_003806,USR_0066,2026-02-11 11:02:14,12.18,Berlin,3.13,DEV_066,POS,Transfer,0
TXN_003807,USR_0099,2026-01-28 00:01:07,104.56,Mumbai,4.36,DEV_099,Wire Transfer,Luxury,0
TXN_003808,USR_0090,2026-02-07 01:39:14,55.63,Tokyo,0.16,DEV_090,ATM,Utilities,0
TXN_003809,USR_0071,2026-03-07 07:10:38,21.43,Toronto,1.19,DEV_071,Online,Luxury,0
TXN_003810,USR_0016,2026-01-10 06:23:50,20.01,New York,2.3,DEV_016,Online,Travel,0
TXN_003811,USR_0004,2026-02-07 15:48:52,34.63,Paris,3.0,DEV_004,POS,Travel,0
TXN_003812,USR_0036,2026-02-08 07:47:39,54.49,Paris,13.89,DEV_036,ATM,Transfer,0
TXN_003813,USR_0027,2026-01-03 19:43:15,172.91,Toronto,6.36,DEV_027,Online,Transfer,0
TXN_003814,USR_0058,2026-02-18 04:38:44,52.52,Tokyo,4.8,DEV_058,Online,Utilities,0
TXN_003815,USR_0046,2026-02-05 20:15:25,23.63,London,5.68,DEV_046,Online,Luxury,0
TXN_003816,USR_0015,2026-02-26 12:12:55,22.36,Toronto,2.15,DEV_015,Online,Luxury,0
TXN_003817,USR_0094,2026-03-30 10:28:55,61.39,Sydney,4.53,DEV_094,Wire Transfer,Transfer,0
TXN_003818,USR_0021,2026-03-10 02:47:52,13.31,Sydney,9.46,DEV_021,POS,Utilities,0
TXN_003819,USR_0096,2026-03-18 21:48:56,44.49,New York,0.25,DEV_096,POS,Electronics,0
TXN_003820,USR_0096,2026-03-02 15:11:58,65.83,New York,4.37,DEV_096,Online,Electronics,0
TXN_003821,USR_0070,2026-02-03 22:46:16,26.73,Toronto,3.13,DEV_082,Online,Travel,0
TXN_003822,USR_0070,2026-02-16 22:15:53,133.48,Sydney,8.63,DEV_070,ATM,Transfer,0
TXN_003823,USR_0051,2026-02-22 11:09:56,37.63,Mumbai,1.82,DEV_051,ATM,Gaming,0
TXN_003824,USR_0068,2026-02-22 13:08:18,22.5,Paris,0.61,DEV_068,Online,Travel,0
TXN_003825,USR_0007,2026-01-15 17:06:54,52.26,Toronto,7.04,DEV_007,Wire Transfer,Luxury,0
TXN_003826,USR_0005,2026-01-24 09:08:04,92.27,Berlin,11.33,DEV_005,POS,Electronics,0
TXN_003827,USR_0032,2026-01-24 12:53:20,1601.85,Sydney,2369.07,DEV_025,Online,Transfer,1
TXN_003828,USR_0035,2026-02-06 14:02:31,22.2,Mumbai,2.65,DEV_035,Online,Electronics,0
TXN_003829,USR_0008,2026-01-25 10:11:03,28.34,New York,6.78,DEV_008,Online,Gaming,0
TXN_003830,USR_0023,2026-03-17 01:26:28,26.78,Toronto,3.92,DEV_023,Online,Travel,0
TXN_003831,USR_0087,2026-02-22 17:12:33,13.46,Toronto,5.52,DEV_060,Wire Transfer,Gaming,0
TXN_003832,USR_0039,2026-02-14 03:34:30,238.14,Toronto,20.28,DEV_039,Online,Utilities,0
TXN_003833,USR_0027,2026-02-27 22:42:42,16.76,Mumbai,5.66,DEV_027,POS,Travel,0
TXN_003834,USR_0075,2026-03-06 13:17:03,14.6,Mumbai,13.37,DEV_114,POS,Utilities,0
TXN_003835,USR_0010,2026-01-13 07:52:01,80.54,Tokyo,1.33,DEV_010,Online,Transfer,0
TXN_003836,USR_0031,2026-03-26 02:37:38,1493.08,Sydney,352.0,DEV_008,ATM,Luxury,1
TXN_003837,USR_0016,2026-02-04 18:45:03,856.89,Berlin,3465.43,DEV_044,ATM,Luxury,1
TXN_003838,USR_0090,2026-01-24 02:46:19,124.29,Tokyo,2.35,DEV_090,ATM,Transfer,0
TXN_003839,USR_0063,2026-03-31 05:41:03,13.26,Tokyo,4.45,DEV_063,Online,Grocery,0
TXN_003840,USR_0060,2026-01-05 02:52:33,40.31,Paris,2.22,DEV_060,Online,Grocery,0
TXN_003841,USR_0044,2026-02-12 09:04:01,72.7,Paris,0.18,DEV_044,Online,Grocery,0
TXN_003842,USR_0054,2026-03-07 22:13:33,29.06,Sydney,2.72,DEV_054,POS,Transfer,0
TXN_003843,USR_0034,2026-02-28 13:58:57,34.05,Tokyo,14.83,DEV_034,POS,Utilities,0
TXN_003844,USR_0063,2026-01-23 10:51:52,90.13,Toronto,3.07,DEV_063,ATM,Gaming,0
TXN_003845,USR_0011,2026-03-11 16:27:31,34.73,Mumbai,2.35,DEV_011,Online,Utilities,0
TXN_003846,USR_0088,2026-02-01 19:17:03,59.48,New York,4.7,DEV_088,POS,Gaming,0
TXN_003847,USR_0054,2026-01-21 11:18:23,91.2,London,0.99,DEV_054,Online,Transfer,0
TXN_003848,USR_0036,2026-02-01 19:41:32,105.5,Paris,8.5,DEV_036,ATM,Grocery,0
TXN_003849,USR_0074,2026-01-31 08:36:25,25.64,Tokyo,7.79,DEV_017,Online,Transfer,0
TXN_003850,USR_0017,2026-02-04 23:14:58,31.74,London,0.48,DEV_017,Wire Transfer,Electronics,0
TXN_003851,USR_0018,2026-02-01 23:37:23,200.2,Tokyo,10.5,DEV_018,Online,Luxury,0
TXN_003852,USR_0024,2026-01-01 01:06:01,121.87,New York,8.54,DEV_103,Online,Transfer,0
TXN_003853,USR_0082,2026-01-04 20:58:34,14.47,Tokyo,0.11,DEV_082,Online,Grocery,0
TXN_003854,USR_0068,2026-02-23 01:08:22,76.8,Paris,8.16,DEV_068,ATM,Luxury,0
TXN_003855,USR_0047,2026-01-07 09:25:02,204.01,Toronto,6.03,DEV_047,Online,Transfer,0
TXN_003856,USR_0075,2026-01-01 14:53:03,24.36,Mumbai,0.15,DEV_075,Online,Travel,0
TXN_003857,USR_0096,2026-02-24 21:54:49,73.13,New York,3.03,DEV_096,ATM,Gaming,0
TXN_003858,USR_0071,2026-03-06 17:04:13,15.11,Toronto,4.56,DEV_071,Online,Electronics,0
TXN_003859,USR_0040,2026-01-06 05:49:38,37.85,New York,3.67,DEV_040,POS,Electronics,0
TXN_003860,USR_0067,2026-02-15 12:36:43,108.62,Mumbai,6.11,DEV_067,Online,Grocery,0
TXN_003861,USR_0009,2026-01-10 05:38:50,35.08,London,1.96,DEV_009,POS,Travel,0
TXN_003862,USR_0070,2026-03-21 06:54:30,16.28,Sydney,31.69,DEV_070,POS,Travel,0
TXN_003863,USR_0029,2026-02-04 08:09:39,83.41,Berlin,0.08,DEV_029,POS,Electronics,0
TXN_003864,USR_0045,2026-01-29 20:51:58,27.35,Berlin,2.92,DEV_045,ATM,Transfer,0
TXN_003865,USR_0029,2026-03-15 01:44:29,11.33,Berlin,15.78,DEV_064,POS,Luxury,0
TXN_003866,USR_0087,2026-03-07 05:38:43,14.44,Toronto,0.32,DEV_087,POS,Grocery,0
TXN_003867,USR_0067,2026-03-08 02:08:34,20.06,Mumbai,0.01,DEV_067,ATM,Gaming,0
TXN_003868,USR_0061,2026-01-19 15:33:00,34.12,Berlin,2.36,DEV_061,POS,Luxury,0
TXN_003869,USR_0029,2026-03-20 10:55:38,13.27,Berlin,0.14,DEV_029,Online,Electronics,0
TXN_003870,USR_0079,2026-03-27 07:47:48,67.01,Toronto,5.45,DEV_079,Wire Transfer,Gaming,0
TXN_003871,USR_0005,2026-03-30 23:31:14,196.08,Berlin,3.07,DEV_005,POS,Electronics,0
TXN_003872,USR_0098,2026-01-29 11:41:59,50.81,Tokyo,0.18,DEV_016,Online,Electronics,0
TXN_003873,USR_0085,2026-01-23 11:39:17,68.36,Berlin,3.66,DEV_085,POS,Gaming,0
TXN_003874,USR_0019,2026-02-24 09:31:17,28.24,Mumbai,12.03,DEV_019,Online,Luxury,0
TXN_003875,USR_0086,2026-03-04 17:53:18,44.54,Sydney,14.1,DEV_086,ATM,Travel,0
TXN_003876,USR_0012,2026-02-09 21:41:36,115.57,Paris,3.42,DEV_012,Online,Travel,0
TXN_003877,USR_0024,2026-02-24 15:36:28,54.45,New York,4.35,DEV_024,Online,Gaming,0
TXN_003878,USR_0004,2026-03-21 22:08:46,12.8,Paris,3.16,DEV_004,POS,Luxury,0
TXN_003879,USR_0002,2026-01-16 05:56:53,105.26,Tokyo,3.52,DEV_002,ATM,Gaming,0
TXN_003880,USR_0023,2026-02-23 06:20:46,241.48,Toronto,7.71,DEV_023,ATM,Grocery,0
TXN_003881,USR_0057,2026-02-19 20:15:55,70.2,London,1.98,DEV_057,POS,Gaming,0
TXN_003882,USR_0072,2026-02-11 07:05:55,62.0,New York,11.44,DEV_072,Online,Grocery,0
TXN_003883,USR_0007,2026-01-15 03:42:08,751.05,London,3004.66,DEV_128,Wire Transfer,Gaming,1
TXN_003884,USR_0074,2026-01-08 16:44:33,133.56,Tokyo,0.39,DEV_010,Online,Electronics,0
TXN_003885,USR_0011,2026-01-13 12:42:49,21.86,Mumbai,6.02,DEV_011,Online,Travel,0
TXN_003886,USR_0039,2026-01-28 18:09:46,84.21,Toronto,12.17,DEV_039,Online,Luxury,0
TXN_003887,USR_0095,2026-01-15 23:34:51,36.3,Toronto,10.65,DEV_070,POS,Electronics,0
TXN_003888,USR_0047,2026-02-22 11:54:37,101.01,Toronto,0.56,DEV_053,POS,Electronics,0
TXN_003889,USR_0048,2026-03-07 12:02:03,2056.54,Mumbai,1810.68,DEV_094,ATM,Transfer,1
TXN_003890,USR_0093,2026-01-21 11:29:55,304.28,Berlin,0.62,DEV_093,Online,Travel,0
TXN_003891,USR_0080,2026-02-18 12:30:36,24.48,New York,19.01,DEV_080,POS,Transfer,0
TXN_003892,USR_0088,2026-02-26 02:23:08,137.92,New York,1.2,DEV_088,Online,Electronics,0
TXN_003893,USR_0082,2026-02-17 10:27:54,205.73,Tokyo,7.17,DEV_082,POS,Utilities,0
TXN_003894,USR_0081,2026-01-12 11:05:15,22.06,London,1.38,DEV_081,POS,Electronics,0
TXN_003895,USR_0044,2026-01-14 00:50:46,54.79,Paris,7.95,DEV_044,Online,Transfer,0
TXN_003896,USR_0018,2026-03-04 21:49:17,32.96,Mumbai,3.92,DEV_018,ATM,Gaming,0
TXN_003897,USR_0041,2026-01-17 19:58:27,17.55,London,0.2,DEV_041,POS,Grocery,0
TXN_003898,USR_0037,2026-01-26 02:30:23,278.02,Berlin,3.24,DEV_037,Online,Grocery,0
TXN_003899,USR_0002,2026-03-14 00:12:38,56.25,Tokyo,6.16,DEV_002,Online,Electronics,0
TXN_003900,USR_0006,2026-01-08 02:25:49,50.21,Sydney,3.91,DEV_006,ATM,Transfer,0
TXN_003901,USR_0020,2026-03-05 19:43:04,23.18,Paris,0.21,DEV_020,Online,Utilities,0
TXN_003902,USR_0074,2026-03-18 18:16:10,22.76,Tokyo,8.55,DEV_116,POS,Electronics,0
TXN_003903,USR_0075,2026-02-18 18:13:08,205.6,Mumbai,2.92,DEV_075,Online,Transfer,0
TXN_003904,USR_0012,2026-02-26 01:24:59,74.43,Paris,0.06,DEV_012,POS,Grocery,0
TXN_003905,USR_0069,2026-01-01 17:21:59,28.24,Berlin,13.49,DEV_069,Online,Grocery,0
TXN_003906,USR_0037,2026-01-15 10:21:43,26.54,Berlin,4.55,DEV_037,Online,Electronics,0
TXN_003907,USR_0030,2026-02-05 01:12:22,254.73,Sydney,0.13,DEV_030,ATM,Luxury,0
TXN_003908,USR_0085,2026-03-28 08:45:50,30.59,Berlin,2.63,DEV_072,POS,Electronics,0
TXN_003909,USR_0086,2026-03-09 15:20:58,65.71,Sydney,0.62,DEV_086,POS,Luxury,0
TXN_003910,USR_0040,2026-01-22 01:31:33,2182.99,Paris,2458.78,DEV_136,ATM,Gaming,1
TXN_003911,USR_0015,2026-03-16 04:58:47,21.66,Berlin,1.36,DEV_015,POS,Luxury,0
TXN_003912,USR_0027,2026-03-29 14:27:12,10.61,Mumbai,1.08,DEV_027,POS,Utilities,0
TXN_003913,USR_0053,2026-02-02 15:16:25,56.18,Berlin,1.45,DEV_053,POS,Grocery,0
TXN_003914,USR_0047,2026-03-25 03:39:39,16.52,Toronto,3.92,DEV_047,POS,Utilities,0
TXN_003915,USR_0013,2026-02-03 09:57:44,44.48,Berlin,3.23,DEV_013,POS,Grocery,0
TXN_003916,USR_0055,2026-01-30 18:51:29,126.66,Toronto,2.46,DEV_055,ATM,Utilities,0
TXN_003917,USR_0001,2026-01-31 01:16:17,24.55,London,11.22,DEV_001,POS,Grocery,0
TXN_003918,USR_0091,2026-02-11 02:38:49,13.99,Mumbai,6.12,DEV_091,Wire Transfer,Travel,0
TXN_003919,USR_0005,2026-03-28 05:34:55,31.94,Berlin,0.88,DEV_005,ATM,Transfer,0
TXN_003920,USR_0004,2026-01-02 13:55:29,40.66,Paris,3.05,DEV_120,POS,Utilities,0
TXN_003921,USR_0069,2026-02-04 06:43:40,13.28,Berlin,0.31,DEV_069,POS,Utilities,0
TXN_003922,USR_0042,2026-01-06 00:07:37,16.03,Tokyo,0.42,DEV_120,Online,Gaming,0
TXN_003923,USR_0036,2026-03-10 13:12:36,186.18,Paris,4.91,DEV_036,POS,Travel,0
TXN_003924,USR_0008,2026-03-01 03:36:24,13.79,New York,0.58,DEV_008,Online,Gaming,0
TXN_003925,USR_0008,2026-03-31 02:38:27,66.92,New York,1.03,DEV_139,POS,Travel,0
TXN_003926,USR_0083,2026-03-18 17:29:15,100.91,Mumbai,2.27,DEV_083,Online,Luxury,0
TXN_003927,USR_0012,2026-03-18 09:41:00,22.09,Paris,2.03,DEV_012,Online,Gaming,0
TXN_003928,USR_0012,2026-01-31 10:09:57,70.57,Paris,0.62,DEV_112,ATM,Utilities,0
TXN_003929,USR_0020,2026-02-26 05:21:17,65.34,Mumbai,8.43,DEV_020,POS,Transfer,0
TXN_003930,USR_0079,2026-01-14 09:41:44,16.03,Toronto,0.13,DEV_079,POS,Grocery,0
TXN_003931,USR_0069,2026-02-05 18:13:16,135.65,Berlin,0.23,DEV_069,ATM,Utilities,0
TXN_003932,USR_0027,2026-01-08 02:12:34,129.49,Mumbai,7.57,DEV_027,ATM,Gaming,0
TXN_003933,USR_0087,2026-03-05 23:40:33,50.67,Toronto,6.48,DEV_087,Online,Travel,0
TXN_003934,USR_0061,2026-01-05 10:56:26,80.16,Berlin,1.1,DEV_061,Online,Electronics,0
TXN_003935,USR_0035,2026-02-09 06:00:26,17.63,Tokyo,2.44,DEV_035,Wire Transfer,Electronics,0
TXN_003936,USR_0023,2026-01-29 03:28:20,48.63,Toronto,1.02,DEV_023,Online,Gaming,0
TXN_003937,USR_0053,2026-02-16 20:54:05,16.97,Berlin,8.99,DEV_053,Online,Luxury,0
TXN_003938,USR_0044,2026-02-02 12:44:22,93.87,Paris,0.67,DEV_044,POS,Utilities,0
TXN_003939,USR_0093,2026-03-10 22:09:04,65.67,Berlin,0.73,DEV_093,POS,Luxury,0
TXN_003940,USR_0069,2026-03-13 18:15:36,96.81,Berlin,0.75,DEV_069,Online,Travel,0
TXN_003941,USR_0018,2026-03-03 08:10:05,261.58,Tokyo,2.36,DEV_043,POS,Electronics,0
TXN_003942,USR_0010,2026-01-16 05:48:11,130.47,Tokyo,2.15,DEV_010,Online,Luxury,0
TXN_003943,USR_0024,2026-01-17 22:31:58,68.26,Sydney,6.46,DEV_016,ATM,Travel,0
TXN_003944,USR_0018,2026-02-28 12:01:17,139.78,Tokyo,8.02,DEV_018,Online,Utilities,0
TXN_003945,USR_0082,2026-03-02 00:13:55,139.93,Tokyo,0.75,DEV_122,POS,Gaming,0
TXN_003946,USR_0044,2026-01-12 16:32:58,164.39,Paris,3.94,DEV_130,POS,Luxury,0
TXN_003947,USR_0001,2026-03-11 11:39:01,21.47,London,3.99,DEV_001,ATM,Gaming,0
TXN_003948,USR_0027,2026-03-28 04:08:54,30.61,New York,3.21,DEV_027,POS,Gaming,0
TXN_003949,USR_0070,2026-01-18 11:06:14,77.62,Sydney,10.78,DEV_070,POS,Transfer,0
TXN_003950,USR_0023,2026-01-08 10:49:40,152.42,Toronto,9.66,DEV_023,POS,Transfer,0
TXN_003951,USR_0013,2026-03-06 23:06:11,53.46,Berlin,3.41,DEV_013,Online,Electronics,0
TXN_003952,USR_0010,2026-02-24 05:04:40,48.35,Tokyo,2.1,DEV_010,Online,Travel,0
TXN_003953,USR_0055,2026-03-18 22:42:06,10.62,Toronto,4.62,DEV_055,POS,Travel,0
TXN_003954,USR_0068,2026-03-11 18:05:12,16.4,Paris,4.72,DEV_068,POS,Grocery,0
TXN_003955,USR_0079,2026-03-12 03:59:06,21.37,Toronto,2.98,DEV_133,Online,Grocery,0
TXN_003956,USR_0062,2026-01-09 06:25:04,41.59,Sydney,2.64,DEV_062,Online,Luxury,0
TXN_003957,USR_0057,2026-02-25 02:45:03,59.72,London,0.52,DEV_057,Wire Transfer,Utilities,0
TXN_003958,USR_0018,2026-01-13 07:29:37,27.47,Tokyo,2.76,DEV_018,POS,Utilities,0
TXN_003959,USR_0002,2026-03-23 23:45:15,18.56,Tokyo,11.3,DEV_002,Online,Luxury,0
TXN_003960,USR_0077,2026-01-12 12:33:16,91.77,Berlin,0.94,DEV_077,Online,Electronics,0
TXN_003961,USR_0056,2026-02-15 07:15:36,209.23,Sydney,1.4,DEV_056,Online,Utilities,0
TXN_003962,USR_0005,2026-03-06 13:33:31,83.45,Berlin,4.02,DEV_005,POS,Travel,0
TXN_003963,USR_0097,2026-03-05 15:00:54,46.24,London,2.12,DEV_097,Online,Gaming,0
TXN_003964,USR_0056,2026-01-22 01:07:46,370.11,New York,2.1,DEV_056,POS,Transfer,0
TXN_003965,USR_0086,2026-02-14 01:24:50,106.16,Sydney,7.29,DEV_010,Online,Gaming,0
TXN_003966,USR_0091,2026-03-27 08:02:05,436.07,Berlin,993.57,DEV_041,ATM,Gaming,1
TXN_003967,USR_0039,2026-01-21 01:39:54,49.45,Toronto,0.22,DEV_039,Online,Gaming,0
TXN_003968,USR_0062,2026-02-27 10:15:08,128.28,Sydney,11.52,DEV_062,ATM,Travel,0
TXN_003969,USR_0025,2026-03-05 06:52:34,24.72,Sydney,0.25,DEV_025,Online,Electronics,0
TXN_003970,USR_0044,2026-01-06 23:14:50,14.69,Paris,4.47,DEV_044,ATM,Travel,0
TXN_003971,USR_0094,2026-02-27 22:19:33,11.87,Sydney,3.36,DEV_094,Online,Gaming,0
TXN_003972,USR_0015,2026-01-21 08:42:53,15.67,Toronto,6.0,DEV_015,Online,Travel,0
TXN_003973,USR_0006,2026-02-27 19:39:19,199.7,New York,0.91,DEV_006,POS,Grocery,0
TXN_003974,USR_0058,2026-03-07 08:41:19,15.9,Tokyo,3.47,DEV_058,Online,Travel,0
TXN_003975,USR_0062,2026-01-14 18:51:18,224.79,Sydney,20.37,DEV_060,ATM,Electronics,0
TXN_003976,USR_0085,2026-02-05 09:58:13,150.41,Berlin,0.22,DEV_085,ATM,Luxury,0
TXN_003977,USR_0061,2026-01-20 12:50:18,42.91,Berlin,20.91,DEV_061,POS,Grocery,0
TXN_003978,USR_0020,2026-02-05 06:00:17,89.06,New York,1.24,DEV_020,POS,Electronics,0
TXN_003979,USR_0011,2026-02-15 09:39:06,72.05,Mumbai,3.59,DEV_011,ATM,Gaming,0
TXN_003980,USR_0062,2026-02-06 07:41:21,72.14,Tokyo,29.76,DEV_062,Online,Travel,0
TXN_003981,USR_0038,2026-01-18 21:08:14,14.88,Sydney,8.02,DEV_038,Online,Grocery,0
TXN_003982,USR_0092,2026-03-11 04:29:35,145.7,Paris,3.45,DEV_092,Online,Utilities,0
TXN_003983,USR_0054,2026-01-22 01:43:04,231.59,Sydney,1.84,DEV_054,Online,Utilities,0
TXN_003984,USR_0053,2026-03-01 23:47:07,52.18,Berlin,2.51,DEV_053,POS,Transfer,0
TXN_003985,USR_0001,2026-02-28 20:19:12,111.98,Toronto,11.72,DEV_001,Online,Grocery,0
TXN_003986,USR_0010,2026-02-10 20:34:20,10.98,Tokyo,12.64,DEV_001,POS,Transfer,0
TXN_003987,USR_0044,2026-01-10 20:55:59,160.85,Paris,3.7,DEV_044,ATM,Travel,0
TXN_003988,USR_0047,2026-01-24 04:09:17,65.69,Toronto,5.19,DEV_047,POS,Gaming,0
TXN_003989,USR_0021,2026-03-20 18:37:49,28.41,Berlin,2.9,DEV_021,ATM,Transfer,0
TXN_003990,USR_0007,2026-01-03 23:56:25,54.81,Toronto,2.02,DEV_007,Online,Transfer,0
TXN_003991,USR_0092,2026-02-28 19:35:41,55.47,Paris,20.99,DEV_092,Online,Transfer,0
TXN_003992,USR_0073,2026-03-02 06:58:09,215.63,Berlin,2.25,DEV_073,ATM,Electronics,0
TXN_003993,USR_0059,2026-02-26 01:40:40,38.75,Mumbai,4.19,DEV_059,POS,Transfer,0
TXN_003994,USR_0017,2026-03-08 08:29:02,17.81,London,3.12,DEV_017,POS,Grocery,0
TXN_003995,USR_0083,2026-01-25 09:26:02,138.09,Mumbai,2.71,DEV_083,POS,Gaming,0
TXN_003996,USR_0093,2026-01-28 10:51:43,24.21,Berlin,15.24,DEV_125,POS,Grocery,0
TXN_003997,USR_0079,2026-03-26 06:13:46,12.0,Toronto,19.68,DEV_088,ATM,Transfer,0
TXN_003998,USR_0058,2026-01-11 08:02:46,20.68,Tokyo,0.5,DEV_058,POS,Luxury,0
TXN_003999,USR_0084,2026-01-06 02:43:41,441.79,Mumbai,4935.09,DEV_101,ATM,Transfer,1
TXN_004000,USR_0039,2026-03-03 04:03:29,258.54,Toronto,4.39,DEV_039,Online,Luxury,0
TXN_004001,USR_0079,2026-01-15 14:16:11,19.52,Toronto,18.19,DEV_079,POS,Transfer,0
TXN_004002,USR_0057,2026-01-05 08:24:04,62.96,London,13.13,DEV_057,POS,Electronics,0
TXN_004003,USR_0039,2026-01-05 21:16:32,78.82,Toronto,8.07,DEV_039,POS,Transfer,0
TXN_004004,USR_0088,2026-01-21 01:16:58,18.08,New York,6.62,DEV_088,Online,Travel,0
TXN_004005,USR_0070,2026-03-16 11:05:45,88.92,Sydney,4.15,DEV_042,POS,Electronics,0
TXN_004006,USR_0062,2026-02-10 09:33:59,47.74,Sydney,0.25,DEV_062,Online,Luxury,0
TXN_004007,USR_0008,2026-01-29 03:30:12,315.3,New York,3.96,DEV_008,Online,Gaming,0
TXN_004008,USR_0028,2026-02-03 23:57:12,77.32,Paris,0.02,DEV_101,ATM,Grocery,0
TXN_004009,USR_0042,2026-03-29 17:18:29,89.61,Tokyo,1.14,DEV_042,Online,Grocery,0
TXN_004010,USR_0053,2026-03-17 04:16:21,21.41,Berlin,1.04,DEV_053,Wire Transfer,Utilities,0
TXN_004011,USR_0080,2026-02-03 16:04:41,20.26,New York,0.8,DEV_080,POS,Gaming,0
TXN_004012,USR_0042,2026-01-12 14:03:41,46.09,Tokyo,0.98,DEV_042,Online,Utilities,0
TXN_004013,USR_0093,2026-01-19 10:54:26,28.64,Mumbai,1.27,DEV_093,Online,Travel,0
TXN_004014,USR_0068,2026-01-11 03:33:25,40.86,Paris,17.59,DEV_068,POS,Electronics,0
TXN_004015,USR_0011,2026-02-02 20:18:09,10.46,Mumbai,2.67,DEV_011,Online,Transfer,0
TXN_004016,USR_0049,2026-03-30 20:28:55,33.0,London,5.16,DEV_049,Online,Travel,0
TXN_004017,USR_0022,2026-02-21 02:51:57,21.93,Sydney,0.46,DEV_043,ATM,Transfer,0
TXN_004018,USR_0004,2026-01-10 11:41:39,45.53,Paris,2.04,DEV_004,POS,Gaming,0
TXN_004019,USR_0017,2026-03-11 15:45:54,45.42,Mumbai,1.82,DEV_017,Online,Transfer,0
TXN_004020,USR_0062,2026-03-14 12:15:25,32.16,Sydney,10.75,DEV_062,Wire Transfer,Transfer,0
TXN_004021,USR_0096,2026-03-02 07:50:52,82.3,New York,2.43,DEV_096,Online,Luxury,0
TXN_004022,USR_0012,2026-03-15 16:52:15,24.34,Paris,1.17,DEV_012,ATM,Transfer,0
TXN_004023,USR_0055,2026-01-12 17:47:28,12.37,Toronto,1.9,DEV_055,POS,Utilities,0
TXN_004024,USR_0034,2026-02-02 09:21:34,61.17,Tokyo,9.24,DEV_068,POS,Luxury,0
TXN_004025,USR_0033,2026-01-12 18:46:20,96.81,London,0.84,DEV_091,POS,Grocery,0
TXN_004026,USR_0052,2026-01-22 15:17:47,74.32,Paris,0.99,DEV_052,Online,Grocery,0
TXN_004027,USR_0090,2026-03-09 03:28:27,471.54,Tokyo,11.06,DEV_137,POS,Travel,0
TXN_004028,USR_0019,2026-01-24 21:43:00,39.54,Mumbai,3.58,DEV_019,POS,Transfer,0
TXN_004029,USR_0069,2026-03-01 20:53:56,17.11,Berlin,10.78,DEV_069,POS,Utilities,0
TXN_004030,USR_0046,2026-01-31 13:27:32,172.69,Sydney,4.97,DEV_046,POS,Luxury,0
TXN_004031,USR_0020,2026-01-08 09:20:28,23.59,Paris,8.08,DEV_020,Wire Transfer,Utilities,0
TXN_004032,USR_0083,2026-03-07 13:57:07,122.72,Mumbai,2.17,DEV_083,POS,Electronics,0
TXN_004033,USR_0044,2026-02-06 05:35:10,85.41,Paris,0.92,DEV_044,POS,Gaming,0
TXN_004034,USR_0032,2026-03-20 20:20:48,16.82,New York,3.66,DEV_067,ATM,Travel,0
TXN_004035,USR_0073,2026-02-13 09:27:04,31.3,Toronto,5.79,DEV_073,Online,Grocery,0
TXN_004036,USR_0061,2026-03-04 06:32:39,179.57,Berlin,0.48,DEV_061,Online,Electronics,0
TXN_004037,USR_0036,2026-03-31 13:12:33,1444.17,Berlin,1801.58,DEV_057,Online,Luxury,1
TXN_004038,USR_0010,2026-03-21 21:13:09,16.0,Tokyo,8.11,DEV_010,ATM,Electronics,0
TXN_004039,USR_0037,2026-02-24 03:44:01,44.04,Berlin,17.27,DEV_037,Online,Gaming,0
TXN_004040,USR_0050,2026-01-19 16:15:29,155.78,New York,5.25,DEV_050,Online,Luxury,0
TXN_004041,USR_0006,2026-03-08 14:24:22,32.4,Sydney,0.92,DEV_006,ATM,Gaming,0
TXN_004042,USR_0046,2026-01-09 06:51:58,88.08,Sydney,1.05,DEV_046,Online,Gaming,0
TXN_004043,USR_0048,2026-01-31 18:31:41,80.8,New York,0.45,DEV_048,Online,Travel,0
TXN_004044,USR_0020,2026-03-09 23:02:39,22.97,Paris,0.77,DEV_043,Online,Transfer,0
TXN_004045,USR_0014,2026-03-07 04:28:00,78.98,Sydney,8.8,DEV_014,POS,Grocery,0
TXN_004046,USR_0001,2026-02-26 03:17:52,56.52,London,10.48,DEV_001,Wire Transfer,Electronics,0
TXN_004047,USR_0068,2026-03-28 19:34:14,43.53,Paris,0.31,DEV_068,POS,Utilities,0
TXN_004048,USR_0089,2026-03-22 22:32:22,66.89,London,4.09,DEV_101,ATM,Luxury,0
TXN_004049,USR_0087,2026-01-24 11:16:21,14.54,Toronto,5.26,DEV_087,Online,Grocery,0
TXN_004050,USR_0004,2026-02-17 08:15:41,52.35,Paris,6.67,DEV_004,POS,Transfer,0
TXN_004051,USR_0067,2026-02-18 02:07:10,61.65,Mumbai,5.28,DEV_067,Online,Electronics,0
TXN_004052,USR_0060,2026-03-20 11:07:01,48.34,Paris,5.83,DEV_060,POS,Luxury,0
TXN_004053,USR_0080,2026-02-26 10:17:55,57.63,New York,2.29,DEV_080,POS,Grocery,0
TXN_004054,USR_0078,2026-02-14 16:26:47,128.83,Sydney,7.2,DEV_078,Online,Grocery,0
TXN_004055,USR_0064,2026-03-27 11:06:39,67.11,New York,0.49,DEV_003,Wire Transfer,Electronics,0
TXN_004056,USR_0073,2026-01-28 10:11:03,1635.2,Mumbai,359.65,DEV_126,ATM,Transfer,1
TXN_004057,USR_0087,2026-02-05 02:34:05,539.15,London,1648.61,DEV_010,Wire Transfer,Gaming,1
TXN_004058,USR_0063,2026-02-08 11:35:00,120.3,Toronto,3.51,DEV_128,POS,Luxury,0
TXN_004059,USR_0046,2026-01-21 05:08:20,34.18,Sydney,3.66,DEV_046,POS,Gaming,0
TXN_004060,USR_0086,2026-03-10 08:21:19,157.26,Sydney,2.65,DEV_086,ATM,Electronics,0
TXN_004061,USR_0078,2026-02-10 14:30:27,77.72,Sydney,1.49,DEV_078,Online,Luxury,0
TXN_004062,USR_0041,2026-02-27 01:43:49,163.75,London,2.73,DEV_041,Online,Travel,0
TXN_004063,USR_0023,2026-01-18 09:58:03,51.79,Toronto,9.82,DEV_144,POS,Grocery,0
TXN_004064,USR_0041,2026-01-12 14:16:05,119.31,London,7.99,DEV_041,POS,Luxury,0
TXN_004065,USR_0009,2026-02-07 10:11:39,41.07,London,2.65,DEV_009,POS,Luxury,0
TXN_004066,USR_0016,2026-01-25 08:00:12,171.17,New York,12.68,DEV_016,POS,Grocery,0
TXN_004067,USR_0022,2026-01-29 23:16:56,113.28,London,2.46,DEV_022,Online,Luxury,0
TXN_004068,USR_0009,2026-03-06 17:24:42,43.95,London,3.18,DEV_119,POS,Gaming,0
TXN_004069,USR_0006,2026-03-24 18:55:56,45.01,Sydney,0.17,DEV_006,POS,Travel,0
TXN_004070,USR_0009,2026-01-15 18:02:27,89.74,London,8.52,DEV_009,Online,Transfer,0
TXN_004071,USR_0069,2026-02-13 03:31:55,3331.44,Paris,4521.45,DEV_044,ATM,Electronics,1
TXN_004072,USR_0091,2026-03-30 03:42:30,37.14,Mumbai,5.94,DEV_091,POS,Gaming,0
TXN_004073,USR_0079,2026-02-23 19:53:57,67.18,Toronto,0.03,DEV_079,Online,Transfer,0
TXN_004074,USR_0009,2026-01-13 13:04:52,240.37,London,2.65,DEV_009,POS,Gaming,0
TXN_004075,USR_0082,2026-01-29 03:29:57,16.49,Tokyo,1.18,DEV_082,Online,Grocery,0
TXN_004076,USR_0093,2026-03-29 04:39:39,72.28,Berlin,2.38,DEV_093,POS,Travel,0
TXN_004077,USR_0099,2026-03-06 01:32:39,32.75,Mumbai,6.38,DEV_099,POS,Travel,0
TXN_004078,USR_0094,2026-02-05 20:22:16,50.43,Sydney,12.73,DEV_094,Online,Utilities,0
TXN_004079,USR_0036,2026-01-08 05:54:12,44.02,Paris,2.48,DEV_017,Online,Gaming,0
TXN_004080,USR_0045,2026-01-27 08:37:43,152.76,Berlin,1.11,DEV_045,ATM,Gaming,0
TXN_004081,USR_0089,2026-02-06 07:26:36,49.95,London,10.09,DEV_089,Online,Transfer,0
TXN_004082,USR_0030,2026-03-18 16:30:39,179.94,Sydney,1.2,DEV_030,Online,Electronics,0
TXN_004083,USR_0057,2026-01-23 05:33:04,37.3,London,5.18,DEV_057,POS,Travel,0
TXN_004084,USR_0090,2026-01-21 07:57:55,230.59,Tokyo,1.77,DEV_090,ATM,Utilities,0
TXN_004085,USR_0005,2026-03-09 12:01:40,13.5,Berlin,15.97,DEV_005,ATM,Gaming,0
TXN_004086,USR_0045,2026-03-04 06:36:26,95.33,Berlin,9.24,DEV_045,POS,Travel,0
TXN_004087,USR_0002,2026-01-22 08:39:54,75.68,Tokyo,5.83,DEV_063,ATM,Grocery,0
TXN_004088,USR_0028,2026-01-20 23:40:30,125.53,Paris,4.74,DEV_028,POS,Grocery,0
TXN_004089,USR_0032,2026-02-21 04:04:36,95.82,New York,3.33,DEV_032,Online,Grocery,0
TXN_004090,USR_0075,2026-02-16 04:08:05,14.72,Berlin,3.93,DEV_075,Online,Luxury,0
TXN_004091,USR_0017,2026-01-28 23:16:17,57.43,London,8.17,DEV_017,POS,Electronics,0
TXN_004092,USR_0033,2026-01-03 09:35:17,26.43,Tokyo,1.65,DEV_033,Online,Gaming,0
TXN_004093,USR_0083,2026-01-29 20:41:32,41.62,Mumbai,6.23,DEV_083,ATM,Electronics,0
TXN_004094,USR_0080,2026-03-19 09:39:19,29.26,Tokyo,0.77,DEV_080,POS,Gaming,0
TXN_004095,USR_0012,2026-03-25 02:10:34,39.75,Paris,4.87,DEV_148,POS,Grocery,0
TXN_004096,USR_0094,2026-02-01 01:53:55,22.44,Sydney,7.21,DEV_094,ATM,Gaming,0
TXN_004097,USR_0077,2026-01-25 17:58:26,21.8,Berlin,0.48,DEV_077,ATM,Travel,0
TXN_004098,USR_0015,2026-03-30 23:36:50,13.14,Toronto,3.63,DEV_015,POS,Transfer,0
TXN_004099,USR_0099,2026-01-30 00:24:05,142.75,Mumbai,14.43,DEV_020,ATM,Luxury,0
TXN_004100,USR_0079,2026-03-26 05:15:49,148.56,Toronto,5.26,DEV_079,Online,Gaming,0
TXN_004101,USR_0047,2026-01-20 03:49:57,31.92,Toronto,1.37,DEV_047,Online,Gaming,0
TXN_004102,USR_0047,2026-01-17 17:59:08,168.84,Toronto,0.92,DEV_047,ATM,Luxury,0
TXN_004103,USR_0081,2026-03-03 04:21:30,49.36,London,8.63,DEV_081,Online,Electronics,0
TXN_004104,USR_0060,2026-02-27 03:26:29,81.98,Paris,1.46,DEV_060,ATM,Travel,0
TXN_004105,USR_0040,2026-03-23 03:02:40,69.7,New York,5.87,DEV_040,Wire Transfer,Transfer,0
TXN_004106,USR_0002,2026-02-08 12:28:34,236.8,Tokyo,0.4,DEV_002,POS,Utilities,0
TXN_004107,USR_0038,2026-01-25 04:10:32,37.91,Sydney,24.32,DEV_038,ATM,Grocery,0
TXN_004108,USR_0085,2026-02-14 00:14:30,126.33,Berlin,1.31,DEV_085,Online,Electronics,0
TXN_004109,USR_0024,2026-02-13 04:23:08,243.69,New York,15.4,DEV_024,Online,Transfer,0
TXN_004110,USR_0015,2026-02-04 06:53:59,121.02,Toronto,0.92,DEV_015,POS,Luxury,0
TXN_004111,USR_0092,2026-02-09 00:08:37,48.35,Paris,0.92,DEV_092,Online,Travel,0
TXN_004112,USR_0027,2026-03-23 09:58:59,103.37,Mumbai,0.23,DEV_027,POS,Luxury,0
TXN_004113,USR_0020,2026-03-31 02:33:25,12.14,Paris,2.89,DEV_020,Online,Utilities,0
TXN_004114,USR_0100,2026-03-10 08:45:39,37.31,Paris,0.9,DEV_100,POS,Utilities,0
TXN_004115,USR_0041,2026-02-25 17:49:17,11.52,London,5.59,DEV_041,Online,Travel,0
TXN_004116,USR_0070,2026-01-20 11:36:44,58.95,Toronto,2.18,DEV_070,POS,Luxury,0
TXN_004117,USR_0095,2026-01-13 02:23:21,56.29,Toronto,2.21,DEV_126,Online,Transfer,0
TXN_004118,USR_0100,2026-02-19 04:47:45,50.03,Tokyo,7.21,DEV_100,POS,Luxury,0
TXN_004119,USR_0041,2026-02-12 22:16:22,26.05,London,1.7,DEV_041,POS,Utilities,0
TXN_004120,USR_0042,2026-03-12 20:54:15,139.05,Tokyo,4.45,DEV_125,POS,Gaming,0
TXN_004121,USR_0091,2026-01-29 23:28:16,33.68,Toronto,12.06,DEV_002,POS,Luxury,0
TXN_004122,USR_0062,2026-03-19 11:50:36,25.14,Sydney,1.02,DEV_062,POS,Electronics,0
TXN_004123,USR_0092,2026-01-04 23:30:22,136.37,Paris,0.07,DEV_092,Online,Luxury,0
TXN_004124,USR_0100,2026-02-13 19:25:07,45.71,Paris,0.51,DEV_100,Wire Transfer,Gaming,0
TXN_004125,USR_0075,2026-02-15 19:36:19,25.09,Mumbai,0.09,DEV_075,POS,Transfer,0
TXN_004126,USR_0010,2026-03-02 15:42:07,20.1,Tokyo,3.57,DEV_010,ATM,Grocery,0
TXN_004127,USR_0021,2026-01-08 10:54:19,106.09,Berlin,2.37,DEV_021,Online,Transfer,0
TXN_004128,USR_0034,2026-02-01 19:44:58,10.96,Tokyo,3.26,DEV_034,POS,Luxury,0
TXN_004129,USR_0047,2026-02-13 21:04:25,152.82,Toronto,17.19,DEV_130,Online,Utilities,0
TXN_004130,USR_0095,2026-03-12 19:59:38,22.26,Toronto,9.98,DEV_095,Online,Luxury,0
TXN_004131,USR_0004,2026-01-27 21:00:26,59.99,Paris,0.22,DEV_004,Online,Gaming,0
TXN_004132,USR_0055,2026-03-26 10:17:55,167.37,Toronto,1.7,DEV_055,ATM,Gaming,0
TXN_004133,USR_0069,2026-01-15 15:15:39,189.46,Berlin,2.91,DEV_069,POS,Utilities,0
TXN_004134,USR_0096,2026-01-18 13:30:32,1416.19,Berlin,2683.59,DEV_026,ATM,Luxury,1
TXN_004135,USR_0035,2026-01-25 01:43:52,146.66,Mumbai,0.42,DEV_035,POS,Gaming,0
TXN_004136,USR_0022,2026-01-26 12:50:34,28.28,Sydney,3.05,DEV_022,POS,Electronics,0
TXN_004137,USR_0051,2026-03-11 15:44:54,38.47,Mumbai,4.48,DEV_037,POS,Travel,0
TXN_004138,USR_0013,2026-02-01 18:08:28,31.07,Berlin,2.4,DEV_013,Online,Utilities,0
TXN_004139,USR_0087,2026-02-24 14:32:46,124.11,Toronto,0.8,DEV_087,POS,Travel,0
TXN_004140,USR_0054,2026-01-03 12:54:46,26.0,Sydney,7.11,DEV_013,Online,Electronics,0
TXN_004141,USR_0093,2026-03-19 16:54:43,379.61,Berlin,7.59,DEV_093,Online,Utilities,0
TXN_004142,USR_0029,2026-01-19 17:30:48,54.77,Berlin,2.75,DEV_138,Online,Electronics,0
TXN_004143,USR_0065,2026-03-31 04:02:29,79.38,London,4.03,DEV_061,Online,Transfer,0
TXN_004144,USR_0005,2026-01-31 20:08:02,285.42,Berlin,2.53,DEV_005,Online,Utilities,0
TXN_004145,USR_0071,2026-01-01 12:34:08,76.27,Toronto,2.82,DEV_071,POS,Travel,0
TXN_004146,USR_0043,2026-01-12 05:30:08,27.19,Mumbai,1.91,DEV_043,Wire Transfer,Travel,0
TXN_004147,USR_0086,2026-03-07 07:30:18,36.11,Sydney,0.23,DEV_086,Online,Utilities,0
TXN_004148,USR_0022,2026-03-07 20:20:55,28.24,Sydney,14.37,DEV_022,Online,Electronics,0
TXN_004149,USR_0041,2026-01-22 18:59:14,13.34,London,3.5,DEV_041,POS,Grocery,0
TXN_004150,USR_0064,2026-02-03 14:15:03,126.6,New York,5.48,DEV_064,POS,Grocery,0
TXN_004151,USR_0029,2026-03-11 16:44:46,111.08,Berlin,5.89,DEV_066,Online,Grocery,0
TXN_004152,USR_0029,2026-02-11 20:41:04,62.35,Berlin,2.97,DEV_029,POS,Transfer,0
TXN_004153,USR_0040,2026-03-19 13:52:22,18.9,New York,2.45,DEV_040,ATM,Transfer,0
TXN_004154,USR_0025,2026-01-07 17:48:43,18.29,London,12.83,DEV_025,POS,Luxury,0
TXN_004155,USR_0047,2026-02-05 02:32:57,41.21,Toronto,3.14,DEV_047,Online,Luxury,0
TXN_004156,USR_0040,2026-02-12 14:07:00,46.45,New York,4.37,DEV_040,Online,Utilities,0
TXN_004157,USR_0016,2026-03-26 02:22:33,21.03,New York,17.36,DEV_011,ATM,Utilities,0
TXN_004158,USR_0041,2026-03-09 03:52:32,65.35,London,4.74,DEV_041,POS,Gaming,0
TXN_004159,USR_0010,2026-03-31 20:22:40,142.41,Tokyo,7.03,DEV_010,ATM,Travel,0
TXN_004160,USR_0031,2026-02-08 12:20:40,17.06,Toronto,0.33,DEV_031,ATM,Travel,0
TXN_004161,USR_0064,2026-02-06 04:00:26,61.41,New York,13.97,DEV_002,Online,Utilities,0
TXN_004162,USR_0059,2026-01-21 08:23:36,37.4,Mumbai,2.41,DEV_059,Online,Gaming,0
TXN_004163,USR_0072,2026-02-18 23:49:13,45.46,New York,2.45,DEV_072,Online,Luxury,0
TXN_004164,USR_0039,2026-01-22 14:10:16,21.55,Toronto,5.5,DEV_039,Online,Gaming,0
TXN_004165,USR_0006,2026-01-07 09:17:46,35.86,Sydney,9.38,DEV_006,Online,Luxury,0
TXN_004166,USR_0077,2026-03-25 20:48:34,18.26,Berlin,4.26,DEV_077,Online,Grocery,0
TXN_004167,USR_0049,2026-01-16 21:43:18,46.88,London,0.03,DEV_049,POS,Luxury,0
TXN_004168,USR_0091,2026-02-08 15:31:00,52.42,Mumbai,1.2,DEV_091,POS,Utilities,0
TXN_004169,USR_0062,2026-01-17 19:20:02,56.21,Sydney,6.1,DEV_075,Online,Transfer,0
TXN_004170,USR_0043,2026-03-18 14:53:11,121.45,Mumbai,5.75,DEV_043,Online,Utilities,0
TXN_004171,USR_0072,2026-01-24 20:48:31,29.17,New York,6.39,DEV_023,ATM,Grocery,0
TXN_004172,USR_0097,2026-03-25 20:34:03,56.98,London,8.86,DEV_097,POS,Transfer,0
TXN_004173,USR_0098,2026-03-14 01:09:13,11.79,Tokyo,6.61,DEV_098,POS,Electronics,0
TXN_004174,USR_0037,2026-02-01 10:29:29,84.37,Berlin,2.9,DEV_037,Online,Grocery,0
TXN_004175,USR_0041,2026-02-25 07:56:08,111.8,London,20.41,DEV_041,ATM,Luxury,0
TXN_004176,USR_0032,2026-03-12 07:55:16,186.87,New York,11.94,DEV_032,POS,Utilities,0
TXN_004177,USR_0023,2026-02-13 15:28:31,32.04,New York,2.05,DEV_023,POS,Gaming,0
TXN_004178,USR_0059,2026-01-05 06:56:53,34.78,Mumbai,5.14,DEV_059,POS,Travel,0
TXN_004179,USR_0018,2026-03-07 01:32:25,4632.18,Mumbai,2442.99,DEV_133,Wire Transfer,Luxury,1
TXN_004180,USR_0010,2026-03-14 19:47:07,945.23,London,1366.89,DEV_062,Online,Electronics,1
TXN_004181,USR_0091,2026-01-03 10:59:08,67.08,Mumbai,11.85,DEV_091,ATM,Gaming,0
TXN_004182,USR_0014,2026-03-10 10:57:37,171.03,Sydney,3.01,DEV_014,POS,Utilities,0
TXN_004183,USR_0044,2026-03-16 20:14:09,78.93,Paris,15.24,DEV_044,POS,Gaming,0
TXN_004184,USR_0097,2026-01-12 21:37:55,50.31,London,2.04,DEV_113,POS,Travel,0
TXN_004185,USR_0041,2026-01-21 07:26:21,94.67,London,1.79,DEV_041,Online,Luxury,0
TXN_004186,USR_0072,2026-03-05 23:25:21,71.29,New York,0.78,DEV_072,Online,Travel,0
TXN_004187,USR_0015,2026-03-22 11:22:56,872.38,Berlin,367.7,DEV_111,ATM,Gaming,1
TXN_004188,USR_0080,2026-03-28 02:57:31,54.5,New York,5.53,DEV_080,POS,Transfer,0
TXN_004189,USR_0050,2026-03-19 14:03:52,29.66,Tokyo,4.94,DEV_050,POS,Transfer,0
TXN_004190,USR_0055,2026-02-01 00:31:42,11.62,Toronto,0.55,DEV_055,Wire Transfer,Transfer,0
TXN_004191,USR_0036,2026-03-28 04:39:40,89.7,Mumbai,14.17,DEV_036,POS,Travel,0
TXN_004192,USR_0024,2026-02-28 15:26:23,29.89,New York,0.64,DEV_024,Wire Transfer,Gaming,0
TXN_004193,USR_0048,2026-02-18 06:12:38,13.4,New York,11.02,DEV_048,Online,Transfer,0
TXN_004194,USR_0074,2026-01-07 07:02:01,63.08,Mumbai,3.8,DEV_074,POS,Gaming,0
TXN_004195,USR_0057,2026-01-25 17:57:45,145.64,London,2.49,DEV_057,Online,Electronics,0
TXN_004196,USR_0057,2026-01-20 01:00:45,72.49,London,2.05,DEV_057,Online,Gaming,0
TXN_004197,USR_0089,2026-02-28 09:31:48,143.65,London,8.09,DEV_089,Online,Travel,0
TXN_004198,USR_0063,2026-01-15 07:46:35,43.79,Toronto,5.31,DEV_063,POS,Gaming,0
TXN_004199,USR_0049,2026-01-26 21:21:42,38.98,Mumbai,9.11,DEV_049,Online,Transfer,0
TXN_004200,USR_0058,2026-03-11 14:03:28,25.21,Tokyo,4.03,DEV_058,Online,Electronics,0
TXN_004201,USR_0006,2026-03-05 07:54:16,54.43,Sydney,8.37,DEV_006,POS,Grocery,0
TXN_004202,USR_0073,2026-03-26 10:45:25,190.5,Paris,8.09,DEV_073,Online,Utilities,0
TXN_004203,USR_0030,2026-02-09 18:59:22,24.35,Toronto,6.51,DEV_030,Online,Electronics,0
TXN_004204,USR_0007,2026-02-22 17:28:30,52.64,Toronto,1.67,DEV_007,POS,Luxury,0
TXN_004205,USR_0026,2026-01-25 04:11:39,93.91,Tokyo,7.36,DEV_026,POS,Grocery,0
TXN_004206,USR_0100,2026-02-23 16:44:19,1484.13,London,4774.18,DEV_143,Online,Luxury,1
TXN_004207,USR_0005,2026-01-15 18:33:46,10.42,Berlin,0.91,DEV_005,POS,Transfer,0
TXN_004208,USR_0030,2026-01-19 12:01:48,22.78,Sydney,2.28,DEV_030,ATM,Grocery,0
TXN_004209,USR_0023,2026-02-22 19:31:14,82.38,Toronto,1.2,DEV_023,Online,Luxury,0
TXN_004210,USR_0003,2026-03-06 23:02:37,99.82,Mumbai,2.88,DEV_065,ATM,Utilities,0
TXN_004211,USR_0045,2026-01-07 15:50:37,37.84,Berlin,2.15,DEV_045,POS,Grocery,0
TXN_004212,USR_0079,2026-03-27 20:33:46,32.02,Toronto,2.32,DEV_079,Online,Grocery,0
TXN_004213,USR_0059,2026-03-14 13:49:21,29.28,Mumbai,1.48,DEV_059,ATM,Grocery,0
TXN_004214,USR_0068,2026-03-16 15:23:19,12.47,Paris,1.22,DEV_068,ATM,Grocery,0
TXN_004215,USR_0029,2026-02-16 11:55:30,49.51,Berlin,9.99,DEV_132,Online,Grocery,0
TXN_004216,USR_0047,2026-01-28 19:27:03,92.1,Toronto,0.99,DEV_047,POS,Gaming,0
TXN_004217,USR_0093,2026-03-02 04:43:17,147.09,Berlin,0.15,DEV_093,Online,Electronics,0
TXN_004218,USR_0076,2026-02-25 17:15:46,81.7,Paris,12.6,DEV_076,POS,Grocery,0
TXN_004219,USR_0072,2026-01-01 13:00:25,36.41,Paris,0.87,DEV_072,POS,Transfer,0
TXN_004220,USR_0096,2026-01-26 15:44:23,75.69,New York,2.07,DEV_055,POS,Luxury,0
TXN_004221,USR_0013,2026-01-14 04:27:48,489.17,New York,1669.07,DEV_011,Wire Transfer,Luxury,1
TXN_004222,USR_0036,2026-03-04 04:44:55,14.82,Paris,0.56,DEV_036,Online,Utilities,0
TXN_004223,USR_0031,2026-01-13 11:46:33,85.66,Berlin,7.8,DEV_010,Online,Travel,0
TXN_004224,USR_0082,2026-01-22 02:55:57,26.92,London,4.32,DEV_082,POS,Luxury,0
TXN_004225,USR_0078,2026-02-02 09:05:52,43.92,Sydney,4.43,DEV_078,POS,Utilities,0
TXN_004226,USR_0083,2026-02-09 14:18:06,70.08,Berlin,4.51,DEV_083,Online,Travel,0
TXN_004227,USR_0021,2026-02-22 00:50:09,146.57,Berlin,4.57,DEV_021,POS,Gaming,0
TXN_004228,USR_0088,2026-01-12 03:27:16,29.41,New York,17.18,DEV_088,ATM,Transfer,0
TXN_004229,USR_0066,2026-03-17 23:41:22,82.0,Tokyo,0.64,DEV_066,Online,Travel,0
TXN_004230,USR_0012,2026-02-01 03:17:52,77.16,Paris,6.4,DEV_012,Online,Travel,0
TXN_004231,USR_0055,2026-01-20 18:23:36,31.28,Toronto,0.12,DEV_055,Online,Grocery,0
TXN_004232,USR_0010,2026-03-23 05:20:39,60.02,Tokyo,2.16,DEV_010,Online,Gaming,0
TXN_004233,USR_0024,2026-02-26 13:06:33,26.24,Mumbai,0.25,DEV_024,ATM,Travel,0
TXN_004234,USR_0074,2026-01-16 02:23:01,22.96,Tokyo,13.5,DEV_074,ATM,Gaming,0
TXN_004235,USR_0037,2026-03-05 00:36:36,18.36,Berlin,5.68,DEV_037,Online,Gaming,0
TXN_004236,USR_0093,2026-01-16 09:28:51,40.53,Berlin,24.69,DEV_093,POS,Electronics,0
TXN_004237,USR_0085,2026-01-10 19:44:43,64.01,Berlin,7.94,DEV_085,POS,Electronics,0
TXN_004238,USR_0040,2026-02-23 02:37:36,56.71,New York,2.08,DEV_040,Online,Utilities,0
TXN_004239,USR_0021,2026-02-14 01:24:59,28.34,Berlin,4.25,DEV_021,POS,Gaming,0
TXN_004240,USR_0007,2026-01-16 22:47:30,63.59,Toronto,0.11,DEV_018,Wire Transfer,Transfer,0
TXN_004241,USR_0002,2026-01-15 00:21:20,19.61,Tokyo,0.39,DEV_002,POS,Transfer,0
TXN_004242,USR_0043,2026-01-13 15:40:41,667.12,Tokyo,1727.23,DEV_130,Wire Transfer,Luxury,1
TXN_004243,USR_0031,2026-02-26 09:58:24,4126.7,Sydney,867.18,DEV_104,ATM,Electronics,1
TXN_004244,USR_0065,2026-03-27 07:13:44,47.79,London,0.11,DEV_065,POS,Electronics,0
TXN_004245,USR_0067,2026-01-29 17:10:23,87.25,Mumbai,3.68,DEV_067,Online,Gaming,0
TXN_004246,USR_0072,2026-03-08 17:35:33,100.05,New York,24.16,DEV_072,Wire Transfer,Electronics,0
TXN_004247,USR_0100,2026-02-19 03:24:33,82.87,Paris,4.27,DEV_100,POS,Transfer,0
TXN_004248,USR_0081,2026-03-19 21:18:00,42.12,London,7.83,DEV_081,ATM,Luxury,0
TXN_004249,USR_0043,2026-02-01 08:11:07,139.92,Mumbai,7.74,DEV_043,POS,Grocery,0
TXN_004250,USR_0042,2026-03-31 23:21:22,69.8,Tokyo,3.98,DEV_042,Online,Grocery,0
TXN_004251,USR_0024,2026-03-29 06:51:12,54.21,New York,1.98,DEV_024,Wire Transfer,Grocery,0
TXN_004252,USR_0074,2026-01-05 18:52:56,38.74,Tokyo,4.05,DEV_098,ATM,Grocery,0
TXN_004253,USR_0046,2026-01-28 21:21:52,132.83,Sydney,0.05,DEV_091,Online,Luxury,0
TXN_004254,USR_0008,2026-03-03 11:20:28,34.16,New York,1.52,DEV_008,ATM,Luxury,0
TXN_004255,USR_0004,2026-01-14 21:51:36,32.76,Paris,15.29,DEV_004,Online,Grocery,0
TXN_004256,USR_0031,2026-01-12 20:23:51,360.76,Toronto,0.81,DEV_031,Wire Transfer,Transfer,0
TXN_004257,USR_0027,2026-02-12 04:48:57,152.59,Mumbai,8.23,DEV_027,POS,Electronics,0
TXN_004258,USR_0071,2026-02-23 03:44:27,39.15,Toronto,2.97,DEV_071,POS,Travel,0
TXN_004259,USR_0008,2026-02-04 16:47:02,59.46,New York,1.23,DEV_008,Online,Utilities,0
TXN_004260,USR_0049,2026-02-10 02:12:50,142.38,London,21.6,DEV_049,Online,Transfer,0
TXN_004261,USR_0023,2026-03-09 23:45:49,636.55,Mumbai,4154.61,DEV_061,Online,Gaming,1
TXN_004262,USR_0026,2026-03-11 02:43:51,108.19,Tokyo,5.64,DEV_026,Online,Utilities,0
TXN_004263,USR_0080,2026-02-20 20:00:37,65.37,New York,7.17,DEV_080,POS,Travel,0
TXN_004264,USR_0031,2026-02-05 10:23:43,86.42,Toronto,6.18,DEV_031,Online,Utilities,0
TXN_004265,USR_0030,2026-03-20 00:28:38,34.69,Sydney,2.79,DEV_030,Online,Electronics,0
TXN_004266,USR_0022,2026-03-24 20:12:42,185.42,Sydney,0.67,DEV_022,Online,Gaming,0
TXN_004267,USR_0081,2026-01-03 23:19:48,56.95,London,0.13,DEV_081,Online,Travel,0
TXN_004268,USR_0029,2026-02-01 10:52:01,59.03,Berlin,23.22,DEV_029,POS,Transfer,0
TXN_004269,USR_0058,2026-02-27 04:25:44,12.42,Tokyo,5.99,DEV_058,POS,Luxury,0
TXN_004270,USR_0058,2026-01-05 18:30:09,52.11,Tokyo,1.72,DEV_058,POS,Transfer,0
TXN_004271,USR_0023,2026-01-31 22:56:46,186.6,Toronto,10.4,DEV_023,Online,Gaming,0
TXN_004272,USR_0014,2026-01-21 00:47:20,26.73,Sydney,0.69,DEV_014,POS,Travel,0
TXN_004273,USR_0037,2026-02-13 10:01:41,165.83,Berlin,7.35,DEV_037,ATM,Gaming,0
TXN_004274,USR_0099,2026-01-06 18:26:10,66.62,Mumbai,11.31,DEV_099,Online,Travel,0
TXN_004275,USR_0098,2026-01-07 11:30:11,50.15,Tokyo,5.7,DEV_098,Online,Grocery,0
TXN_004276,USR_0094,2026-01-03 21:25:12,59.99,Sydney,8.37,DEV_065,Online,Electronics,0
TXN_004277,USR_0100,2026-02-26 14:20:56,37.74,Paris,0.73,DEV_100,Online,Travel,0
TXN_004278,USR_0036,2026-03-08 09:01:18,42.93,Paris,4.16,DEV_097,POS,Luxury,0
TXN_004279,USR_0039,2026-02-13 14:09:04,30.15,Paris,0.94,DEV_039,ATM,Travel,0
TXN_004280,USR_0075,2026-03-22 07:57:13,19.88,Mumbai,2.42,DEV_075,Online,Transfer,0
TXN_004281,USR_0061,2026-01-31 00:20:17,20.12,New York,3.4,DEV_061,Online,Grocery,0
TXN_004282,USR_0085,2026-01-01 06:17:22,24.2,Berlin,2.24,DEV_085,Online,Transfer,0
TXN_004283,USR_0091,2026-01-16 10:35:27,82.71,Sydney,5.59,DEV_091,ATM,Luxury,0
TXN_004284,USR_0027,2026-03-20 08:49:37,19.41,Mumbai,3.5,DEV_027,POS,Transfer,0
TXN_004285,USR_0006,2026-03-21 00:04:29,77.29,Sydney,5.6,DEV_036,POS,Luxury,0
TXN_004286,USR_0093,2026-03-08 00:34:40,18.67,Berlin,1.06,DEV_093,Online,Travel,0
TXN_004287,USR_0072,2026-03-06 13:13:12,65.89,New York,9.97,DEV_067,Online,Travel,0
TXN_004288,USR_0072,2026-01-27 12:44:53,86.61,New York,4.52,DEV_072,POS,Travel,0
TXN_004289,USR_0043,2026-01-01 07:16:35,29.7,Mumbai,0.57,DEV_043,Online,Transfer,0
TXN_004290,USR_0045,2026-03-23 10:53:31,109.54,Berlin,1.87,DEV_068,ATM,Transfer,0
TXN_004291,USR_0082,2026-01-02 11:21:17,29.79,Tokyo,4.3,DEV_082,POS,Electronics,0
TXN_004292,USR_0028,2026-01-28 04:16:16,136.78,Paris,8.96,DEV_028,Wire Transfer,Utilities,0
TXN_004293,USR_0100,2026-03-09 03:54:19,21.31,Paris,2.02,DEV_100,Online,Electronics,0
TXN_004294,USR_0041,2026-01-10 00:09:21,81.39,London,1.78,DEV_041,POS,Utilities,0
TXN_004295,USR_0002,2026-01-15 17:17:49,41.87,Tokyo,5.22,DEV_002,POS,Luxury,0
TXN_004296,USR_0059,2026-02-21 08:51:59,61.54,Mumbai,5.54,DEV_059,Online,Luxury,0
TXN_004297,USR_0027,2026-01-08 19:58:46,114.7,Mumbai,12.89,DEV_027,POS,Transfer,0
TXN_004298,USR_0076,2026-02-08 06:43:15,85.52,Paris,12.83,DEV_076,POS,Transfer,0
TXN_004299,USR_0046,2026-01-04 07:43:13,64.14,Sydney,1.95,DEV_117,ATM,Grocery,0
TXN_004300,USR_0003,2026-03-14 18:27:40,22.12,Mumbai,8.16,DEV_022,Online,Transfer,0
TXN_004301,USR_0044,2026-03-26 13:32:34,73.65,Paris,2.44,DEV_044,Online,Transfer,0
TXN_004302,USR_0005,2026-01-03 08:51:36,61.07,Berlin,1.0,DEV_005,POS,Electronics,0
TXN_004303,USR_0096,2026-01-28 05:56:23,14.03,New York,0.96,DEV_096,POS,Transfer,0
TXN_004304,USR_0006,2026-03-12 01:21:19,13.12,Sydney,9.51,DEV_026,Online,Transfer,0
TXN_004305,USR_0006,2026-03-23 22:03:22,33.52,Sydney,2.25,DEV_006,POS,Transfer,0
TXN_004306,USR_0017,2026-01-15 02:55:36,46.06,London,3.5,DEV_017,Online,Luxury,0
TXN_004307,USR_0077,2026-02-08 17:40:40,27.14,Mumbai,27.34,DEV_077,POS,Electronics,0
TXN_004308,USR_0084,2026-01-11 20:44:31,119.4,Paris,1.33,DEV_084,Online,Utilities,0
TXN_004309,USR_0058,2026-02-09 21:47:12,2501.9,Sydney,2631.06,DEV_144,ATM,Electronics,1
TXN_004310,USR_0080,2026-03-29 10:50:14,130.34,New York,0.97,DEV_080,POS,Utilities,0
TXN_004311,USR_0014,2026-01-30 04:31:17,2376.9,London,1008.41,DEV_069,ATM,Gaming,1
TXN_004312,USR_0053,2026-03-22 15:38:41,801.77,Sydney,2022.0,DEV_025,ATM,Luxury,1
TXN_004313,USR_0076,2026-03-18 13:02:14,115.46,Paris,2.34,DEV_076,Wire Transfer,Utilities,0
TXN_004314,USR_0087,2026-02-11 04:39:48,10.2,Toronto,6.21,DEV_087,POS,Travel,0
TXN_004315,USR_0092,2026-01-16 02:15:38,40.09,Paris,6.23,DEV_092,ATM,Grocery,0
TXN_004316,USR_0038,2026-03-20 02:38:48,17.54,Sydney,3.48,DEV_038,POS,Gaming,0
TXN_004317,USR_0090,2026-03-17 12:08:12,2077.22,London,1933.77,DEV_033,Wire Transfer,Electronics,1
TXN_004318,USR_0027,2026-02-14 08:41:18,21.05,Mumbai,3.43,DEV_027,POS,Electronics,0
TXN_004319,USR_0098,2026-02-24 07:24:01,112.23,Tokyo,0.4,DEV_098,Online,Utilities,0
TXN_004320,USR_0076,2026-02-24 15:58:01,55.34,Paris,9.71,DEV_076,POS,Utilities,0
TXN_004321,USR_0010,2026-02-22 02:17:20,68.49,Tokyo,7.8,DEV_142,POS,Luxury,0
TXN_004322,USR_0063,2026-01-03 18:10:01,27.31,Toronto,2.13,DEV_063,Wire Transfer,Travel,0
TXN_004323,USR_0056,2026-01-11 12:50:19,24.99,New York,11.37,DEV_056,Online,Travel,0
TXN_004324,USR_0050,2026-02-18 23:13:23,103.14,Tokyo,3.74,DEV_050,ATM,Electronics,0
TXN_004325,USR_0010,2026-01-05 05:36:49,44.97,Tokyo,2.1,DEV_010,Online,Luxury,0
TXN_004326,USR_0001,2026-01-21 16:51:09,45.4,London,4.89,DEV_009,POS,Gaming,0
TXN_004327,USR_0004,2026-03-01 08:58:54,35.64,Paris,3.37,DEV_004,Online,Gaming,0
TXN_004328,USR_0031,2026-01-04 00:00:45,68.08,Toronto,4.25,DEV_031,Online,Electronics,0
TXN_004329,USR_0031,2026-02-14 02:35:26,50.2,Tokyo,4.9,DEV_031,Online,Grocery,0
TXN_004330,USR_0037,2026-01-03 16:41:42,83.4,Berlin,1.83,DEV_037,ATM,Grocery,0
TXN_004331,USR_0051,2026-01-04 09:19:11,108.32,Mumbai,2.47,DEV_051,POS,Luxury,0
TXN_004332,USR_0095,2026-03-21 22:20:36,31.37,Toronto,0.71,DEV_095,ATM,Electronics,0
TXN_004333,USR_0077,2026-03-10 00:12:36,13.16,Berlin,6.53,DEV_077,POS,Electronics,0
TXN_004334,USR_0099,2026-03-04 04:51:00,30.81,Mumbai,0.14,DEV_092,Online,Utilities,0
TXN_004335,USR_0083,2026-03-27 19:26:50,14.99,Mumbai,8.1,DEV_083,POS,Transfer,0
TXN_004336,USR_0093,2026-01-01 18:17:38,151.65,Berlin,0.76,DEV_140,Online,Electronics,0
TXN_004337,USR_0002,2026-02-03 07:46:56,12.83,Tokyo,13.07,DEV_002,ATM,Gaming,0
TXN_004338,USR_0082,2026-01-14 23:00:07,22.37,Tokyo,2.5,DEV_082,Wire Transfer,Travel,0
TXN_004339,USR_0051,2026-02-21 12:53:47,128.92,Mumbai,12.28,DEV_051,Online,Transfer,0
TXN_004340,USR_0012,2026-03-12 20:15:34,138.31,Paris,10.0,DEV_012,Online,Luxury,0
TXN_004341,USR_0094,2026-01-04 17:59:36,48.66,Sydney,0.31,DEV_094,Online,Transfer,0
TXN_004342,USR_0100,2026-03-17 10:14:45,1112.1,Sydney,4933.58,DEV_053,Online,Electronics,1
TXN_004343,USR_0071,2026-03-04 22:07:12,25.03,Toronto,5.22,DEV_071,Online,Electronics,0
TXN_004344,USR_0033,2026-03-15 13:22:39,158.51,New York,8.95,DEV_033,POS,Luxury,0
TXN_004345,USR_0023,2026-01-31 11:20:31,39.59,Toronto,2.27,DEV_023,Online,Utilities,0
TXN_004346,USR_0043,2026-03-18 22:56:16,69.95,Paris,0.09,DEV_043,Online,Electronics,0
TXN_004347,USR_0086,2026-03-24 23:40:30,45.83,Sydney,0.45,DEV_059,Online,Electronics,0
TXN_004348,USR_0011,2026-01-08 04:28:10,16.95,Mumbai,1.88,DEV_011,Online,Electronics,0
TXN_004349,USR_0016,2026-03-30 04:58:46,42.94,New York,13.21,DEV_016,POS,Travel,0
TXN_004350,USR_0088,2026-03-14 19:05:02,63.55,New York,10.97,DEV_088,ATM,Travel,0
TXN_004351,USR_0037,2026-02-03 17:30:30,30.76,Berlin,0.53,DEV_037,POS,Electronics,0
TXN_004352,USR_0018,2026-01-21 18:02:26,27.3,Tokyo,3.31,DEV_018,Online,Electronics,0
TXN_004353,USR_0047,2026-01-11 09:49:43,119.45,Toronto,8.56,DEV_047,POS,Electronics,0
TXN_004354,USR_0007,2026-01-06 20:23:02,116.93,Toronto,2.7,DEV_077,ATM,Electronics,0
TXN_004355,USR_0079,2026-02-03 03:31:19,26.74,Toronto,2.62,DEV_079,Online,Luxury,0
TXN_004356,USR_0034,2026-02-07 12:27:04,81.9,Tokyo,1.13,DEV_034,Online,Electronics,0
TXN_004357,USR_0074,2026-03-25 01:03:09,137.62,Tokyo,5.83,DEV_121,Online,Electronics,0
TXN_004358,USR_0098,2026-03-15 23:02:54,108.83,Tokyo,2.47,DEV_109,POS,Utilities,0
TXN_004359,USR_0003,2026-03-13 09:31:45,43.74,Mumbai,7.38,DEV_003,POS,Utilities,0
TXN_004360,USR_0035,2026-03-01 11:22:35,35.94,Mumbai,2.29,DEV_035,POS,Gaming,0
TXN_004361,USR_0082,2026-03-22 15:23:19,107.61,Tokyo,7.32,DEV_082,ATM,Gaming,0
TXN_004362,USR_0021,2026-01-28 18:47:04,11.46,Berlin,0.31,DEV_021,POS,Utilities,0
TXN_004363,USR_0018,2026-02-02 03:23:20,78.93,Tokyo,3.23,DEV_143,POS,Gaming,0
TXN_004364,USR_0012,2026-03-10 18:52:54,147.9,Paris,10.91,DEV_012,Online,Electronics,0
TXN_004365,USR_0024,2026-03-05 18:15:35,23.65,Tokyo,5.67,DEV_024,ATM,Electronics,0
TXN_004366,USR_0092,2026-03-04 08:18:19,158.65,Paris,4.92,DEV_092,Online,Transfer,0
TXN_004367,USR_0043,2026-02-26 02:14:23,139.74,Mumbai,4.77,DEV_043,POS,Electronics,0
TXN_004368,USR_0053,2026-01-31 07:12:27,305.81,Berlin,5.28,DEV_053,Online,Gaming,0
TXN_004369,USR_0046,2026-02-13 08:08:20,194.58,Sydney,2.76,DEV_046,ATM,Transfer,0
TXN_004370,USR_0059,2026-01-05 13:50:30,14.15,Paris,4.81,DEV_059,POS,Gaming,0
TXN_004371,USR_0044,2026-03-29 07:55:19,49.13,Paris,0.24,DEV_044,Online,Electronics,0
TXN_004372,USR_0065,2026-01-25 15:03:29,62.32,Sydney,3.5,DEV_065,ATM,Gaming,0
TXN_004373,USR_0018,2026-02-21 12:24:33,25.61,Tokyo,7.96,DEV_018,POS,Travel,0
TXN_004374,USR_0078,2026-01-25 01:57:56,38.15,Sydney,5.02,DEV_078,Online,Travel,0
TXN_004375,USR_0008,2026-01-29 12:03:22,52.46,New York,0.48,DEV_131,POS,Utilities,0
TXN_004376,USR_0089,2026-02-10 07:25:53,278.27,London,0.34,DEV_089,POS,Electronics,0
TXN_004377,USR_0029,2026-02-05 02:35:32,444.13,Sydney,4960.27,DEV_060,ATM,Luxury,1
TXN_004378,USR_0084,2026-02-16 11:20:42,35.95,Paris,2.31,DEV_084,POS,Gaming,0
TXN_004379,USR_0032,2026-01-14 16:10:45,110.06,New York,22.64,DEV_032,Online,Utilities,0
TXN_004380,USR_0007,2026-01-21 17:38:51,130.29,Toronto,0.92,DEV_007,Online,Luxury,0
TXN_004381,USR_0030,2026-02-02 15:59:43,62.75,London,11.85,DEV_030,Online,Electronics,0
TXN_004382,USR_0095,2026-02-04 09:05:53,30.8,Toronto,1.11,DEV_057,POS,Luxury,0
TXN_004383,USR_0065,2026-03-26 14:38:33,215.49,London,2.46,DEV_065,Online,Transfer,0
TXN_004384,USR_0054,2026-02-18 17:56:02,177.47,Sydney,2.21,DEV_054,POS,Electronics,0
TXN_004385,USR_0011,2026-01-16 17:53:30,85.56,Mumbai,2.88,DEV_011,POS,Gaming,0
TXN_004386,USR_0012,2026-01-29 13:02:32,61.36,Paris,4.3,DEV_109,POS,Transfer,0
TXN_004387,USR_0098,2026-02-07 21:34:26,12.45,Tokyo,5.81,DEV_098,POS,Travel,0
TXN_004388,USR_0094,2026-03-08 15:30:06,16.71,Sydney,0.01,DEV_094,Wire Transfer,Transfer,0
TXN_004389,USR_0053,2026-02-06 00:28:36,112.46,Berlin,1.57,DEV_023,POS,Utilities,0
TXN_004390,USR_0049,2026-03-05 04:54:23,127.11,London,1.56,DEV_049,POS,Luxury,0
TXN_004391,USR_0090,2026-03-10 12:50:27,55.52,Tokyo,1.25,DEV_090,ATM,Gaming,0
TXN_004392,USR_0012,2026-03-08 01:23:04,14.0,London,3.82,DEV_012,POS,Luxury,0
TXN_004393,USR_0095,2026-03-22 12:46:52,46.67,Berlin,0.08,DEV_095,Online,Transfer,0
TXN_004394,USR_0018,2026-02-06 23:37:19,27.43,Mumbai,2.21,DEV_018,POS,Travel,0
TXN_004395,USR_0009,2026-03-14 12:10:44,3590.94,Paris,3211.36,DEV_044,Online,Electronics,1
TXN_004396,USR_0052,2026-02-21 09:24:26,96.07,Paris,8.82,DEV_052,Online,Utilities,0
TXN_004397,USR_0063,2026-02-09 13:18:29,96.82,Toronto,6.76,DEV_063,Online,Gaming,0
TXN_004398,USR_0047,2026-02-20 10:43:52,19.02,Toronto,2.68,DEV_047,Online,Grocery,0
TXN_004399,USR_0001,2026-03-05 22:44:02,86.26,London,0.59,DEV_001,Online,Utilities,0
TXN_004400,USR_0089,2026-03-06 16:37:10,27.82,London,0.25,DEV_099,Online,Utilities,0
TXN_004401,USR_0084,2026-03-25 09:12:14,176.84,Paris,2.02,DEV_084,POS,Gaming,0
TXN_004402,USR_0090,2026-02-25 23:39:09,17.99,Tokyo,4.2,DEV_090,Online,Luxury,0
TXN_004403,USR_0084,2026-02-17 07:24:33,106.1,Paris,10.36,DEV_084,Online,Utilities,0
TXN_004404,USR_0022,2026-02-26 21:47:47,124.58,Sydney,1.2,DEV_022,Online,Electronics,0
TXN_004405,USR_0084,2026-01-24 06:55:31,25.88,Paris,2.62,DEV_022,POS,Travel,0
TXN_004406,USR_0013,2026-01-12 05:50:31,146.66,Berlin,2.45,DEV_013,Online,Utilities,0
TXN_004407,USR_0013,2026-03-09 03:08:12,100.27,Berlin,21.75,DEV_013,POS,Transfer,0
TXN_004408,USR_0019,2026-02-12 06:51:13,1457.24,New York,214.87,DEV_093,Wire Transfer,Electronics,1
TXN_004409,USR_0053,2026-01-01 16:06:54,81.92,Berlin,2.35,DEV_053,Wire Transfer,Travel,0
TXN_004410,USR_0031,2026-03-24 03:40:50,16.29,Toronto,3.01,DEV_031,Wire Transfer,Electronics,0
TXN_004411,USR_0069,2026-01-04 17:37:14,103.2,Berlin,3.63,DEV_069,POS,Electronics,0
TXN_004412,USR_0052,2026-01-15 19:14:57,100.16,Sydney,2.79,DEV_052,ATM,Utilities,0
TXN_004413,USR_0090,2026-02-24 18:19:23,76.95,Tokyo,11.08,DEV_090,Online,Luxury,0
TXN_004414,USR_0005,2026-03-22 12:02:07,102.11,Berlin,1.85,DEV_005,POS,Electronics,0
TXN_004415,USR_0016,2026-01-30 21:03:40,25.47,New York,0.73,DEV_052,POS,Transfer,0
TXN_004416,USR_0096,2026-02-08 04:01:33,97.97,New York,18.13,DEV_096,Online,Travel,0
TXN_004417,USR_0039,2026-03-13 20:35:46,38.19,New York,4.05,DEV_039,Online,Utilities,0
TXN_004418,USR_0062,2026-02-25 01:55:18,22.2,Sydney,10.93,DEV_062,Online,Electronics,0
TXN_004419,USR_0064,2026-02-02 16:22:55,22.87,New York,1.38,DEV_064,POS,Utilities,0
TXN_004420,USR_0085,2026-02-03 10:58:26,69.78,Berlin,0.84,DEV_085,Online,Luxury,0
TXN_004421,USR_0045,2026-01-16 14:52:07,66.77,Berlin,3.32,DEV_045,ATM,Gaming,0
TXN_004422,USR_0067,2026-03-12 17:05:33,80.11,Mumbai,12.59,DEV_067,ATM,Gaming,0
TXN_004423,USR_0060,2026-01-01 14:33:05,37.83,Paris,2.82,DEV_060,ATM,Utilities,0
TXN_004424,USR_0032,2026-01-19 07:09:40,53.75,New York,21.74,DEV_032,POS,Utilities,0
TXN_004425,USR_0086,2026-02-05 23:53:01,11.61,New York,2.03,DEV_086,POS,Travel,0
TXN_004426,USR_0015,2026-01-14 23:37:31,75.53,Toronto,6.42,DEV_015,POS,Transfer,0
TXN_004427,USR_0016,2026-03-19 01:34:14,46.71,New York,9.97,DEV_016,Online,Transfer,0
TXN_004428,USR_0071,2026-01-16 07:32:51,72.62,Toronto,0.45,DEV_071,POS,Utilities,0
TXN_004429,USR_0050,2026-01-16 08:34:37,83.39,Tokyo,1.96,DEV_050,Online,Luxury,0
TXN_004430,USR_0042,2026-03-25 23:36:38,208.64,Tokyo,6.33,DEV_042,ATM,Utilities,0
TXN_004431,USR_0017,2026-01-20 13:38:22,97.09,London,16.79,DEV_017,Online,Gaming,0
TXN_004432,USR_0047,2026-01-31 12:39:51,26.32,Toronto,6.28,DEV_047,Online,Transfer,0
TXN_004433,USR_0035,2026-03-20 15:41:12,82.26,Mumbai,3.31,DEV_035,ATM,Luxury,0
TXN_004434,USR_0090,2026-02-10 06:09:14,80.48,Tokyo,0.56,DEV_051,POS,Grocery,0
TXN_004435,USR_0071,2026-03-09 14:22:27,50.98,Toronto,9.55,DEV_071,Online,Luxury,0
TXN_004436,USR_0072,2026-03-03 00:54:02,46.88,New York,0.91,DEV_072,Online,Luxury,0
TXN_004437,USR_0038,2026-03-21 03:22:38,17.98,Sydney,3.23,DEV_038,Online,Transfer,0
TXN_004438,USR_0002,2026-02-23 09:42:22,71.65,Tokyo,5.16,DEV_002,Online,Utilities,0
TXN_004439,USR_0049,2026-03-04 14:34:11,21.15,London,5.9,DEV_049,POS,Utilities,0
TXN_004440,USR_0058,2026-02-18 02:07:42,27.98,Tokyo,1.93,DEV_058,Online,Gaming,0
TXN_004441,USR_0053,2026-03-20 21:38:29,19.97,Berlin,0.98,DEV_053,Online,Electronics,0
TXN_004442,USR_0098,2026-01-14 23:24:25,574.65,Mumbai,3809.62,DEV_130,ATM,Transfer,1
TXN_004443,USR_0041,2026-02-04 09:19:09,77.7,London,2.16,DEV_123,POS,Luxury,0
TXN_004444,USR_0024,2026-02-15 18:08:17,145.59,New York,0.73,DEV_129,POS,Gaming,0
TXN_004445,USR_0011,2026-01-21 15:51:06,33.44,Sydney,5.36,DEV_011,Online,Electronics,0
TXN_004446,USR_0065,2026-03-27 00:46:19,39.41,London,1.41,DEV_065,Online,Transfer,0
TXN_004447,USR_0057,2026-01-27 09:46:09,49.98,London,4.03,DEV_057,Online,Electronics,0
TXN_004448,USR_0027,2026-01-11 13:25:03,28.97,Mumbai,0.73,DEV_027,Online,Travel,0
TXN_004449,USR_0097,2026-03-07 23:45:53,60.41,London,0.55,DEV_097,ATM,Grocery,0
TXN_004450,USR_0070,2026-02-14 19:49:40,115.06,Sydney,6.34,DEV_070,Online,Travel,0
TXN_004451,USR_0026,2026-01-19 16:19:37,14.93,Tokyo,2.97,DEV_026,Online,Electronics,0
TXN_004452,USR_0036,2026-02-11 14:41:49,2871.88,Berlin,470.25,DEV_089,ATM,Gaming,1
TXN_004453,USR_0003,2026-02-25 08:20:01,99.14,Mumbai,2.08,DEV_003,ATM,Travel,0
TXN_004454,USR_0030,2026-03-07 11:39:23,105.49,Sydney,0.33,DEV_030,Online,Electronics,0
TXN_004455,USR_0087,2026-02-10 10:16:06,56.01,Toronto,4.9,DEV_087,POS,Luxury,0
TXN_004456,USR_0037,2026-02-23 20:58:34,45.77,Berlin,1.96,DEV_037,Wire Transfer,Luxury,0
TXN_004457,USR_0071,2026-01-13 21:06:13,348.34,Toronto,0.47,DEV_071,ATM,Luxury,0
TXN_004458,USR_0013,2026-03-10 19:29:53,20.16,Berlin,8.13,DEV_013,POS,Travel,0
TXN_004459,USR_0067,2026-03-13 04:07:24,51.55,Mumbai,0.95,DEV_067,POS,Electronics,0
TXN_004460,USR_0017,2026-01-17 11:22:58,38.25,London,1.67,DEV_017,Online,Transfer,0
TXN_004461,USR_0034,2026-01-27 20:52:27,46.05,Tokyo,0.68,DEV_147,Wire Transfer,Grocery,0
TXN_004462,USR_0052,2026-01-03 09:12:59,55.28,Paris,7.34,DEV_052,POS,Electronics,0
TXN_004463,USR_0045,2026-02-18 10:56:01,123.71,Berlin,24.26,DEV_045,Online,Transfer,0
TXN_004464,USR_0083,2026-01-21 06:30:54,63.06,Mumbai,0.09,DEV_083,Online,Utilities,0
TXN_004465,USR_0040,2026-01-05 13:19:52,22.81,New York,3.47,DEV_040,Online,Transfer,0
TXN_004466,USR_0049,2026-03-05 04:37:25,35.12,London,12.61,DEV_049,POS,Grocery,0
TXN_004467,USR_0040,2026-03-20 05:10:29,25.39,New York,0.81,DEV_040,POS,Electronics,0
TXN_004468,USR_0035,2026-01-11 23:57:33,20.5,Mumbai,1.4,DEV_035,POS,Utilities,0
TXN_004469,USR_0039,2026-02-24 18:20:38,26.68,New York,3.99,DEV_039,POS,Electronics,0
TXN_004470,USR_0073,2026-01-10 11:38:51,536.33,Paris,2998.77,DEV_099,Wire Transfer,Luxury,1
TXN_004471,USR_0056,2026-03-06 22:30:44,27.96,New York,2.52,DEV_056,POS,Gaming,0
TXN_004472,USR_0023,2026-01-17 23:13:44,57.97,Toronto,11.74,DEV_023,Online,Grocery,0
TXN_004473,USR_0023,2026-03-18 13:53:41,111.97,London,3.66,DEV_023,POS,Transfer,0
TXN_004474,USR_0034,2026-01-27 12:45:23,29.53,Tokyo,3.3,DEV_034,Wire Transfer,Electronics,0
TXN_004475,USR_0092,2026-01-13 08:58:25,417.91,Sydney,340.7,DEV_050,Online,Electronics,1
TXN_004476,USR_0080,2026-02-05 08:00:29,38.44,New York,0.29,DEV_080,POS,Travel,0
TXN_004477,USR_0033,2026-02-25 17:47:45,186.56,London,0.58,DEV_033,Online,Utilities,0
TXN_004478,USR_0055,2026-02-01 21:10:32,75.55,Toronto,0.22,DEV_004,ATM,Luxury,0
TXN_004479,USR_0051,2026-03-26 17:06:26,51.5,Berlin,0.09,DEV_051,Online,Electronics,0
TXN_004480,USR_0053,2026-02-06 00:45:14,20.88,Berlin,3.84,DEV_053,POS,Utilities,0
TXN_004481,USR_0084,2026-02-10 00:33:57,128.08,Paris,3.42,DEV_058,POS,Utilities,0
TXN_004482,USR_0068,2026-03-29 12:24:37,18.09,Paris,3.78,DEV_068,POS,Electronics,0
TXN_004483,USR_0002,2026-02-05 02:00:46,41.49,Tokyo,9.63,DEV_002,Online,Grocery,0
TXN_004484,USR_0055,2026-03-29 07:51:56,1229.42,Mumbai,3172.64,DEV_038,ATM,Luxury,1
TXN_004485,USR_0077,2026-01-28 23:37:59,12.12,Berlin,6.22,DEV_077,ATM,Grocery,0
TXN_004486,USR_0069,2026-01-30 01:16:28,51.77,Berlin,2.38,DEV_069,POS,Transfer,0
TXN_004487,USR_0070,2026-03-09 15:23:26,79.63,Sydney,1.71,DEV_070,POS,Utilities,0
TXN_004488,USR_0089,2026-01-19 18:36:53,39.45,London,2.96,DEV_089,ATM,Travel,0
TXN_004489,USR_0038,2026-03-19 06:54:21,54.76,Sydney,12.02,DEV_038,Online,Utilities,0
TXN_004490,USR_0089,2026-03-06 12:58:14,49.22,London,4.65,DEV_089,POS,Electronics,0
TXN_004491,USR_0068,2026-01-12 15:31:11,20.79,Paris,5.07,DEV_068,Online,Gaming,0
TXN_004492,USR_0091,2026-01-22 22:07:12,58.52,Mumbai,1.51,DEV_091,Online,Transfer,0
TXN_004493,USR_0078,2026-03-16 08:02:06,61.45,Sydney,6.46,DEV_078,ATM,Travel,0
TXN_004494,USR_0053,2026-03-18 14:53:13,83.73,Berlin,0.29,DEV_053,Online,Luxury,0
TXN_004495,USR_0067,2026-01-18 00:52:06,45.22,Mumbai,4.01,DEV_067,POS,Gaming,0
TXN_004496,USR_0048,2026-03-18 19:17:58,182.27,New York,5.36,DEV_068,Online,Transfer,0
TXN_004497,USR_0086,2026-02-22 15:22:01,21.58,Sydney,4.02,DEV_086,POS,Luxury,0
TXN_004498,USR_0090,2026-03-28 00:52:05,52.97,Tokyo,3.66,DEV_090,POS,Grocery,0
TXN_004499,USR_0065,2026-01-25 21:20:35,199.61,London,7.2,DEV_088,POS,Utilities,0
TXN_004500,USR_0010,2026-03-20 10:01:08,30.9,Paris,6.48,DEV_010,POS,Travel,0
TXN_004501,USR_0082,2026-02-24 18:03:46,59.21,Tokyo,1.09,DEV_063,POS,Grocery,0
TXN_004502,USR_0075,2026-01-26 11:46:04,94.23,Mumbai,6.94,DEV_075,Online,Transfer,0
TXN_004503,USR_0001,2026-02-02 04:17:31,118.95,London,4.94,DEV_001,Wire Transfer,Transfer,0
TXN_004504,USR_0017,2026-01-02 22:59:20,105.91,London,7.51,DEV_017,POS,Transfer,0
TXN_004505,USR_0087,2026-03-11 01:32:35,165.96,Toronto,4.23,DEV_087,Online,Utilities,0
TXN_004506,USR_0048,2026-03-28 08:44:29,54.6,New York,0.04,DEV_048,Online,Luxury,0
TXN_004507,USR_0086,2026-01-27 17:53:37,92.05,Paris,2.62,DEV_086,POS,Electronics,0
TXN_004508,USR_0045,2026-02-02 12:14:36,254.36,Berlin,2.62,DEV_063,POS,Utilities,0
TXN_004509,USR_0027,2026-02-05 05:53:32,29.57,Mumbai,9.79,DEV_027,POS,Utilities,0
TXN_004510,USR_0041,2026-01-19 15:34:05,178.76,London,0.21,DEV_041,POS,Utilities,0
TXN_004511,USR_0098,2026-03-10 00:19:09,89.48,Tokyo,3.59,DEV_141,ATM,Travel,0
TXN_004512,USR_0053,2026-01-23 18:33:08,36.98,Berlin,2.59,DEV_053,POS,Utilities,0
TXN_004513,USR_0012,2026-03-31 19:17:36,16.92,Paris,13.07,DEV_012,Online,Utilities,0
TXN_004514,USR_0008,2026-03-30 02:01:17,32.71,New York,5.02,DEV_008,Wire Transfer,Grocery,0
TXN_004515,USR_0081,2026-02-03 21:55:20,11.96,London,4.48,DEV_081,Online,Utilities,0
TXN_004516,USR_0050,2026-03-15 19:16:37,10.36,Tokyo,2.05,DEV_050,POS,Utilities,0
TXN_004517,USR_0031,2026-03-17 00:10:03,181.58,London,1.65,DEV_040,POS,Luxury,0
TXN_004518,USR_0011,2026-02-10 11:42:54,92.31,Mumbai,3.21,DEV_011,POS,Transfer,0
TXN_004519,USR_0055,2026-01-05 08:14:49,36.38,Toronto,1.46,DEV_017,Wire Transfer,Grocery,0
TXN_004520,USR_0063,2026-01-18 08:49:26,68.93,Toronto,1.55,DEV_063,ATM,Luxury,0
TXN_004521,USR_0088,2026-02-27 05:48:38,23.5,New York,0.06,DEV_088,POS,Electronics,0
TXN_004522,USR_0093,2026-02-15 20:40:09,43.3,Berlin,7.51,DEV_043,ATM,Utilities,0
TXN_004523,USR_0075,2026-01-30 18:50:10,1564.14,New York,4421.97,DEV_129,Wire Transfer,Transfer,1
TXN_004524,USR_0076,2026-03-24 08:56:29,27.49,Paris,0.18,DEV_076,Online,Travel,0
TXN_004525,USR_0051,2026-01-30 19:22:06,18.7,Mumbai,8.21,DEV_129,Online,Transfer,0
TXN_004526,USR_0006,2026-02-01 01:23:17,60.55,Sydney,1.07,DEV_006,Online,Luxury,0
TXN_004527,USR_0035,2026-03-31 13:00:52,41.26,Mumbai,0.16,DEV_035,Online,Gaming,0
TXN_004528,USR_0032,2026-02-20 15:05:24,37.78,New York,8.36,DEV_127,POS,Luxury,0
TXN_004529,USR_0033,2026-02-26 22:02:05,63.24,London,0.03,DEV_033,POS,Grocery,0
TXN_004530,USR_0008,2026-01-06 09:31:16,35.2,New York,1.03,DEV_131,POS,Utilities,0
TXN_004531,USR_0091,2026-03-28 07:43:15,41.43,Mumbai,2.62,DEV_091,POS,Utilities,0
TXN_004532,USR_0064,2026-02-02 16:07:54,697.48,Paris,2289.78,DEV_081,ATM,Gaming,1
TXN_004533,USR_0034,2026-02-04 11:46:54,351.82,Tokyo,7.46,DEV_034,POS,Electronics,0
TXN_004534,USR_0076,2026-02-21 18:52:52,12.45,New York,1.73,DEV_119,POS,Transfer,0
TXN_004535,USR_0077,2026-02-26 02:17:50,34.66,Mumbai,7.4,DEV_048,ATM,Luxury,0
TXN_004536,USR_0008,2026-02-14 15:27:24,41.91,New York,15.77,DEV_008,POS,Electronics,0
TXN_004537,USR_0031,2026-03-23 08:15:22,25.7,Toronto,0.62,DEV_031,POS,Transfer,0
TXN_004538,USR_0080,2026-02-05 07:15:58,75.26,New York,2.38,DEV_080,ATM,Grocery,0
TXN_004539,USR_0043,2026-02-06 00:44:20,182.9,Mumbai,1.58,DEV_043,Online,Grocery,0
TXN_004540,USR_0093,2026-02-05 06:02:43,82.63,Berlin,9.04,DEV_093,POS,Luxury,0
TXN_004541,USR_0076,2026-03-13 07:44:13,38.83,Paris,0.41,DEV_024,POS,Travel,0
TXN_004542,USR_0040,2026-01-29 09:22:35,29.58,New York,1.95,DEV_040,ATM,Luxury,0
TXN_004543,USR_0017,2026-03-23 03:23:39,316.02,London,2.36,DEV_017,Online,Gaming,0
TXN_004544,USR_0063,2026-03-21 04:55:22,66.28,Toronto,1.01,DEV_063,ATM,Transfer,0
TXN_004545,USR_0053,2026-03-25 11:26:53,20.59,Berlin,11.86,DEV_053,POS,Grocery,0
TXN_004546,USR_0035,2026-01-31 22:57:49,47.65,Mumbai,11.89,DEV_135,Online,Grocery,0
TXN_004547,USR_0064,2026-02-23 09:32:25,14.82,New York,0.16,DEV_064,Online,Electronics,0
TXN_004548,USR_0083,2026-03-21 16:37:54,56.65,Mumbai,0.52,DEV_083,Online,Luxury,0
TXN_004549,USR_0002,2026-02-16 20:12:56,54.25,Tokyo,0.0,DEV_121,ATM,Gaming,0
TXN_004550,USR_0096,2026-03-23 15:10:38,28.87,New York,1.09,DEV_096,Online,Travel,0
TXN_004551,USR_0001,2026-02-11 18:23:06,64.61,London,0.54,DEV_001,POS,Luxury,0
TXN_004552,USR_0023,2026-02-26 09:51:57,11.61,Toronto,4.98,DEV_023,Online,Travel,0
TXN_004553,USR_0082,2026-03-07 20:42:09,128.24,Tokyo,2.42,DEV_082,POS,Luxury,0
TXN_004554,USR_0067,2026-01-12 17:51:32,18.2,Mumbai,5.89,DEV_067,Online,Grocery,0
TXN_004555,USR_0094,2026-01-17 12:55:59,57.09,Sydney,17.56,DEV_094,POS,Gaming,0
TXN_004556,USR_0091,2026-02-01 20:17:16,550.5,Berlin,2883.3,DEV_139,Online,Gaming,1
TXN_004557,USR_0058,2026-03-22 10:24:35,79.62,Tokyo,5.1,DEV_058,Online,Grocery,0
TXN_004558,USR_0047,2026-01-03 04:00:45,11.0,Toronto,19.04,DEV_047,Online,Grocery,0
TXN_004559,USR_0025,2026-02-20 09:09:13,18.46,London,9.02,DEV_025,POS,Transfer,0
TXN_004560,USR_0100,2026-02-15 11:52:39,76.03,Paris,16.74,DEV_100,ATM,Travel,0
TXN_004561,USR_0087,2026-01-12 11:50:00,25.03,Toronto,10.37,DEV_087,ATM,Grocery,0
TXN_004562,USR_0043,2026-02-06 00:30:01,205.0,Mumbai,0.02,DEV_043,POS,Gaming,0
TXN_004563,USR_0005,2026-01-27 02:25:25,38.91,Berlin,3.04,DEV_005,POS,Luxury,0
TXN_004564,USR_0080,2026-02-22 18:04:01,67.1,New York,7.66,DEV_080,POS,Luxury,0
TXN_004565,USR_0034,2026-03-17 23:13:33,141.72,Tokyo,2.71,DEV_034,Online,Grocery,0
TXN_004566,USR_0004,2026-03-09 11:44:25,106.21,Paris,1.48,DEV_004,Online,Electronics,0
TXN_004567,USR_0076,2026-02-20 23:27:24,135.39,Paris,2.47,DEV_010,POS,Grocery,0
TXN_004568,USR_0022,2026-02-22 07:42:02,34.7,Sydney,3.39,DEV_022,POS,Utilities,0
TXN_004569,USR_0004,2026-01-21 17:26:10,94.55,Paris,2.76,DEV_004,POS,Gaming,0
TXN_004570,USR_0034,2026-03-12 10:44:41,38.72,Tokyo,5.0,DEV_077,Online,Transfer,0
TXN_004571,USR_0090,2026-03-09 08:44:26,10.27,Tokyo,2.75,DEV_090,POS,Travel,0
TXN_004572,USR_0099,2026-03-19 19:18:22,492.09,Toronto,980.85,DEV_136,Online,Electronics,1
TXN_004573,USR_0034,2026-01-25 18:57:21,933.83,London,4817.59,DEV_142,Wire Transfer,Luxury,1
TXN_004574,USR_0019,2026-03-11 16:43:56,10.75,Mumbai,15.58,DEV_019,Online,Transfer,0
TXN_004575,USR_0082,2026-03-10 03:49:48,38.55,Tokyo,5.1,DEV_082,POS,Travel,0
TXN_004576,USR_0050,2026-01-10 06:59:27,86.1,Tokyo,14.01,DEV_050,ATM,Electronics,0
TXN_004577,USR_0097,2026-03-11 14:19:14,63.84,London,7.21,DEV_013,Online,Utilities,0
TXN_004578,USR_0002,2026-01-29 19:13:42,15.96,Tokyo,5.74,DEV_002,ATM,Utilities,0
TXN_004579,USR_0054,2026-03-19 06:41:55,61.71,Sydney,13.71,DEV_054,Online,Electronics,0
TXN_004580,USR_0061,2026-02-11 13:23:28,78.91,Berlin,0.12,DEV_002,POS,Electronics,0
TXN_004581,USR_0054,2026-02-03 06:28:53,24.0,Sydney,2.75,DEV_054,POS,Electronics,0
TXN_004582,USR_0050,2026-01-15 10:36:33,40.46,Tokyo,5.91,DEV_030,Online,Gaming,0
TXN_004583,USR_0041,2026-03-26 15:07:50,222.11,London,1.56,DEV_041,Online,Transfer,0
TXN_004584,USR_0006,2026-01-10 19:21:09,157.22,Sydney,4.07,DEV_006,POS,Transfer,0
TXN_004585,USR_0036,2026-03-23 12:04:53,256.6,Paris,8.57,DEV_036,Online,Grocery,0
TXN_004586,USR_0092,2026-03-14 00:30:28,190.61,Paris,14.34,DEV_092,Online,Utilities,0
TXN_004587,USR_0020,2026-02-06 19:31:19,34.02,Paris,2.12,DEV_020,ATM,Transfer,0
TXN_004588,USR_0083,2026-02-27 01:29:45,41.53,Mumbai,2.2,DEV_083,Online,Grocery,0
TXN_004589,USR_0020,2026-03-05 03:42:07,53.31,Paris,2.03,DEV_037,Online,Gaming,0
TXN_004590,USR_0024,2026-03-28 03:19:54,142.69,Berlin,5.61,DEV_085,Online,Luxury,0
TXN_004591,USR_0087,2026-03-01 05:27:43,25.22,Toronto,0.7,DEV_087,POS,Utilities,0
TXN_004592,USR_0086,2026-01-21 21:09:30,85.63,Sydney,5.39,DEV_086,Online,Electronics,0
TXN_004593,USR_0049,2026-02-20 18:20:15,66.29,London,12.17,DEV_049,Online,Electronics,0
TXN_004594,USR_0014,2026-03-31 14:37:04,200.88,Sydney,8.78,DEV_014,ATM,Gaming,0
TXN_004595,USR_0065,2026-02-08 10:31:08,92.22,London,4.0,DEV_065,ATM,Luxury,0
TXN_004596,USR_0015,2026-02-12 08:31:51,93.43,Toronto,5.53,DEV_015,Online,Grocery,0
TXN_004597,USR_0009,2026-02-24 17:27:39,10.86,London,0.26,DEV_009,POS,Electronics,0
TXN_004598,USR_0098,2026-01-25 18:56:20,86.25,Tokyo,0.39,DEV_098,POS,Grocery,0
TXN_004599,USR_0051,2026-01-29 13:45:06,79.78,Mumbai,4.44,DEV_051,ATM,Gaming,0
TXN_004600,USR_0033,2026-03-24 01:08:28,81.82,London,7.05,DEV_033,POS,Utilities,0
TXN_004601,USR_0007,2026-01-14 20:44:19,83.42,Toronto,12.93,DEV_007,Online,Electronics,0
TXN_004602,USR_0005,2026-03-13 17:38:08,126.9,Berlin,15.45,DEV_005,ATM,Grocery,0
TXN_004603,USR_0016,2026-02-02 13:00:12,39.9,New York,0.26,DEV_016,POS,Utilities,0
TXN_004604,USR_0062,2026-03-06 19:54:09,20.61,Sydney,0.78,DEV_062,POS,Travel,0
TXN_004605,USR_0004,2026-03-12 13:17:37,1467.2,Berlin,785.94,DEV_136,ATM,Transfer,1
TXN_004606,USR_0029,2026-02-24 17:19:50,17.65,Berlin,0.24,DEV_029,Online,Travel,0
TXN_004607,USR_0100,2026-01-15 06:04:34,110.72,Paris,1.07,DEV_100,POS,Transfer,0
TXN_004608,USR_0095,2026-02-06 19:51:42,104.93,London,8.63,DEV_089,Online,Gaming,0
TXN_004609,USR_0015,2026-03-06 03:48:35,75.14,Toronto,9.87,DEV_015,Online,Gaming,0
TXN_004610,USR_0073,2026-03-12 05:31:26,12.13,London,2.4,DEV_073,Online,Travel,0
TXN_004611,USR_0091,2026-03-01 17:16:30,63.44,Mumbai,1.83,DEV_091,Online,Electronics,0
TXN_004612,USR_0022,2026-01-18 16:33:51,56.46,Sydney,5.71,DEV_148,Online,Luxury,0
TXN_004613,USR_0070,2026-01-30 06:44:04,42.59,Sydney,6.23,DEV_070,Online,Transfer,0
TXN_004614,USR_0042,2026-02-19 16:41:33,45.45,Tokyo,1.66,DEV_057,POS,Travel,0
TXN_004615,USR_0004,2026-01-20 22:05:07,20.27,New York,16.6,DEV_004,POS,Travel,0
TXN_004616,USR_0092,2026-02-08 18:06:01,76.34,Paris,2.68,DEV_092,POS,Gaming,0
TXN_004617,USR_0084,2026-02-28 17:50:33,13.44,Toronto,14.94,DEV_084,Online,Grocery,0
TXN_004618,USR_0007,2026-01-02 20:47:15,287.48,Toronto,12.41,DEV_007,POS,Utilities,0
TXN_004619,USR_0014,2026-02-21 04:43:35,63.21,Sydney,1.21,DEV_014,POS,Electronics,0
TXN_004620,USR_0063,2026-03-14 02:35:38,110.16,Toronto,7.42,DEV_063,Online,Gaming,0
TXN_004621,USR_0018,2026-03-22 22:10:38,35.75,Tokyo,1.82,DEV_018,Online,Electronics,0
TXN_004622,USR_0059,2026-02-11 21:30:47,161.41,Mumbai,1.38,DEV_059,POS,Gaming,0
TXN_004623,USR_0004,2026-01-07 19:16:05,74.12,Paris,7.15,DEV_140,POS,Luxury,0
TXN_004624,USR_0094,2026-03-25 20:21:03,16.28,Sydney,6.71,DEV_094,POS,Utilities,0
TXN_004625,USR_0035,2026-01-04 18:33:20,66.03,Mumbai,0.34,DEV_035,Online,Travel,0
TXN_004626,USR_0074,2026-03-08 22:22:13,31.75,Tokyo,12.57,DEV_074,POS,Gaming,0
TXN_004627,USR_0045,2026-02-22 11:41:04,55.68,Berlin,2.76,DEV_045,Online,Utilities,0
TXN_004628,USR_0081,2026-02-18 05:16:05,72.46,Toronto,0.71,DEV_081,POS,Gaming,0
TXN_004629,USR_0022,2026-01-23 17:25:34,39.8,Sydney,3.53,DEV_022,POS,Travel,0
TXN_004630,USR_0081,2026-03-14 17:08:55,83.1,London,5.39,DEV_081,Online,Travel,0
TXN_004631,USR_0093,2026-01-11 00:20:11,45.28,Berlin,9.32,DEV_093,Wire Transfer,Electronics,0
TXN_004632,USR_0006,2026-01-22 03:19:28,168.41,Sydney,2.95,DEV_006,Online,Gaming,0
TXN_004633,USR_0048,2026-02-03 06:54:45,64.5,New York,5.76,DEV_048,Wire Transfer,Electronics,0
TXN_004634,USR_0046,2026-01-19 08:53:06,29.13,Sydney,6.82,DEV_046,POS,Travel,0
TXN_004635,USR_0029,2026-03-05 06:47:56,58.73,Tokyo,9.84,DEV_029,POS,Gaming,0
TXN_004636,USR_0089,2026-01-14 19:53:46,23.5,London,19.54,DEV_089,Online,Utilities,0
TXN_004637,USR_0017,2026-01-27 02:02:23,156.42,London,7.04,DEV_017,Online,Gaming,0
TXN_004638,USR_0052,2026-03-28 21:46:42,24.14,Paris,2.12,DEV_052,POS,Grocery,0
TXN_004639,USR_0073,2026-02-28 22:05:52,17.42,London,0.5,DEV_073,POS,Transfer,0
TXN_004640,USR_0093,2026-01-20 02:46:36,21.32,Berlin,7.82,DEV_093,ATM,Luxury,0
TXN_004641,USR_0099,2026-02-15 07:43:56,36.29,Mumbai,0.88,DEV_099,Online,Utilities,0
TXN_004642,USR_0048,2026-01-04 22:10:12,56.52,New York,1.87,DEV_048,ATM,Utilities,0
TXN_004643,USR_0053,2026-03-30 04:16:27,36.63,Tokyo,8.61,DEV_068,Online,Luxury,0
TXN_004644,USR_0081,2026-02-12 20:57:17,13.38,London,2.45,DEV_081,Online,Transfer,0
TXN_004645,USR_0095,2026-02-08 14:09:27,62.93,Toronto,0.18,DEV_095,POS,Luxury,0
TXN_004646,USR_0036,2026-03-06 12:18:29,113.14,Paris,5.94,DEV_036,Wire Transfer,Utilities,0
TXN_004647,USR_0008,2026-01-01 09:47:04,94.88,New York,0.32,DEV_008,POS,Electronics,0
TXN_004648,USR_0060,2026-03-13 09:39:29,20.02,Paris,5.62,DEV_060,Online,Travel,0
TXN_004649,USR_0025,2026-03-29 10:32:39,96.36,London,1.01,DEV_025,POS,Utilities,0
TXN_004650,USR_0081,2026-02-21 18:15:46,69.04,London,6.11,DEV_081,POS,Utilities,0
TXN_004651,USR_0075,2026-03-10 22:14:56,28.19,Mumbai,4.38,DEV_133,Online,Electronics,0
TXN_004652,USR_0018,2026-02-11 15:20:39,18.21,Tokyo,1.65,DEV_018,Wire Transfer,Grocery,0
TXN_004653,USR_0075,2026-02-23 13:02:39,11.89,Mumbai,12.32,DEV_075,ATM,Grocery,0
TXN_004654,USR_0065,2026-02-03 22:25:23,111.07,London,8.31,DEV_012,POS,Electronics,0
TXN_004655,USR_0012,2026-01-31 02:13:12,14.67,Paris,1.88,DEV_012,Online,Transfer,0
TXN_004656,USR_0088,2026-03-16 18:55:03,43.81,New York,12.65,DEV_088,POS,Electronics,0
TXN_004657,USR_0065,2026-02-10 17:20:10,38.62,London,1.86,DEV_065,Online,Utilities,0
TXN_004658,USR_0048,2026-01-01 12:21:27,90.71,New York,6.28,DEV_016,Wire Transfer,Utilities,0
TXN_004659,USR_0017,2026-01-22 15:59:46,28.27,Toronto,15.27,DEV_066,Online,Travel,0
TXN_004660,USR_0033,2026-03-21 08:40:17,90.04,London,5.79,DEV_033,POS,Transfer,0
TXN_004661,USR_0067,2026-02-08 07:52:43,21.47,Mumbai,0.4,DEV_067,ATM,Utilities,0
TXN_004662,USR_0020,2026-01-23 04:07:21,183.7,Paris,16.16,DEV_020,POS,Utilities,0
TXN_004663,USR_0081,2026-01-02 07:31:46,10.3,Berlin,0.17,DEV_077,Online,Gaming,0
TXN_004664,USR_0049,2026-01-07 21:48:07,76.48,London,7.29,DEV_049,Online,Utilities,0
TXN_004665,USR_0062,2026-02-19 22:53:34,28.23,Sydney,2.55,DEV_027,POS,Electronics,0
TXN_004666,USR_0092,2026-03-28 19:34:44,2603.19,Tokyo,4863.43,DEV_138,ATM,Luxury,1
TXN_004667,USR_0045,2026-01-25 15:07:32,81.62,Berlin,1.28,DEV_045,Wire Transfer,Transfer,0
TXN_004668,USR_0063,2026-02-08 18:15:11,182.02,Toronto,5.86,DEV_063,ATM,Gaming,0
TXN_004669,USR_0086,2026-01-05 05:49:23,212.37,Sydney,12.56,DEV_086,Online,Electronics,0
TXN_004670,USR_0093,2026-01-17 12:18:04,29.11,Berlin,1.02,DEV_093,POS,Luxury,0
TXN_004671,USR_0011,2026-01-16 02:27:53,115.53,Mumbai,1.03,DEV_011,POS,Electronics,0
TXN_004672,USR_0088,2026-01-06 02:40:27,59.28,New York,12.4,DEV_088,POS,Electronics,0
TXN_004673,USR_0070,2026-02-19 08:00:09,98.13,Sydney,11.63,DEV_070,ATM,Grocery,0
TXN_004674,USR_0038,2026-01-29 19:07:06,146.37,Sydney,6.69,DEV_038,Online,Gaming,0
TXN_004675,USR_0010,2026-01-01 05:15:21,1412.12,Berlin,624.31,DEV_066,Wire Transfer,Gaming,1
TXN_004676,USR_0097,2026-01-01 21:39:34,68.48,London,1.45,DEV_097,Online,Grocery,0
TXN_004677,USR_0027,2026-02-19 08:30:40,31.52,Mumbai,4.66,DEV_027,POS,Gaming,0
TXN_004678,USR_0044,2026-02-05 20:13:53,45.8,Paris,6.94,DEV_044,POS,Gaming,0
TXN_004679,USR_0051,2026-03-25 23:06:11,106.52,Mumbai,1.49,DEV_051,POS,Transfer,0
TXN_004680,USR_0002,2026-03-24 07:56:37,17.97,Tokyo,0.44,DEV_002,ATM,Travel,0
TXN_004681,USR_0074,2026-03-05 16:34:39,64.33,Tokyo,2.41,DEV_074,Online,Utilities,0
TXN_004682,USR_0001,2026-01-01 06:33:33,12.88,London,1.93,DEV_079,POS,Transfer,0
TXN_004683,USR_0032,2026-03-27 01:27:39,72.78,Mumbai,0.59,DEV_032,Online,Luxury,0
TXN_004684,USR_0097,2026-03-06 01:15:12,64.28,London,4.4,DEV_097,POS,Grocery,0
TXN_004685,USR_0073,2026-01-20 08:20:03,38.3,London,4.26,DEV_073,POS,Electronics,0
TXN_004686,USR_0063,2026-03-06 04:45:56,283.05,New York,4.41,DEV_063,POS,Electronics,0
TXN_004687,USR_0008,2026-02-05 02:28:03,64.57,New York,3.62,DEV_008,POS,Grocery,0
TXN_004688,USR_0024,2026-03-24 22:36:40,32.97,New York,10.58,DEV_024,Online,Luxury,0
TXN_004689,USR_0039,2026-01-19 13:47:38,16.44,Toronto,1.2,DEV_039,POS,Electronics,0
TXN_004690,USR_0044,2026-02-10 22:26:53,65.74,Paris,12.29,DEV_044,Online,Electronics,0
TXN_004691,USR_0006,2026-01-03 08:08:09,47.65,Sydney,1.2,DEV_006,POS,Grocery,0
TXN_004692,USR_0032,2026-01-25 19:43:27,70.24,New York,6.54,DEV_032,Online,Grocery,0
TXN_004693,USR_0017,2026-02-01 16:25:21,17.26,London,4.59,DEV_017,Online,Luxury,0
TXN_004694,USR_0053,2026-01-25 18:37:56,114.57,Berlin,12.81,DEV_053,POS,Grocery,0
TXN_004695,USR_0016,2026-03-11 04:10:26,17.51,New York,6.54,DEV_139,ATM,Luxury,0
TXN_004696,USR_0014,2026-02-26 08:16:27,37.6,Sydney,3.62,DEV_014,Online,Transfer,0
TXN_004697,USR_0074,2026-01-30 11:07:30,94.11,Tokyo,9.17,DEV_074,Online,Travel,0
TXN_004698,USR_0071,2026-02-18 20:52:10,78.11,Toronto,12.0,DEV_071,Online,Transfer,0
TXN_004699,USR_0021,2026-02-24 19:40:43,102.26,Berlin,1.84,DEV_021,ATM,Luxury,0
TXN_004700,USR_0063,2026-03-27 19:02:05,15.3,Toronto,9.57,DEV_063,POS,Transfer,0
TXN_004701,USR_0024,2026-01-11 04:29:29,48.26,New York,4.51,DEV_024,Online,Luxury,0
TXN_004702,USR_0055,2026-03-26 05:04:13,20.75,Paris,2.89,DEV_028,ATM,Utilities,0
TXN_004703,USR_0073,2026-01-26 19:59:18,224.01,London,0.17,DEV_073,Online,Grocery,0
TXN_004704,USR_0009,2026-03-12 22:44:02,18.15,London,0.51,DEV_009,POS,Electronics,0
TXN_004705,USR_0024,2026-02-06 23:54:55,38.89,New York,9.38,DEV_024,Wire Transfer,Grocery,0
TXN_004706,USR_0061,2026-01-19 18:04:12,30.25,Berlin,2.32,DEV_061,ATM,Gaming,0
TXN_004707,USR_0058,2026-02-22 10:00:46,47.09,Tokyo,4.61,DEV_058,POS,Travel,0
TXN_004708,USR_0080,2026-02-15 11:33:05,145.25,New York,4.39,DEV_080,POS,Utilities,0
TXN_004709,USR_0068,2026-03-01 12:01:47,115.88,Paris,7.14,DEV_068,Online,Gaming,0
TXN_004710,USR_0088,2026-02-15 12:15:37,108.61,New York,0.24,DEV_088,Online,Utilities,0
TXN_004711,USR_0036,2026-02-12 08:34:29,93.71,Paris,3.48,DEV_036,Online,Electronics,0
TXN_004712,USR_0093,2026-01-09 21:59:22,25.37,Berlin,2.11,DEV_093,POS,Grocery,0
TXN_004713,USR_0064,2026-01-04 09:37:39,104.36,New York,1.95,DEV_064,Online,Grocery,0
TXN_004714,USR_0076,2026-03-03 14:43:32,37.72,Paris,0.57,DEV_076,POS,Luxury,0
TXN_004715,USR_0037,2026-03-15 01:49:13,121.66,Berlin,5.82,DEV_037,Online,Electronics,0
TXN_004716,USR_0087,2026-01-02 16:54:27,17.27,Toronto,15.85,DEV_087,ATM,Electronics,0
TXN_004717,USR_0028,2026-01-01 20:03:09,60.27,Paris,0.68,DEV_028,POS,Utilities,0
TXN_004718,USR_0092,2026-01-07 00:53:55,49.75,Paris,0.9,DEV_092,Online,Transfer,0
TXN_004719,USR_0006,2026-01-02 11:32:36,34.36,Sydney,17.35,DEV_006,Online,Luxury,0
TXN_004720,USR_0035,2026-01-16 09:34:51,170.9,Mumbai,0.67,DEV_035,Online,Gaming,0
TXN_004721,USR_0024,2026-02-12 14:42:59,172.01,New York,1.44,DEV_024,ATM,Gaming,0
TXN_004722,USR_0001,2026-01-12 06:04:15,173.52,London,0.35,DEV_001,POS,Gaming,0
TXN_004723,USR_0093,2026-03-18 00:23:32,10.77,Berlin,8.2,DEV_093,Online,Travel,0
TXN_004724,USR_0023,2026-01-16 17:46:38,12.91,Toronto,0.68,DEV_023,Online,Grocery,0
TXN_004725,USR_0086,2026-01-23 09:28:37,36.51,Toronto,1.42,DEV_086,POS,Travel,0
TXN_004726,USR_0003,2026-01-24 14:23:50,128.44,Mumbai,4.04,DEV_049,Online,Utilities,0
TXN_004727,USR_0035,2026-03-20 20:33:31,19.92,Mumbai,3.78,DEV_035,POS,Grocery,0
TXN_004728,USR_0069,2026-01-01 01:28:03,210.1,Berlin,3.83,DEV_069,POS,Luxury,0
TXN_004729,USR_0076,2026-03-08 04:24:51,2005.96,London,2916.54,DEV_085,Online,Luxury,1
TXN_004730,USR_0028,2026-03-07 12:06:13,122.23,Paris,2.2,DEV_034,Online,Electronics,0
TXN_004731,USR_0018,2026-01-01 14:10:55,188.7,Tokyo,1.19,DEV_018,Online,Grocery,0
TXN_004732,USR_0048,2026-01-11 22:33:51,61.97,New York,4.1,DEV_118,POS,Electronics,0
TXN_004733,USR_0014,2026-01-15 21:49:22,12.7,Sydney,7.08,DEV_014,POS,Travel,0
TXN_004734,USR_0011,2026-03-09 20:44:11,63.05,Mumbai,2.26,DEV_011,ATM,Grocery,0
TXN_004735,USR_0096,2026-01-20 13:21:41,58.95,New York,2.13,DEV_096,Online,Travel,0
TXN_004736,USR_0058,2026-02-11 18:07:19,3759.59,Toronto,2382.84,DEV_074,ATM,Luxury,1
TXN_004737,USR_0054,2026-02-16 18:52:57,32.74,Sydney,2.78,DEV_054,Online,Grocery,0
TXN_004738,USR_0081,2026-02-13 05:49:32,75.93,London,4.38,DEV_081,Online,Electronics,0
TXN_004739,USR_0080,2026-02-01 13:50:53,10.8,New York,1.62,DEV_080,POS,Utilities,0
TXN_004740,USR_0068,2026-03-23 17:55:58,106.36,Paris,0.21,DEV_068,Online,Gaming,0
TXN_004741,USR_0081,2026-01-07 23:55:00,113.04,London,2.12,DEV_081,Online,Gaming,0
TXN_004742,USR_0042,2026-03-20 21:08:00,93.55,Tokyo,1.32,DEV_042,POS,Gaming,0
TXN_004743,USR_0093,2026-03-16 02:17:38,13.26,Berlin,1.07,DEV_093,Online,Gaming,0
TXN_004744,USR_0055,2026-03-28 13:47:39,28.22,Toronto,4.99,DEV_074,Online,Electronics,0
TXN_004745,USR_0027,2026-01-02 01:10:30,67.9,Mumbai,3.74,DEV_027,Online,Gaming,0
TXN_004746,USR_0063,2026-02-27 16:57:42,114.08,Toronto,1.97,DEV_021,ATM,Electronics,0
TXN_004747,USR_0072,2026-03-30 02:22:23,102.23,New York,9.31,DEV_072,ATM,Electronics,0
TXN_004748,USR_0036,2026-03-22 15:31:42,36.79,Paris,9.04,DEV_036,ATM,Luxury,0
TXN_004749,USR_0029,2026-02-07 00:19:42,32.74,Berlin,13.39,DEV_029,Wire Transfer,Transfer,0
TXN_004750,USR_0048,2026-02-11 18:22:00,22.47,New York,7.53,DEV_048,Online,Electronics,0
TXN_004751,USR_0003,2026-03-20 14:24:58,46.21,Mumbai,2.08,DEV_003,POS,Utilities,0
TXN_004752,USR_0032,2026-01-15 17:04:10,230.96,Toronto,4.74,DEV_032,Wire Transfer,Grocery,0
TXN_004753,USR_0007,2026-01-15 18:45:46,51.84,Toronto,1.8,DEV_007,Online,Utilities,0
TXN_004754,USR_0094,2026-02-07 07:14:44,35.24,Sydney,3.25,DEV_053,POS,Travel,0
TXN_004755,USR_0062,2026-01-15 11:22:04,103.14,Sydney,0.68,DEV_062,POS,Electronics,0
TXN_004756,USR_0094,2026-02-24 21:45:20,22.21,Berlin,4.69,DEV_094,POS,Gaming,0
TXN_004757,USR_0074,2026-02-20 19:34:20,180.08,Tokyo,1.34,DEV_074,Online,Electronics,0
TXN_004758,USR_0062,2026-02-11 13:26:37,37.76,Sydney,3.73,DEV_128,ATM,Grocery,0
TXN_004759,USR_0017,2026-01-30 06:33:44,10.85,London,6.41,DEV_017,POS,Transfer,0
TXN_004760,USR_0049,2026-01-11 08:40:40,61.55,London,13.43,DEV_047,POS,Transfer,0
TXN_004761,USR_0087,2026-03-21 10:26:18,14.7,Toronto,4.21,DEV_080,ATM,Transfer,0
TXN_004762,USR_0014,2026-01-13 17:40:09,118.73,Sydney,3.07,DEV_014,POS,Electronics,0
TXN_004763,USR_0015,2026-02-10 17:38:37,155.2,Toronto,1.68,DEV_082,Online,Travel,0
TXN_004764,USR_0028,2026-03-17 12:51:09,36.74,Paris,3.75,DEV_028,Wire Transfer,Grocery,0
TXN_004765,USR_0029,2026-03-15 14:50:43,14.78,Mumbai,5.11,DEV_074,Online,Grocery,0
TXN_004766,USR_0010,2026-03-04 04:19:53,2536.97,Paris,4001.42,DEV_003,Online,Electronics,1
TXN_004767,USR_0050,2026-02-13 13:18:34,59.96,Tokyo,9.45,DEV_050,Online,Gaming,0
TXN_004768,USR_0033,2026-03-02 14:55:06,90.14,London,4.4,DEV_033,ATM,Luxury,0
TXN_004769,USR_0023,2026-02-14 12:38:07,127.38,Toronto,0.27,DEV_023,Online,Utilities,0
TXN_004770,USR_0015,2026-01-18 01:24:31,21.39,Toronto,10.41,DEV_015,Online,Grocery,0
TXN_004771,USR_0057,2026-02-11 07:48:37,16.47,London,5.05,DEV_057,Online,Gaming,0
TXN_004772,USR_0088,2026-01-23 10:25:03,20.49,New York,0.29,DEV_088,POS,Utilities,0
TXN_004773,USR_0068,2026-03-12 01:37:17,52.61,Sydney,0.44,DEV_068,POS,Luxury,0
TXN_004774,USR_0079,2026-02-27 00:32:37,77.36,Toronto,22.78,DEV_094,POS,Electronics,0
TXN_004775,USR_0020,2026-03-22 17:32:59,78.16,Paris,0.18,DEV_020,POS,Travel,0
TXN_004776,USR_0034,2026-01-29 03:43:27,183.88,Sydney,6.67,DEV_034,ATM,Travel,0
TXN_004777,USR_0024,2026-03-02 22:41:49,12.81,New York,1.83,DEV_024,Online,Grocery,0
TXN_004778,USR_0066,2026-01-04 19:57:29,83.45,Tokyo,3.42,DEV_066,ATM,Gaming,0
TXN_004779,USR_0002,2026-01-03 17:01:07,34.82,Berlin,6.23,DEV_002,Online,Electronics,0
TXN_004780,USR_0088,2026-02-03 04:01:21,93.34,New York,0.78,DEV_088,POS,Grocery,0
TXN_004781,USR_0061,2026-01-16 02:15:14,25.22,Paris,14.71,DEV_061,ATM,Grocery,0
TXN_004782,USR_0021,2026-02-25 16:20:19,51.39,Berlin,3.84,DEV_021,Online,Electronics,0
TXN_004783,USR_0055,2026-03-19 16:53:10,33.68,Toronto,0.2,DEV_149,Online,Travel,0
TXN_004784,USR_0032,2026-01-04 09:16:09,23.33,New York,10.06,DEV_032,ATM,Electronics,0
TXN_004785,USR_0100,2026-03-30 04:08:24,23.21,Paris,3.13,DEV_100,POS,Gaming,0
TXN_004786,USR_0023,2026-01-26 07:25:58,109.13,Toronto,8.55,DEV_023,Online,Utilities,0
TXN_004787,USR_0024,2026-03-13 21:17:47,61.91,New York,1.52,DEV_024,Wire Transfer,Transfer,0
TXN_004788,USR_0062,2026-03-10 02:21:54,89.15,Sydney,3.29,DEV_062,Online,Transfer,0
TXN_004789,USR_0063,2026-03-16 13:47:54,136.61,Toronto,7.05,DEV_063,Online,Grocery,0
TXN_004790,USR_0005,2026-02-11 00:27:40,84.44,Berlin,0.78,DEV_005,POS,Electronics,0
TXN_004791,USR_0021,2026-02-12 17:41:35,10.42,Berlin,6.35,DEV_140,ATM,Gaming,0
TXN_004792,USR_0051,2026-02-11 19:27:14,20.5,Mumbai,1.57,DEV_148,Online,Travel,0
TXN_004793,USR_0074,2026-01-19 14:08:05,1311.48,Mumbai,3927.92,DEV_147,ATM,Luxury,1
TXN_004794,USR_0016,2026-02-25 22:04:44,11.71,New York,3.89,DEV_105,Online,Luxury,0
TXN_004795,USR_0031,2026-03-25 13:49:51,34.91,Toronto,11.44,DEV_031,Online,Grocery,0
TXN_004796,USR_0095,2026-02-06 04:29:00,48.27,Toronto,6.33,DEV_095,Wire Transfer,Electronics,0
TXN_004797,USR_0023,2026-02-07 19:38:32,114.67,Toronto,2.16,DEV_023,POS,Gaming,0
TXN_004798,USR_0089,2026-03-03 07:32:13,36.21,Toronto,2.28,DEV_089,Online,Electronics,0
TXN_004799,USR_0043,2026-02-27 15:19:56,32.45,Paris,0.74,DEV_043,POS,Travel,0
TXN_004800,USR_0063,2026-01-03 04:12:05,11.41,Toronto,2.8,DEV_063,POS,Transfer,0
TXN_004801,USR_0087,2026-02-27 14:42:24,64.58,Toronto,5.29,DEV_087,Wire Transfer,Utilities,0
TXN_004802,USR_0077,2026-02-05 04:47:51,17.63,Berlin,14.89,DEV_104,POS,Travel,0
TXN_004803,USR_0002,2026-01-01 18:22:18,43.87,Tokyo,1.1,DEV_002,Online,Electronics,0
TXN_004804,USR_0099,2026-01-25 10:27:05,135.76,Mumbai,0.94,DEV_099,Online,Electronics,0
TXN_004805,USR_0039,2026-01-29 12:29:00,60.85,Toronto,2.54,DEV_135,Online,Grocery,0
TXN_004806,USR_0031,2026-01-06 10:52:13,86.6,Toronto,9.52,DEV_031,POS,Luxury,0
TXN_004807,USR_0038,2026-02-11 18:55:04,171.15,Sydney,12.27,DEV_038,POS,Gaming,0
TXN_004808,USR_0064,2026-03-15 13:16:28,25.7,New York,0.8,DEV_064,ATM,Transfer,0
TXN_004809,USR_0003,2026-03-25 05:48:22,28.43,Mumbai,9.4,DEV_003,Online,Luxury,0
TXN_004810,USR_0024,2026-02-05 05:18:29,51.1,New York,4.42,DEV_024,Wire Transfer,Gaming,0
TXN_004811,USR_0047,2026-02-17 21:19:24,152.04,Toronto,12.47,DEV_047,POS,Utilities,0
TXN_004812,USR_0031,2026-02-13 04:25:26,24.45,Toronto,2.12,DEV_031,POS,Utilities,0
TXN_004813,USR_0001,2026-03-10 07:36:30,163.42,London,4.31,DEV_001,POS,Luxury,0
TXN_004814,USR_0018,2026-02-22 17:40:00,41.3,Tokyo,16.48,DEV_018,Online,Utilities,0
TXN_004815,USR_0002,2026-01-15 01:50:01,114.83,Tokyo,7.12,DEV_002,POS,Utilities,0
TXN_004816,USR_0008,2026-03-31 02:43:14,1445.2,Toronto,1313.41,DEV_030,ATM,Transfer,1
TXN_004817,USR_0005,2026-03-19 02:31:27,127.89,Berlin,0.79,DEV_005,POS,Travel,0
TXN_004818,USR_0024,2026-03-23 16:45:39,86.4,New York,7.62,DEV_024,Online,Gaming,0
TXN_004819,USR_0019,2026-02-19 15:48:19,34.79,Mumbai,18.21,DEV_019,ATM,Transfer,0
TXN_004820,USR_0056,2026-03-02 10:41:27,88.73,New York,7.4,DEV_056,POS,Gaming,0
TXN_004821,USR_0034,2026-03-16 01:12:53,12.28,Tokyo,6.42,DEV_117,POS,Electronics,0
TXN_004822,USR_0043,2026-01-17 07:54:47,130.55,Mumbai,17.3,DEV_043,Online,Electronics,0
TXN_004823,USR_0031,2026-01-11 06:58:28,12.79,Toronto,6.36,DEV_079,Online,Utilities,0
TXN_004824,USR_0035,2026-02-01 11:52:05,114.09,Mumbai,5.91,DEV_035,ATM,Grocery,0
TXN_004825,USR_0074,2026-02-09 08:51:33,83.79,Tokyo,3.56,DEV_074,Online,Gaming,0
TXN_004826,USR_0073,2026-01-04 06:37:31,80.16,London,0.27,DEV_073,POS,Utilities,0
TXN_004827,USR_0075,2026-01-14 02:43:10,31.73,Mumbai,13.97,DEV_075,ATM,Electronics,0
TXN_004828,USR_0040,2026-02-12 09:16:19,1222.36,Toronto,3487.15,DEV_119,ATM,Luxury,1
TXN_004829,USR_0007,2026-02-10 21:29:21,99.46,Toronto,5.15,DEV_007,Online,Luxury,0
TXN_004830,USR_0012,2026-03-08 03:34:16,68.15,Paris,15.63,DEV_012,POS,Transfer,0
TXN_004831,USR_0097,2026-02-10 09:30:47,36.5,London,7.7,DEV_097,ATM,Transfer,0
TXN_004832,USR_0025,2026-02-10 01:52:31,480.1,Sydney,3428.53,DEV_054,ATM,Electronics,1
TXN_004833,USR_0006,2026-03-25 16:00:58,124.8,Sydney,4.1,DEV_006,POS,Utilities,0
TXN_004834,USR_0088,2026-03-08 02:30:38,88.99,New York,4.21,DEV_088,POS,Grocery,0
TXN_004835,USR_0003,2026-03-01 14:04:09,26.24,Mumbai,5.74,DEV_003,Online,Gaming,0
TXN_004836,USR_0048,2026-02-22 03:58:16,529.59,Toronto,3065.88,DEV_099,ATM,Transfer,1
TXN_004837,USR_0018,2026-02-28 00:19:19,187.08,Tokyo,25.41,DEV_001,POS,Travel,0
TXN_004838,USR_0027,2026-03-28 21:33:43,52.09,Mumbai,1.18,DEV_027,POS,Grocery,0
TXN_004839,USR_0080,2026-01-21 04:53:40,188.36,New York,4.99,DEV_080,POS,Gaming,0
TXN_004840,USR_0055,2026-02-20 13:23:00,71.42,Toronto,1.85,DEV_055,ATM,Electronics,0
TXN_004841,USR_0099,2026-02-08 19:54:45,24.8,Mumbai,3.01,DEV_099,POS,Grocery,0
TXN_004842,USR_0056,2026-01-23 07:22:37,80.35,New York,17.32,DEV_056,POS,Travel,0
TXN_004843,USR_0004,2026-02-12 10:23:58,113.27,Paris,6.34,DEV_105,POS,Luxury,0
TXN_004844,USR_0017,2026-02-04 20:11:26,116.47,London,4.08,DEV_017,ATM,Utilities,0
TXN_004845,USR_0093,2026-02-01 18:25:20,89.72,Berlin,8.64,DEV_093,POS,Travel,0
TXN_004846,USR_0046,2026-03-27 23:29:25,87.29,Sydney,11.38,DEV_046,Online,Utilities,0
TXN_004847,USR_0089,2026-02-26 11:56:44,55.78,Paris,2.15,DEV_089,POS,Transfer,0
TXN_004848,USR_0044,2026-01-15 10:38:06,21.98,Paris,0.84,DEV_044,POS,Utilities,0
TXN_004849,USR_0053,2026-02-28 11:25:49,31.47,Berlin,15.28,DEV_053,ATM,Grocery,0
TXN_004850,USR_0090,2026-02-04 08:29:01,217.45,Paris,6.11,DEV_090,POS,Electronics,0
TXN_004851,USR_0014,2026-03-14 12:15:47,57.11,Sydney,0.7,DEV_014,Online,Grocery,0
TXN_004852,USR_0035,2026-01-01 15:09:31,571.21,Paris,4693.84,DEV_013,Online,Transfer,1
TXN_004853,USR_0005,2026-01-19 19:13:22,21.78,Berlin,10.78,DEV_001,Online,Utilities,0
TXN_004854,USR_0032,2026-01-17 22:17:33,60.41,New York,3.9,DEV_032,ATM,Travel,0
TXN_004855,USR_0026,2026-02-17 11:08:46,109.75,Tokyo,6.23,DEV_026,POS,Electronics,0
TXN_004856,USR_0014,2026-03-25 22:58:24,19.01,Toronto,10.14,DEV_014,POS,Travel,0
TXN_004857,USR_0063,2026-01-18 01:47:17,165.39,Toronto,4.77,DEV_112,POS,Travel,0
TXN_004858,USR_0033,2026-03-12 04:16:28,89.24,London,4.63,DEV_003,Wire Transfer,Utilities,0
TXN_004859,USR_0022,2026-03-03 06:27:09,28.94,Sydney,20.97,DEV_022,POS,Luxury,0
TXN_004860,USR_0050,2026-02-19 22:01:33,28.28,Tokyo,1.73,DEV_050,POS,Transfer,0
TXN_004861,USR_0044,2026-02-14 10:22:11,43.78,Paris,5.6,DEV_044,POS,Gaming,0
TXN_004862,USR_0088,2026-01-18 10:21:21,14.84,New York,0.93,DEV_088,Online,Transfer,0
TXN_004863,USR_0085,2026-01-19 21:03:15,12.91,Berlin,6.84,DEV_115,POS,Gaming,0
TXN_004864,USR_0010,2026-01-06 18:47:14,69.12,Mumbai,4.63,DEV_010,Online,Grocery,0
TXN_004865,USR_0010,2026-02-07 02:31:03,53.07,Tokyo,1.51,DEV_025,Online,Gaming,0
TXN_004866,USR_0038,2026-02-25 23:27:56,71.86,London,4.22,DEV_058,ATM,Electronics,0
TXN_004867,USR_0052,2026-01-27 08:39:52,11.93,Berlin,7.52,DEV_052,Online,Gaming,0
TXN_004868,USR_0035,2026-01-13 06:14:30,30.0,Mumbai,5.15,DEV_128,POS,Utilities,0
TXN_004869,USR_0038,2026-01-14 06:03:00,159.63,Sydney,13.35,DEV_038,Online,Transfer,0
TXN_004870,USR_0084,2026-02-21 09:22:45,256.28,Paris,0.83,DEV_084,ATM,Luxury,0
TXN_004871,USR_0058,2026-01-12 08:24:57,77.59,Tokyo,2.76,DEV_058,POS,Gaming,0
TXN_004872,USR_0095,2026-02-01 01:50:06,13.43,Toronto,1.27,DEV_095,POS,Grocery,0
TXN_004873,USR_0099,2026-03-10 02:51:45,180.81,Mumbai,0.89,DEV_099,Online,Electronics,0
TXN_004874,USR_0044,2026-01-09 12:41:40,29.9,Paris,0.15,DEV_044,POS,Transfer,0
TXN_004875,USR_0004,2026-03-27 21:49:46,71.89,Paris,14.34,DEV_004,POS,Luxury,0
TXN_004876,USR_0038,2026-03-12 15:11:54,125.38,Sydney,3.61,DEV_038,ATM,Grocery,0
TXN_004877,USR_0005,2026-01-28 15:05:03,57.29,Berlin,4.24,DEV_005,POS,Transfer,0
TXN_004878,USR_0018,2026-03-07 12:39:31,18.06,Paris,0.05,DEV_018,Online,Travel,0
TXN_004879,USR_0065,2026-03-15 12:02:11,123.13,London,6.49,DEV_065,ATM,Transfer,0
TXN_004880,USR_0058,2026-01-10 11:57:30,52.29,Tokyo,16.29,DEV_058,Wire Transfer,Grocery,0
TXN_004881,USR_0031,2026-02-16 00:20:57,85.28,Toronto,0.35,DEV_031,ATM,Utilities,0
TXN_004882,USR_0036,2026-02-03 13:34:31,62.79,Paris,0.95,DEV_036,Online,Grocery,0
TXN_004883,USR_0098,2026-02-24 20:17:02,11.03,Tokyo,3.68,DEV_098,POS,Utilities,0
TXN_004884,USR_0028,2026-01-03 15:26:16,22.97,Paris,14.86,DEV_028,POS,Utilities,0
TXN_004885,USR_0078,2026-02-12 05:30:01,178.95,Sydney,2.91,DEV_044,POS,Travel,0
TXN_004886,USR_0015,2026-02-16 23:13:37,21.47,Toronto,7.08,DEV_015,POS,Travel,0
TXN_004887,USR_0068,2026-02-05 08:27:40,39.85,Paris,5.62,DEV_068,Wire Transfer,Gaming,0
TXN_004888,USR_0010,2026-01-10 10:29:11,59.83,Tokyo,6.88,DEV_010,POS,Travel,0
TXN_004889,USR_0050,2026-03-26 05:42:33,19.07,Tokyo,12.4,DEV_097,Wire Transfer,Electronics,0
TXN_004890,USR_0063,2026-03-02 04:42:18,50.92,Toronto,7.54,DEV_063,Wire Transfer,Grocery,0
TXN_004891,USR_0097,2026-02-10 00:12:48,36.77,London,15.55,DEV_014,Online,Transfer,0
TXN_004892,USR_0099,2026-02-03 03:55:31,124.58,Mumbai,4.46,DEV_099,Wire Transfer,Gaming,0
TXN_004893,USR_0024,2026-01-28 03:15:59,85.39,New York,6.87,DEV_024,Online,Electronics,0
TXN_004894,USR_0013,2026-02-20 21:15:12,48.27,London,3.22,DEV_013,Online,Transfer,0
TXN_004895,USR_0042,2026-02-19 09:43:47,31.82,Tokyo,0.8,DEV_042,ATM,Travel,0
TXN_004896,USR_0063,2026-03-17 14:15:33,10.23,Toronto,14.45,DEV_063,ATM,Grocery,0
TXN_004897,USR_0056,2026-03-08 22:21:06,63.66,New York,25.33,DEV_056,POS,Travel,0
TXN_004898,USR_0006,2026-02-19 18:22:06,102.53,Sydney,5.95,DEV_006,POS,Grocery,0
TXN_004899,USR_0097,2026-02-28 09:39:30,34.84,London,5.04,DEV_097,POS,Utilities,0
TXN_004900,USR_0055,2026-02-23 19:13:13,162.67,Toronto,7.91,DEV_055,Online,Gaming,0
TXN_004901,USR_0019,2026-03-09 22:32:35,173.75,Paris,1.64,DEV_019,POS,Electronics,0
TXN_004902,USR_0082,2026-03-06 15:39:01,83.63,Tokyo,3.03,DEV_082,POS,Luxury,0
TXN_004903,USR_0004,2026-01-06 12:38:41,44.55,Paris,3.22,DEV_105,POS,Electronics,0
TXN_004904,USR_0059,2026-03-25 17:09:27,47.45,Mumbai,5.29,DEV_059,Online,Electronics,0
TXN_004905,USR_0049,2026-03-29 14:37:11,41.41,London,3.16,DEV_049,Online,Gaming,0
TXN_004906,USR_0042,2026-01-08 15:25:45,44.39,Tokyo,0.9,DEV_042,Online,Grocery,0
TXN_004907,USR_0082,2026-01-25 04:17:31,370.49,Tokyo,0.23,DEV_082,POS,Grocery,0
TXN_004908,USR_0057,2026-03-06 20:53:04,95.97,Sydney,10.61,DEV_057,Online,Grocery,0
TXN_004909,USR_0078,2026-01-24 17:27:01,248.46,Sydney,4.98,DEV_078,Online,Travel,0
TXN_004910,USR_0007,2026-01-22 02:01:15,376.06,Toronto,2.29,DEV_097,Online,Transfer,0
TXN_004911,USR_0087,2026-03-05 04:28:21,17.25,Toronto,2.02,DEV_087,POS,Electronics,0
TXN_004912,USR_0089,2026-01-17 09:21:07,86.27,London,5.35,DEV_089,POS,Grocery,0
TXN_004913,USR_0047,2026-03-15 02:28:24,129.45,Toronto,3.63,DEV_047,Online,Luxury,0
TXN_004914,USR_0014,2026-02-01 13:43:43,198.4,Sydney,10.89,DEV_014,POS,Grocery,0
TXN_004915,USR_0015,2026-02-03 22:17:41,646.07,Paris,1212.51,DEV_005,ATM,Transfer,1
TXN_004916,USR_0091,2026-01-02 07:10:03,162.19,Mumbai,26.98,DEV_091,Online,Travel,0
TXN_004917,USR_0033,2026-03-22 16:41:42,105.1,London,6.04,DEV_033,ATM,Grocery,0
TXN_004918,USR_0074,2026-02-13 07:07:23,68.82,Tokyo,11.83,DEV_074,Online,Transfer,0
TXN_004919,USR_0036,2026-03-23 04:44:50,1241.66,Sydney,2125.64,DEV_108,Online,Luxury,1
TXN_004920,USR_0018,2026-01-13 02:17:55,79.65,Tokyo,9.77,DEV_018,POS,Gaming,0
TXN_004921,USR_0093,2026-03-26 08:53:41,13.98,Paris,1.22,DEV_093,Online,Travel,0
TXN_004922,USR_0035,2026-02-13 20:06:28,10.73,Mumbai,3.0,DEV_035,Online,Travel,0
TXN_004923,USR_0078,2026-02-02 08:08:26,37.67,Sydney,2.67,DEV_078,Online,Electronics,0
TXN_004924,USR_0100,2026-02-22 01:41:27,14.51,Paris,0.32,DEV_100,POS,Luxury,0
TXN_004925,USR_0071,2026-03-12 23:01:04,60.83,New York,5.53,DEV_071,ATM,Electronics,0
TXN_004926,USR_0001,2026-02-23 23:38:57,17.92,London,13.68,DEV_001,Online,Grocery,0
TXN_004927,USR_0046,2026-01-23 12:22:58,58.79,Tokyo,7.75,DEV_046,Online,Gaming,0
TXN_004928,USR_0011,2026-01-27 20:25:23,37.85,Mumbai,2.06,DEV_011,Wire Transfer,Travel,0
TXN_004929,USR_0071,2026-03-24 15:01:09,147.19,Toronto,1.86,DEV_071,POS,Gaming,0
TXN_004930,USR_0049,2026-03-22 05:39:02,49.81,London,0.4,DEV_049,POS,Transfer,0
TXN_004931,USR_0068,2026-03-10 00:01:59,141.37,Paris,4.75,DEV_068,POS,Transfer,0
TXN_004932,USR_0094,2026-03-26 04:08:56,135.62,Sydney,2.23,DEV_094,ATM,Travel,0
TXN_004933,USR_0069,2026-01-25 13:42:17,37.06,Berlin,0.95,DEV_069,POS,Gaming,0
TXN_004934,USR_0076,2026-01-23 04:06:59,20.94,Paris,3.71,DEV_076,POS,Grocery,0
TXN_004935,USR_0002,2026-02-10 08:34:10,61.38,Tokyo,0.5,DEV_002,Online,Electronics,0
TXN_004936,USR_0034,2026-01-20 07:13:28,58.9,Tokyo,0.64,DEV_034,Online,Grocery,0
TXN_004937,USR_0080,2026-02-05 08:46:23,66.33,Sydney,3.03,DEV_080,Online,Electronics,0
TXN_004938,USR_0052,2026-03-07 09:22:08,34.29,Paris,13.47,DEV_052,POS,Luxury,0
TXN_004939,USR_0010,2026-01-05 17:53:24,64.52,Tokyo,14.69,DEV_104,ATM,Utilities,0
TXN_004940,USR_0046,2026-01-26 11:48:19,14.04,Sydney,2.2,DEV_046,Online,Utilities,0
TXN_004941,USR_0012,2026-03-31 05:51:16,37.15,Paris,0.79,DEV_012,Online,Utilities,0
TXN_004942,USR_0044,2026-01-02 20:51:46,212.94,Paris,1.4,DEV_044,POS,Electronics,0
TXN_004943,USR_0060,2026-02-14 04:11:58,39.85,Paris,8.22,DEV_079,POS,Luxury,0
TXN_004944,USR_0013,2026-01-07 03:33:00,139.22,Berlin,12.8,DEV_013,POS,Luxury,0
TXN_004945,USR_0050,2026-02-24 05:26:32,43.45,Tokyo,11.24,DEV_050,POS,Gaming,0
TXN_004946,USR_0028,2026-02-02 19:08:04,200.88,Paris,13.46,DEV_028,Online,Utilities,0
TXN_004947,USR_0015,2026-01-05 07:17:34,25.87,Toronto,3.31,DEV_015,POS,Grocery,0
TXN_004948,USR_0035,2026-02-21 12:38:50,123.09,Mumbai,0.31,DEV_035,Online,Luxury,0
TXN_004949,USR_0088,2026-03-02 09:15:01,11.63,New York,6.52,DEV_088,Online,Transfer,0
TXN_004950,USR_0015,2026-03-08 09:20:53,3018.69,Berlin,4454.54,DEV_105,ATM,Luxury,1
TXN_004951,USR_0078,2026-02-26 00:27:41,57.46,Sydney,0.59,DEV_078,POS,Electronics,0
TXN_004952,USR_0100,2026-02-22 16:40:54,48.04,Paris,0.44,DEV_100,POS,Utilities,0
TXN_004953,USR_0025,2026-03-16 11:46:41,33.16,London,1.43,DEV_025,POS,Luxury,0
TXN_004954,USR_0029,2026-01-04 15:00:57,2596.62,New York,1728.34,DEV_018,ATM,Luxury,1
TXN_004955,USR_0001,2026-02-01 04:21:51,131.27,London,3.01,DEV_001,Wire Transfer,Travel,0
TXN_004956,USR_0020,2026-01-25 19:12:33,57.45,Paris,6.67,DEV_020,Online,Luxury,0
TXN_004957,USR_0045,2026-03-02 01:34:31,21.87,Berlin,2.94,DEV_045,POS,Gaming,0
TXN_004958,USR_0073,2026-02-12 05:42:15,96.11,London,0.81,DEV_073,Wire Transfer,Electronics,0
TXN_004959,USR_0079,2026-03-25 00:38:24,213.66,Toronto,0.17,DEV_111,ATM,Luxury,0
TXN_004960,USR_0060,2026-01-10 12:09:10,115.85,Paris,3.27,DEV_060,Online,Travel,0
TXN_004961,USR_0096,2026-01-26 20:30:47,69.11,New York,3.97,DEV_096,POS,Grocery,0
TXN_004962,USR_0016,2026-01-17 18:35:09,19.36,New York,5.42,DEV_016,Online,Grocery,0
TXN_004963,USR_0091,2026-01-20 07:35:18,25.27,Sydney,12.87,DEV_091,Online,Utilities,0
TXN_004964,USR_0051,2026-02-27 21:32:11,14.72,Mumbai,4.52,DEV_051,ATM,Grocery,0
TXN_004965,USR_0071,2026-01-28 08:06:02,43.17,Toronto,2.65,DEV_071,Wire Transfer,Utilities,0
TXN_004966,USR_0085,2026-01-09 20:11:05,15.46,Berlin,11.89,DEV_085,Online,Transfer,0
TXN_004967,USR_0052,2026-01-11 22:02:48,180.92,Paris,13.55,DEV_052,POS,Gaming,0
TXN_004968,USR_0079,2026-01-23 20:12:23,66.66,Toronto,9.46,DEV_079,Online,Gaming,0
TXN_004969,USR_0041,2026-03-10 16:21:42,27.2,London,2.91,DEV_041,Online,Gaming,0
TXN_004970,USR_0001,2026-01-28 03:50:35,39.69,London,0.32,DEV_001,POS,Gaming,0
TXN_004971,USR_0074,2026-02-04 07:04:41,25.38,Tokyo,4.14,DEV_074,Online,Utilities,0
TXN_004972,USR_0079,2026-03-08 12:40:34,65.13,Toronto,2.97,DEV_079,Online,Transfer,0
TXN_004973,USR_0008,2026-02-25 22:59:10,73.91,New York,1.02,DEV_008,Online,Travel,0
TXN_004974,USR_0061,2026-03-04 01:23:57,190.93,Berlin,11.2,DEV_079,Online,Luxury,0
TXN_004975,USR_0006,2026-01-18 02:23:42,72.06,Sydney,1.65,DEV_006,POS,Transfer,0
TXN_004976,USR_0018,2026-01-07 19:13:26,12.23,New York,1.34,DEV_018,Online,Transfer,0
TXN_004977,USR_0051,2026-02-02 18:10:07,55.2,Mumbai,8.23,DEV_051,Online,Travel,0
TXN_004978,USR_0051,2026-03-04 08:22:56,16.68,Mumbai,6.33,DEV_051,POS,Gaming,0
TXN_004979,USR_0077,2026-03-25 16:23:03,132.51,Berlin,6.33,DEV_038,Wire Transfer,Travel,0
TXN_004980,USR_0092,2026-02-27 18:55:51,32.57,Paris,13.8,DEV_092,Online,Grocery,0
TXN_004981,USR_0054,2026-01-06 06:10:51,24.12,Sydney,1.04,DEV_054,POS,Travel,0
TXN_004982,USR_0094,2026-01-15 15:59:41,35.47,Sydney,6.8,DEV_094,POS,Luxury,0
TXN_004983,USR_0100,2026-02-07 02:11:25,107.8,Paris,0.08,DEV_100,Online,Travel,0
TXN_004984,USR_0060,2026-03-09 03:11:52,3940.89,Berlin,1936.89,DEV_069,Online,Transfer,1
TXN_004985,USR_0084,2026-03-18 02:47:49,130.99,Paris,10.89,DEV_032,POS,Grocery,0
TXN_004986,USR_0075,2026-01-18 16:55:59,28.75,Mumbai,7.06,DEV_075,POS,Grocery,0
TXN_004987,USR_0086,2026-01-19 14:58:09,101.61,Sydney,2.04,DEV_086,POS,Electronics,0
TXN_004988,USR_0060,2026-01-22 21:56:33,40.12,Paris,6.14,DEV_060,POS,Travel,0
TXN_004989,USR_0010,2026-02-02 20:37:54,41.72,Tokyo,0.38,DEV_010,Online,Grocery,0
TXN_004990,USR_0067,2026-01-01 09:49:31,29.25,Mumbai,2.18,DEV_067,POS,Gaming,0
TXN_004991,USR_0064,2026-03-20 21:03:14,183.39,New York,8.03,DEV_064,POS,Luxury,0
TXN_004992,USR_0034,2026-02-24 11:29:41,80.28,Tokyo,8.1,DEV_034,POS,Utilities,0
TXN_004993,USR_0065,2026-03-18 11:13:43,28.04,London,5.6,DEV_065,Online,Travel,0
TXN_004994,USR_0032,2026-02-11 20:56:23,74.43,New York,1.73,DEV_032,POS,Gaming,0
TXN_004995,USR_0016,2026-01-18 13:35:50,51.99,New York,1.82,DEV_016,ATM,Gaming,0
TXN_004996,USR_0079,2026-01-16 00:02:37,11.49,Toronto,10.21,DEV_079,Online,Transfer,0
TXN_004997,USR_0009,2026-01-03 05:36:19,83.9,London,2.2,DEV_009,POS,Luxury,0
TXN_004998,USR_0060,2026-03-25 06:00:14,72.11,Paris,2.4,DEV_060,POS,Travel,0
TXN_004999,USR_0009,2026-03-03 19:34:15,35.01,London,0.02,DEV_009,POS,Travel,0
TXN_005000,USR_0007,2026-02-02 03:38:41,45.58,Toronto,0.03,DEV_007,ATM,Electronics,0
TXN_005001,USR_0076,2026-02-17 11:03:31,84.81,Paris,0.44,DEV_076,POS,Transfer,0
TXN_005002,USR_0046,2026-02-07 22:04:34,41.94,Sydney,5.14,DEV_046,Online,Transfer,0
TXN_005003,USR_0096,2026-01-11 04:58:57,280.24,New York,7.57,DEV_094,POS,Gaming,0
TXN_005004,USR_0057,2026-01-08 18:02:50,19.85,London,2.04,DEV_057,Online,Transfer,0
TXN_005005,USR_0096,2026-01-21 04:06:42,113.61,New York,0.96,DEV_096,POS,Utilities,0
TXN_005006,USR_0032,2026-03-28 20:07:51,201.96,New York,1.31,DEV_032,POS,Utilities,0
TXN_005007,USR_0085,2026-02-16 02:59:45,36.05,Berlin,4.39,DEV_085,Online,Electronics,0
TXN_005008,USR_0082,2026-03-31 10:43:23,80.0,Tokyo,7.61,DEV_139,Online,Travel,0
TXN_005009,USR_0080,2026-03-13 04:37:37,23.84,New York,2.29,DEV_080,ATM,Luxury,0
TXN_005010,USR_0080,2026-02-06 13:55:56,14.04,New York,5.04,DEV_080,POS,Luxury,0
TXN_005011,USR_0009,2026-02-05 06:02:50,134.26,London,3.53,DEV_066,Online,Electronics,0
TXN_005012,USR_0005,2026-02-01 02:01:56,21.2,Berlin,0.3,DEV_080,Online,Luxury,0
TXN_005013,USR_0042,2026-02-23 22:26:43,10.93,Tokyo,0.63,DEV_042,POS,Gaming,0
TXN_005014,USR_0016,2026-01-17 13:29:43,31.07,New York,1.72,DEV_016,POS,Transfer,0
TXN_005015,USR_0018,2026-03-05 10:51:52,477.13,Toronto,843.29,DEV_082,Online,Electronics,1
TXN_005016,USR_0028,2026-01-20 10:22:37,78.75,Paris,12.66,DEV_028,Online,Transfer,0
TXN_005017,USR_0040,2026-03-27 09:57:30,82.3,New York,0.67,DEV_079,Wire Transfer,Grocery,0
TXN_005018,USR_0017,2026-02-25 22:52:37,62.86,London,8.35,DEV_017,POS,Electronics,0
TXN_005019,USR_0043,2026-02-22 05:20:20,158.15,Mumbai,9.36,DEV_043,Online,Travel,0
TXN_005020,USR_0086,2026-02-11 17:39:29,33.73,Sydney,4.69,DEV_086,Wire Transfer,Luxury,0
TXN_005021,USR_0057,2026-01-25 03:20:04,49.72,London,1.05,DEV_057,Online,Utilities,0
TXN_005022,USR_0040,2026-01-19 06:58:31,29.51,New York,3.44,DEV_040,POS,Luxury,0
TXN_005023,USR_0075,2026-01-16 17:47:26,74.03,Mumbai,2.32,DEV_147,Online,Electronics,0
TXN_005024,USR_0044,2026-01-04 18:00:35,84.96,Paris,2.83,DEV_044,Online,Grocery,0
TXN_005025,USR_0012,2026-02-05 10:23:19,17.76,Paris,5.29,DEV_022,POS,Travel,0
TXN_005026,USR_0043,2026-03-30 02:59:00,14.83,Berlin,8.94,DEV_043,POS,Travel,0
TXN_005027,USR_0036,2026-01-09 21:39:08,286.2,Paris,2.67,DEV_036,Online,Grocery,0
TXN_005028,USR_0070,2026-01-26 21:31:44,125.59,Sydney,1.07,DEV_037,Online,Transfer,0
TXN_005029,USR_0010,2026-02-06 17:20:11,36.23,Tokyo,17.31,DEV_010,Online,Grocery,0
TXN_005030,USR_0021,2026-02-17 05:34:26,30.42,Berlin,0.07,DEV_021,Online,Gaming,0
TXN_005031,USR_0040,2026-01-15 20:48:28,77.96,New York,1.88,DEV_040,Online,Grocery,0
TXN_005032,USR_0090,2026-03-14 18:29:40,20.75,Tokyo,12.3,DEV_090,Online,Luxury,0
TXN_005033,USR_0047,2026-03-22 04:02:38,25.98,Toronto,9.2,DEV_047,Online,Grocery,0
TXN_005034,USR_0043,2026-03-19 13:42:27,23.49,Mumbai,3.7,DEV_095,Online,Electronics,0
TXN_005035,USR_0047,2026-02-26 01:13:54,154.63,Toronto,1.2,DEV_047,POS,Transfer,0
TXN_005036,USR_0013,2026-03-03 22:58:58,49.54,Berlin,0.78,DEV_013,POS,Utilities,0
TXN_005037,USR_0098,2026-01-17 21:54:16,87.37,Tokyo,1.19,DEV_098,POS,Utilities,0
TXN_005038,USR_0089,2026-03-15 21:47:45,40.48,London,3.22,DEV_089,Online,Utilities,0
TXN_005039,USR_0014,2026-02-21 08:03:49,80.75,Sydney,2.97,DEV_080,POS,Electronics,0
TXN_005040,USR_0023,2026-03-24 01:42:23,31.84,Toronto,9.41,DEV_030,POS,Travel,0
TXN_005041,USR_0056,2026-03-17 08:56:09,42.4,Paris,4.18,DEV_056,POS,Electronics,0
TXN_005042,USR_0079,2026-03-18 06:35:48,37.75,Toronto,3.23,DEV_079,Online,Electronics,0
TXN_005043,USR_0066,2026-01-22 11:02:51,74.1,Tokyo,4.21,DEV_028,Wire Transfer,Electronics,0
TXN_005044,USR_0022,2026-03-07 13:55:28,138.09,Sydney,0.09,DEV_022,POS,Luxury,0
TXN_005045,USR_0100,2026-02-01 12:00:38,35.22,Paris,6.8,DEV_100,POS,Grocery,0
TXN_005046,USR_0085,2026-01-06 05:35:13,42.05,Berlin,10.02,DEV_085,POS,Grocery,0
TXN_005047,USR_0050,2026-03-03 11:49:50,109.11,Tokyo,2.82,DEV_050,POS,Utilities,0
TXN_005048,USR_0093,2026-02-27 17:11:25,318.16,Berlin,1.4,DEV_093,ATM,Grocery,0
TXN_005049,USR_0054,2026-03-24 22:40:26,14.09,Sydney,1.61,DEV_054,POS,Travel,0
TXN_005050,USR_0032,2026-01-31 13:44:05,55.36,Berlin,1.03,DEV_032,Online,Travel,0
TXN_005051,USR_0054,2026-03-02 04:41:54,132.54,Sydney,1.7,DEV_054,Online,Luxury,0
TXN_005052,USR_0071,2026-02-10 07:27:02,44.58,Toronto,2.18,DEV_071,ATM,Travel,0
TXN_005053,USR_0084,2026-01-21 21:57:26,258.6,Paris,10.82,DEV_084,Online,Gaming,0
TXN_005054,USR_0076,2026-03-17 08:23:40,10.33,Paris,5.37,DEV_076,Online,Luxury,0
TXN_005055,USR_0018,2026-01-23 21:33:16,95.57,Tokyo,2.12,DEV_083,Online,Grocery,0
TXN_005056,USR_0099,2026-03-19 23:33:41,1816.56,New York,3889.4,DEV_027,Online,Luxury,1
TXN_005057,USR_0072,2026-01-24 21:05:52,17.68,New York,7.51,DEV_067,POS,Luxury,0
TXN_005058,USR_0071,2026-01-08 19:58:06,40.7,Toronto,0.31,DEV_071,Online,Gaming,0
TXN_005059,USR_0097,2026-02-05 22:32:48,17.9,London,0.18,DEV_097,Online,Electronics,0
TXN_005060,USR_0045,2026-02-23 19:06:46,32.38,Berlin,1.77,DEV_045,Online,Luxury,0
TXN_005061,USR_0081,2026-02-27 05:59:16,20.05,London,15.89,DEV_063,Wire Transfer,Utilities,0
TXN_005062,USR_0020,2026-01-26 10:57:16,19.22,Paris,11.07,DEV_020,ATM,Travel,0
TXN_005063,USR_0011,2026-03-12 09:20:59,11.42,Mumbai,2.4,DEV_011,POS,Grocery,0
TXN_005064,USR_0051,2026-03-15 23:27:46,36.62,Mumbai,2.66,DEV_051,Online,Transfer,0
TXN_005065,USR_0059,2026-03-18 06:02:00,16.47,Mumbai,5.74,DEV_059,POS,Utilities,0
TXN_005066,USR_0076,2026-01-22 07:46:06,23.76,Paris,3.13,DEV_045,Wire Transfer,Transfer,0
TXN_005067,USR_0042,2026-01-26 10:14:04,32.08,Tokyo,4.43,DEV_042,POS,Electronics,0
TXN_005068,USR_0009,2026-02-27 09:49:44,417.82,Sydney,3929.02,DEV_102,Wire Transfer,Gaming,1
TXN_005069,USR_0039,2026-02-18 20:59:29,63.24,Toronto,3.01,DEV_039,POS,Utilities,0
TXN_005070,USR_0062,2026-02-06 02:11:04,41.36,Sydney,0.22,DEV_070,Online,Electronics,0
TXN_005071,USR_0096,2026-03-19 05:43:43,55.55,New York,12.78,DEV_139,POS,Transfer,0
TXN_005072,USR_0038,2026-02-20 23:45:07,14.96,Toronto,9.98,DEV_038,Online,Gaming,0
TXN_005073,USR_0038,2026-03-15 06:41:33,108.53,Sydney,0.66,DEV_038,Wire Transfer,Travel,0
TXN_005074,USR_0051,2026-03-16 19:35:37,152.86,Mumbai,1.96,DEV_068,ATM,Travel,0
TXN_005075,USR_0079,2026-01-25 11:06:48,121.07,Toronto,0.57,DEV_079,POS,Grocery,0
TXN_005076,USR_0024,2026-03-06 19:53:43,563.68,Toronto,2682.18,DEV_116,ATM,Transfer,1
TXN_005077,USR_0092,2026-01-28 23:18:30,47.48,Paris,3.85,DEV_143,POS,Travel,0
TXN_005078,USR_0064,2026-02-15 17:58:23,10.36,New York,6.91,DEV_064,POS,Electronics,0
TXN_005079,USR_0023,2026-03-14 06:04:22,93.73,Toronto,7.75,DEV_023,POS,Travel,0
TXN_005080,USR_0023,2026-03-05 20:22:14,154.52,Toronto,0.48,DEV_023,POS,Grocery,0
TXN_005081,USR_0027,2026-02-11 10:46:14,44.85,Mumbai,6.47,DEV_027,POS,Gaming,0
TXN_005082,USR_0085,2026-03-30 22:22:34,10.94,Berlin,3.78,DEV_036,ATM,Luxury,0
TXN_005083,USR_0012,2026-02-20 03:54:11,95.6,Paris,5.32,DEV_012,POS,Travel,0
TXN_005084,USR_0080,2026-01-28 19:29:45,4985.24,Tokyo,2021.61,DEV_002,ATM,Transfer,1
TXN_005085,USR_0018,2026-03-12 20:04:20,176.68,Toronto,16.57,DEV_028,Online,Luxury,0
TXN_005086,USR_0055,2026-02-27 06:02:48,18.88,Toronto,3.2,DEV_055,Online,Electronics,0
TXN_005087,USR_0012,2026-03-30 13:59:50,37.24,New York,15.13,DEV_012,Online,Travel,0
TXN_005088,USR_0056,2026-01-20 00:05:08,219.28,New York,0.26,DEV_056,ATM,Transfer,0
TXN_005089,USR_0003,2026-03-15 12:59:18,167.66,Mumbai,5.75,DEV_131,ATM,Luxury,0
TXN_005090,USR_0024,2026-02-05 00:17:50,84.78,New York,5.99,DEV_024,Online,Gaming,0
TXN_005091,USR_0064,2026-02-03 13:31:32,444.47,New York,5.22,DEV_064,Online,Travel,0
TXN_005092,USR_0028,2026-01-24 19:10:27,53.05,Paris,5.99,DEV_028,POS,Gaming,0
TXN_005093,USR_0002,2026-02-17 17:19:49,67.5,Tokyo,0.08,DEV_002,Wire Transfer,Utilities,0
TXN_005094,USR_0028,2026-02-15 03:14:41,45.02,Paris,8.24,DEV_028,POS,Gaming,0
TXN_005095,USR_0008,2026-02-09 16:03:30,20.2,New York,1.95,DEV_023,POS,Gaming,0
TXN_005096,USR_0003,2026-03-12 11:10:01,329.17,Toronto,6.91,DEV_003,POS,Transfer,0
TXN_005097,USR_0011,2026-02-01 10:46:16,95.0,Mumbai,5.91,DEV_011,POS,Transfer,0
TXN_005098,USR_0035,2026-03-29 08:30:30,1070.18,Toronto,1511.53,DEV_078,Online,Transfer,1
TXN_005099,USR_0071,2026-01-27 00:42:46,46.1,Paris,1.87,DEV_125,Online,Luxury,0
TXN_005100,USR_0059,2026-03-18 05:59:00,27.75,Mumbai,12.1,DEV_059,POS,Electronics,0
TXN_005101,USR_0056,2026-01-28 06:08:39,110.41,New York,4.42,DEV_056,Online,Gaming,0
TXN_005102,USR_0074,2026-02-09 23:09:08,27.12,Tokyo,1.52,DEV_074,Online,Transfer,0
TXN_005103,USR_0044,2026-02-08 21:52:15,331.46,Tokyo,9.28,DEV_044,Online,Gaming,0
TXN_005104,USR_0024,2026-01-24 17:09:34,150.09,New York,2.77,DEV_024,Online,Travel,0
TXN_005105,USR_0010,2026-02-15 02:29:55,130.61,Mumbai,8.19,DEV_010,Online,Travel,0
TXN_005106,USR_0090,2026-01-05 18:45:36,44.99,Tokyo,2.49,DEV_090,ATM,Grocery,0
TXN_005107,USR_0021,2026-01-16 09:01:46,401.21,London,321.72,DEV_143,Online,Electronics,1
TXN_005108,USR_0007,2026-02-04 06:46:53,78.85,Toronto,4.99,DEV_007,POS,Transfer,0
TXN_005109,USR_0049,2026-03-23 19:17:56,71.52,London,13.93,DEV_049,Wire Transfer,Gaming,0
TXN_005110,USR_0008,2026-01-08 13:41:06,33.86,New York,1.89,DEV_008,POS,Travel,0
TXN_005111,USR_0095,2026-02-15 11:28:33,84.37,Toronto,4.3,DEV_109,ATM,Travel,0
TXN_005112,USR_0042,2026-01-09 04:32:58,29.65,Toronto,1.39,DEV_042,POS,Grocery,0
TXN_005113,USR_0096,2026-01-17 23:53:04,34.18,New York,8.08,DEV_096,ATM,Utilities,0
TXN_005114,USR_0034,2026-03-09 02:00:26,61.18,Tokyo,0.55,DEV_103,Online,Electronics,0
TXN_005115,USR_0002,2026-01-28 22:59:17,48.26,Tokyo,2.87,DEV_002,POS,Travel,0
TXN_005116,USR_0013,2026-03-03 11:25:44,33.61,Berlin,17.84,DEV_013,POS,Electronics,0
TXN_005117,USR_0074,2026-02-07 09:51:56,58.48,Tokyo,6.93,DEV_074,Online,Gaming,0
TXN_005118,USR_0036,2026-03-18 04:46:38,11.22,Paris,0.83,DEV_036,POS,Grocery,0
TXN_005119,USR_0040,2026-03-31 21:31:07,55.6,New York,1.17,DEV_040,Online,Electronics,0
TXN_005120,USR_0058,2026-03-14 17:23:00,69.14,Tokyo,5.91,DEV_058,Online,Travel,0
TXN_005121,USR_0026,2026-03-29 15:22:42,12.71,Tokyo,21.07,DEV_026,POS,Luxury,0
TXN_005122,USR_0089,2026-01-23 14:30:24,11.57,London,3.28,DEV_089,ATM,Luxury,0
TXN_005123,USR_0039,2026-01-02 10:39:39,166.29,Toronto,1.4,DEV_039,POS,Gaming,0
TXN_005124,USR_0086,2026-02-02 06:41:12,239.0,Sydney,0.94,DEV_086,Online,Electronics,0
TXN_005125,USR_0074,2026-01-05 22:41:04,69.19,Tokyo,0.8,DEV_074,Online,Travel,0
TXN_005126,USR_0041,2026-02-14 11:11:57,50.55,London,4.97,DEV_041,Online,Electronics,0
TXN_005127,USR_0046,2026-03-08 10:19:14,109.85,Sydney,6.37,DEV_046,POS,Luxury,0
TXN_005128,USR_0093,2026-03-12 00:36:04,78.67,Tokyo,0.94,DEV_093,POS,Luxury,0
TXN_005129,USR_0070,2026-02-07 11:28:04,170.53,Sydney,6.41,DEV_070,POS,Electronics,0
TXN_005130,USR_0038,2026-03-05 17:28:24,102.69,Sydney,2.87,DEV_038,POS,Electronics,0
TXN_005131,USR_0048,2026-02-09 13:27:27,246.29,New York,0.48,DEV_048,Online,Electronics,0
TXN_005132,USR_0059,2026-01-23 02:43:52,87.41,Mumbai,0.15,DEV_059,Online,Utilities,0
TXN_005133,USR_0046,2026-01-25 23:33:13,126.97,Sydney,18.4,DEV_046,ATM,Luxury,0
TXN_005134,USR_0039,2026-01-25 02:54:34,108.9,Toronto,8.26,DEV_135,Online,Gaming,0
TXN_005135,USR_0094,2026-03-17 11:27:59,41.62,Sydney,1.12,DEV_142,ATM,Luxury,0
TXN_005136,USR_0078,2026-01-30 22:59:51,117.53,Sydney,11.29,DEV_078,POS,Luxury,0
TXN_005137,USR_0046,2026-01-02 04:40:53,86.5,Sydney,2.41,DEV_046,ATM,Grocery,0
TXN_005138,USR_0060,2026-03-10 07:52:22,20.93,Sydney,10.01,DEV_060,Online,Transfer,0
TXN_005139,USR_0006,2026-02-21 17:39:41,66.6,Sydney,4.93,DEV_006,Online,Travel,0
TXN_005140,USR_0015,2026-01-28 20:30:14,44.31,Toronto,3.77,DEV_016,ATM,Luxury,0
TXN_005141,USR_0086,2026-01-11 14:54:31,47.44,Sydney,1.74,DEV_086,POS,Travel,0
TXN_005142,USR_0067,2026-02-04 00:54:21,45.28,Mumbai,0.45,DEV_139,POS,Utilities,0
TXN_005143,USR_0011,2026-01-23 22:21:58,204.34,Mumbai,0.94,DEV_011,POS,Grocery,0
TXN_005144,USR_0090,2026-01-04 07:29:33,81.45,Tokyo,0.24,DEV_090,POS,Travel,0
TXN_005145,USR_0084,2026-01-09 08:12:51,68.67,Berlin,8.3,DEV_084,POS,Electronics,0
TXN_005146,USR_0080,2026-03-30 13:35:19,34.73,New York,3.64,DEV_080,Online,Transfer,0
TXN_005147,USR_0081,2026-02-07 13:58:22,51.96,New York,0.41,DEV_081,Online,Utilities,0
TXN_005148,USR_0057,2026-03-12 17:28:05,93.65,Paris,3.26,DEV_026,Online,Travel,0
TXN_005149,USR_0064,2026-01-16 06:12:58,67.92,New York,12.14,DEV_064,Online,Utilities,0
TXN_005150,USR_0073,2026-02-08 07:18:17,17.67,London,1.99,DEV_073,Online,Grocery,0
TXN_005151,USR_0069,2026-02-10 15:18:27,32.76,Berlin,9.4,DEV_069,Online,Electronics,0
TXN_005152,USR_0007,2026-03-29 12:36:47,215.41,Toronto,4.06,DEV_007,POS,Electronics,0
TXN_005153,USR_0013,2026-02-15 11:27:17,81.54,Berlin,2.73,DEV_013,Online,Luxury,0
TXN_005154,USR_0003,2026-03-14 13:14:53,44.74,Mumbai,8.33,DEV_003,POS,Electronics,0
TXN_005155,USR_0026,2026-03-29 17:48:34,175.66,Tokyo,4.16,DEV_026,Online,Gaming,0
TXN_005156,USR_0023,2026-03-19 23:55:09,12.55,Toronto,2.21,DEV_023,Online,Electronics,0
TXN_005157,USR_0086,2026-03-26 10:55:59,18.9,Sydney,0.1,DEV_086,Online,Luxury,0
TXN_005158,USR_0019,2026-02-08 20:18:41,948.06,London,4905.24,DEV_002,ATM,Luxury,1
TXN_005159,USR_0050,2026-02-03 06:20:19,19.25,Tokyo,0.57,DEV_118,POS,Luxury,0
TXN_005160,USR_0010,2026-01-27 22:56:50,13.01,Tokyo,5.13,DEV_010,POS,Utilities,0
TXN_005161,USR_0001,2026-03-20 04:56:34,15.1,London,3.84,DEV_001,Wire Transfer,Transfer,0
TXN_005162,USR_0078,2026-02-11 17:57:24,26.14,Sydney,5.48,DEV_078,POS,Transfer,0
TXN_005163,USR_0028,2026-02-25 08:29:27,93.82,Paris,2.2,DEV_028,Online,Gaming,0
TXN_005164,USR_0001,2026-02-03 10:00:59,101.52,London,3.58,DEV_001,Online,Utilities,0
TXN_005165,USR_0027,2026-02-05 02:17:43,20.47,Mumbai,3.51,DEV_027,ATM,Utilities,0
TXN_005166,USR_0073,2026-03-19 14:45:13,119.97,London,3.47,DEV_100,ATM,Electronics,0
TXN_005167,USR_0013,2026-01-16 11:26:56,72.05,Berlin,8.82,DEV_013,POS,Utilities,0
TXN_005168,USR_0011,2026-01-22 20:37:42,103.49,Mumbai,0.66,DEV_011,Online,Transfer,0
TXN_005169,USR_0061,2026-01-02 16:58:57,119.06,Berlin,2.55,DEV_061,Online,Transfer,0
TXN_005170,USR_0011,2026-01-31 14:58:51,56.67,Mumbai,4.26,DEV_011,Online,Travel,0
TXN_005171,USR_0034,2026-02-16 22:11:52,151.29,Tokyo,9.66,DEV_034,POS,Luxury,0
TXN_005172,USR_0047,2026-01-03 08:23:23,48.87,Toronto,1.57,DEV_047,POS,Gaming,0
TXN_005173,USR_0077,2026-03-12 00:06:01,35.34,Berlin,1.46,DEV_077,Online,Electronics,0
TXN_005174,USR_0090,2026-02-14 02:05:40,10.12,Tokyo,8.52,DEV_090,POS,Luxury,0
TXN_005175,USR_0096,2026-03-13 21:14:25,91.66,New York,0.2,DEV_096,POS,Transfer,0
TXN_005176,USR_0019,2026-01-18 20:08:20,122.42,Mumbai,2.73,DEV_019,POS,Travel,0
TXN_005177,USR_0083,2026-03-02 14:28:53,24.09,Mumbai,1.73,DEV_083,POS,Transfer,0
TXN_005178,USR_0054,2026-01-24 03:18:20,33.32,Sydney,3.54,DEV_054,ATM,Transfer,0
TXN_005179,USR_0037,2026-03-15 01:51:02,24.83,Berlin,4.58,DEV_037,Online,Transfer,0
TXN_005180,USR_0011,2026-03-27 00:40:52,53.3,Mumbai,9.41,DEV_011,ATM,Luxury,0
TXN_005181,USR_0016,2026-01-31 20:43:51,46.63,New York,5.18,DEV_016,ATM,Gaming,0
TXN_005182,USR_0006,2026-03-29 19:21:42,87.62,Sydney,1.94,DEV_006,Online,Travel,0
TXN_005183,USR_0083,2026-02-01 22:46:44,301.39,Mumbai,3.23,DEV_083,POS,Electronics,0
TXN_005184,USR_0042,2026-03-06 23:41:49,279.41,Tokyo,17.4,DEV_042,Online,Luxury,0
TXN_005185,USR_0021,2026-03-23 02:27:29,32.5,Mumbai,11.08,DEV_021,Online,Luxury,0
TXN_005186,USR_0094,2026-02-13 23:42:37,40.63,Sydney,3.85,DEV_094,POS,Gaming,0
TXN_005187,USR_0014,2026-01-22 21:11:19,20.11,Sydney,5.15,DEV_097,ATM,Electronics,0
TXN_005188,USR_0086,2026-03-30 13:48:26,181.6,Sydney,1.36,DEV_086,ATM,Transfer,0
TXN_005189,USR_0027,2026-01-27 18:22:32,21.5,Mumbai,1.93,DEV_027,ATM,Electronics,0
TXN_005190,USR_0047,2026-02-26 20:41:00,49.65,Toronto,4.07,DEV_047,POS,Transfer,0
TXN_005191,USR_0082,2026-01-08 06:35:53,372.16,Tokyo,5.74,DEV_082,Online,Electronics,0
TXN_005192,USR_0072,2026-03-27 14:12:00,16.61,New York,1.83,DEV_072,Online,Luxury,0
TXN_005193,USR_0028,2026-03-01 08:07:52,51.54,Paris,1.32,DEV_028,Online,Transfer,0
TXN_005194,USR_0055,2026-03-25 18:50:44,167.47,Toronto,2.54,DEV_055,Online,Transfer,0
TXN_005195,USR_0029,2026-01-14 12:03:10,228.47,Berlin,3.98,DEV_029,Wire Transfer,Transfer,0
TXN_005196,USR_0090,2026-03-25 04:14:08,56.57,Tokyo,7.28,DEV_090,POS,Utilities,0
TXN_005197,USR_0022,2026-01-02 16:21:52,23.27,Sydney,4.66,DEV_022,Online,Transfer,0
TXN_005198,USR_0024,2026-03-30 18:23:43,130.76,New York,11.79,DEV_024,POS,Transfer,0
TXN_005199,USR_0028,2026-01-18 08:39:28,134.73,Paris,0.7,DEV_110,Online,Luxury,0
TXN_005200,USR_0027,2026-03-13 18:46:04,72.77,Mumbai,14.41,DEV_027,Wire Transfer,Travel,0
TXN_005201,USR_0098,2026-02-23 02:18:32,100.78,Tokyo,8.65,DEV_098,ATM,Transfer,0
TXN_005202,USR_0013,2026-01-13 02:20:40,101.03,Berlin,1.37,DEV_013,POS,Utilities,0
TXN_005203,USR_0005,2026-02-28 03:09:45,97.63,Berlin,3.44,DEV_055,Wire Transfer,Utilities,0
TXN_005204,USR_0077,2026-02-21 10:51:35,17.3,Berlin,25.61,DEV_077,POS,Luxury,0
TXN_005205,USR_0096,2026-02-19 16:36:23,48.25,London,14.78,DEV_096,Online,Utilities,0
TXN_005206,USR_0021,2026-01-04 00:19:48,52.71,Berlin,0.26,DEV_021,POS,Grocery,0
TXN_005207,USR_0049,2026-01-23 16:51:35,66.3,London,2.34,DEV_123,Online,Electronics,0
TXN_005208,USR_0024,2026-01-25 00:01:47,98.68,Mumbai,2.57,DEV_003,POS,Gaming,0
TXN_005209,USR_0004,2026-02-10 15:55:14,31.61,Paris,2.84,DEV_004,ATM,Travel,0
TXN_005210,USR_0097,2026-03-06 11:19:28,141.98,London,9.16,DEV_097,Online,Gaming,0
TXN_005211,USR_0008,2026-01-15 10:47:43,18.3,New York,0.87,DEV_023,Online,Gaming,0
TXN_005212,USR_0009,2026-03-19 19:47:29,81.25,London,2.97,DEV_009,Online,Utilities,0
TXN_005213,USR_0082,2026-03-13 16:36:55,111.52,Tokyo,1.6,DEV_084,Wire Transfer,Utilities,0
TXN_005214,USR_0077,2026-03-06 21:47:50,11.83,Berlin,17.46,DEV_077,Online,Luxury,0
TXN_005215,USR_0003,2026-02-20 17:51:53,14.45,Mumbai,4.15,DEV_003,POS,Utilities,0
TXN_005216,USR_0020,2026-02-14 23:01:08,96.07,Paris,0.52,DEV_020,Online,Travel,0
TXN_005217,USR_0085,2026-02-12 23:26:11,34.7,Sydney,1.31,DEV_085,POS,Travel,0
TXN_005218,USR_0021,2026-01-08 14:02:00,114.49,Berlin,1.48,DEV_021,Online,Utilities,0
TXN_005219,USR_0005,2026-01-17 02:40:10,33.74,Berlin,3.24,DEV_005,POS,Grocery,0
TXN_005220,USR_0059,2026-03-10 00:31:46,56.57,Mumbai,7.66,DEV_059,Online,Utilities,0
TXN_005221,USR_0053,2026-01-29 23:01:46,10.09,Berlin,0.46,DEV_053,Online,Gaming,0
TXN_005222,USR_0028,2026-01-31 22:54:13,45.6,Paris,4.13,DEV_032,Online,Travel,0
TXN_005223,USR_0059,2026-01-06 06:05:35,113.97,Mumbai,3.88,DEV_059,Online,Luxury,0
TXN_005224,USR_0025,2026-02-03 22:48:59,19.69,London,0.01,DEV_099,POS,Travel,0
TXN_005225,USR_0082,2026-02-19 05:30:59,20.02,Tokyo,0.63,DEV_082,POS,Luxury,0
TXN_005226,USR_0049,2026-02-24 02:18:19,13.38,London,4.43,DEV_049,Online,Luxury,0
TXN_005227,USR_0043,2026-02-22 14:10:07,78.62,Mumbai,1.81,DEV_043,POS,Travel,0
TXN_005228,USR_0061,2026-01-04 02:22:23,48.57,Berlin,25.48,DEV_061,ATM,Transfer,0
TXN_005229,USR_0081,2026-03-13 20:51:40,17.29,London,3.71,DEV_081,Online,Electronics,0
TXN_005230,USR_0050,2026-01-08 14:53:17,38.07,Tokyo,1.76,DEV_050,Online,Grocery,0
TXN_005231,USR_0090,2026-02-15 07:28:17,24.31,Tokyo,4.3,DEV_090,ATM,Utilities,0
TXN_005232,USR_0048,2026-02-02 09:11:29,140.87,New York,7.54,DEV_066,POS,Grocery,0
TXN_005233,USR_0043,2026-03-06 21:52:27,46.1,Mumbai,3.59,DEV_043,POS,Gaming,0
TXN_005234,USR_0096,2026-01-04 06:12:12,116.52,New York,17.56,DEV_042,Online,Electronics,0
TXN_005235,USR_0008,2026-03-23 20:17:30,195.85,New York,5.93,DEV_008,ATM,Electronics,0
TXN_005236,USR_0087,2026-02-04 07:46:17,75.98,Toronto,4.85,DEV_087,ATM,Grocery,0
TXN_005237,USR_0055,2026-01-14 13:31:52,54.61,Toronto,3.47,DEV_040,POS,Grocery,0
TXN_005238,USR_0017,2026-01-28 19:27:44,13.84,London,5.43,DEV_089,Online,Electronics,0
TXN_005239,USR_0010,2026-02-14 12:05:11,17.48,Tokyo,1.94,DEV_136,Online,Transfer,0
TXN_005240,USR_0057,2026-01-10 03:49:00,19.75,London,17.35,DEV_057,Online,Grocery,0
TXN_005241,USR_0028,2026-01-07 15:35:16,22.41,Paris,3.95,DEV_028,ATM,Utilities,0
TXN_005242,USR_0095,2026-03-30 09:23:41,15.16,Toronto,3.03,DEV_095,Online,Travel,0
TXN_005243,USR_0065,2026-01-26 04:55:08,45.29,London,2.31,DEV_082,Online,Utilities,0
TXN_005244,USR_0002,2026-01-06 04:49:51,127.05,Tokyo,2.53,DEV_002,POS,Gaming,0
TXN_005245,USR_0002,2026-03-29 09:09:49,46.37,Tokyo,1.34,DEV_002,POS,Luxury,0
TXN_005246,USR_0061,2026-03-18 17:01:47,10.65,Tokyo,8.09,DEV_061,POS,Luxury,0
TXN_005247,USR_0062,2026-02-17 16:40:02,135.37,Sydney,6.12,DEV_062,POS,Travel,0
TXN_005248,USR_0049,2026-02-16 06:44:55,12.43,London,25.17,DEV_049,ATM,Luxury,0
TXN_005249,USR_0029,2026-01-16 08:03:15,69.04,London,2.41,DEV_029,Online,Luxury,0
TXN_005250,USR_0030,2026-02-06 07:56:27,194.11,Sydney,0.65,DEV_030,Online,Transfer,0
TXN_005251,USR_0027,2026-02-06 09:40:30,57.85,Mumbai,4.04,DEV_024,POS,Grocery,0
TXN_005252,USR_0098,2026-01-17 20:44:37,48.34,New York,8.15,DEV_098,ATM,Grocery,0
TXN_005253,USR_0082,2026-03-07 04:59:23,127.47,Tokyo,4.38,DEV_082,POS,Grocery,0
TXN_005254,USR_0018,2026-03-01 01:34:06,39.02,Tokyo,2.29,DEV_018,POS,Transfer,0
TXN_005255,USR_0085,2026-03-07 11:40:27,104.3,Berlin,0.5,DEV_085,POS,Luxury,0
TXN_005256,USR_0034,2026-03-11 20:44:23,50.19,Tokyo,4.07,DEV_034,Online,Luxury,0
TXN_005257,USR_0026,2026-02-25 14:05:14,12.61,Tokyo,3.66,DEV_026,Online,Gaming,0
TXN_005258,USR_0040,2026-03-21 21:24:18,57.16,Sydney,4.16,DEV_040,POS,Electronics,0
TXN_005259,USR_0039,2026-01-27 07:14:14,146.89,Toronto,3.16,DEV_039,ATM,Luxury,0
TXN_005260,USR_0033,2026-03-30 07:43:18,738.31,Berlin,3038.76,DEV_033,Online,Gaming,1
TXN_005261,USR_0047,2026-01-24 15:03:59,31.43,Toronto,5.77,DEV_058,POS,Grocery,0
TXN_005262,USR_0044,2026-03-29 18:11:32,57.99,Paris,1.15,DEV_044,ATM,Electronics,0
TXN_005263,USR_0013,2026-02-26 19:46:34,56.15,Berlin,6.37,DEV_013,POS,Transfer,0
TXN_005264,USR_0073,2026-03-09 17:32:01,71.62,London,1.77,DEV_073,Wire Transfer,Electronics,0
TXN_005265,USR_0048,2026-02-28 01:07:08,276.78,New York,12.85,DEV_048,ATM,Travel,0
TXN_005266,USR_0088,2026-03-06 08:31:19,13.06,New York,11.07,DEV_088,POS,Travel,0
TXN_005267,USR_0032,2026-02-04 20:05:21,149.23,New York,0.39,DEV_032,POS,Gaming,0
TXN_005268,USR_0052,2026-02-21 21:28:25,3197.56,London,3490.67,DEV_071,Wire Transfer,Luxury,1
TXN_005269,USR_0023,2026-02-18 21:03:25,63.9,Toronto,3.52,DEV_023,POS,Gaming,0
TXN_005270,USR_0052,2026-01-15 18:34:07,20.5,Paris,0.09,DEV_052,POS,Gaming,0
TXN_005271,USR_0072,2026-01-03 15:03:13,97.65,New York,1.11,DEV_072,ATM,Travel,0
TXN_005272,USR_0083,2026-03-14 11:09:36,49.71,Mumbai,7.75,DEV_083,POS,Electronics,0
TXN_005273,USR_0002,2026-02-12 03:19:48,166.18,Sydney,2.06,DEV_002,Online,Transfer,0
TXN_005274,USR_0044,2026-02-21 07:34:57,63.17,Paris,1.24,DEV_044,POS,Travel,0
TXN_005275,USR_0069,2026-03-25 02:02:29,89.77,Berlin,10.28,DEV_069,Wire Transfer,Utilities,0
TXN_005276,USR_0065,2026-03-21 20:52:21,43.52,London,5.06,DEV_065,Online,Travel,0
TXN_005277,USR_0084,2026-03-05 20:22:47,56.95,Paris,1.01,DEV_084,Online,Gaming,0
TXN_005278,USR_0010,2026-01-05 15:26:42,287.05,Tokyo,15.9,DEV_010,Online,Utilities,0
TXN_005279,USR_0085,2026-01-24 03:20:10,12.84,Berlin,0.96,DEV_085,POS,Grocery,0
TXN_005280,USR_0062,2026-02-11 10:53:57,66.55,Sydney,2.89,DEV_062,Online,Electronics,0
TXN_005281,USR_0004,2026-03-30 04:34:27,20.15,Paris,7.85,DEV_004,POS,Electronics,0
TXN_005282,USR_0046,2026-02-28 04:45:53,74.69,Sydney,3.46,DEV_046,POS,Grocery,0
TXN_005283,USR_0033,2026-01-01 08:33:45,56.36,London,1.33,DEV_033,Online,Grocery,0
TXN_005284,USR_0057,2026-01-27 00:41:11,10.65,London,4.02,DEV_138,POS,Grocery,0
TXN_005285,USR_0044,2026-03-19 06:46:32,143.04,Paris,18.63,DEV_044,POS,Gaming,0
TXN_005286,USR_0054,2026-03-22 12:56:16,206.86,Sydney,6.54,DEV_053,ATM,Utilities,0
TXN_005287,USR_0026,2026-01-28 13:02:04,70.0,Tokyo,13.45,DEV_026,Online,Utilities,0
TXN_005288,USR_0098,2026-02-15 13:05:44,14.37,Tokyo,2.76,DEV_098,Online,Luxury,0
TXN_005289,USR_0082,2026-01-15 02:02:38,46.28,Tokyo,1.61,DEV_045,POS,Grocery,0
TXN_005290,USR_0040,2026-02-08 06:22:57,2208.52,Paris,822.77,DEV_031,Online,Electronics,1
TXN_005291,USR_0089,2026-02-23 01:52:27,116.77,London,0.65,DEV_089,Wire Transfer,Utilities,0
TXN_005292,USR_0058,2026-03-19 06:13:10,942.0,Berlin,386.3,DEV_035,Wire Transfer,Transfer,1
TXN_005293,USR_0003,2026-03-15 18:44:05,37.7,Mumbai,5.01,DEV_003,Online,Electronics,0
TXN_005294,USR_0096,2026-03-11 04:42:16,46.79,New York,14.74,DEV_090,ATM,Transfer,0
TXN_005295,USR_0029,2026-03-27 21:38:44,61.51,Berlin,2.63,DEV_029,Online,Utilities,0
TXN_005296,USR_0077,2026-03-27 09:40:43,20.26,Berlin,13.69,DEV_077,Online,Electronics,0
TXN_005297,USR_0039,2026-03-22 04:02:49,48.85,Toronto,1.61,DEV_039,ATM,Luxury,0
TXN_005298,USR_0007,2026-02-06 06:55:25,76.96,Tokyo,9.42,DEV_007,Online,Luxury,0
TXN_005299,USR_0088,2026-03-02 17:07:07,26.93,New York,5.23,DEV_088,POS,Luxury,0
TXN_005300,USR_0062,2026-03-26 16:20:27,111.62,Sydney,10.98,DEV_062,POS,Electronics,0
TXN_005301,USR_0045,2026-02-01 12:29:27,196.02,Berlin,2.34,DEV_045,Online,Transfer,0
TXN_005302,USR_0043,2026-01-20 05:14:18,34.28,Mumbai,2.34,DEV_043,ATM,Electronics,0
TXN_005303,USR_0076,2026-03-12 07:13:54,37.44,Paris,0.03,DEV_076,Wire Transfer,Utilities,0
TXN_005304,USR_0051,2026-01-10 12:56:14,30.79,Mumbai,14.29,DEV_051,POS,Utilities,0
TXN_005305,USR_0013,2026-03-28 17:44:46,38.52,Berlin,11.14,DEV_013,POS,Transfer,0
TXN_005306,USR_0032,2026-03-07 11:11:23,41.37,Tokyo,7.16,DEV_032,POS,Gaming,0
TXN_005307,USR_0086,2026-01-30 05:44:53,80.63,Sydney,0.38,DEV_086,ATM,Gaming,0
TXN_005308,USR_0004,2026-02-21 13:25:29,13.64,Paris,13.62,DEV_004,Online,Gaming,0
TXN_005309,USR_0074,2026-01-18 17:02:04,12.35,Tokyo,10.56,DEV_074,POS,Utilities,0
TXN_005310,USR_0001,2026-03-23 21:48:19,31.78,London,5.34,DEV_001,ATM,Gaming,0
TXN_005311,USR_0021,2026-02-14 19:18:41,13.84,Berlin,8.35,DEV_021,Online,Travel,0
TXN_005312,USR_0065,2026-02-23 04:25:59,150.03,London,0.95,DEV_065,Online,Luxury,0
TXN_005313,USR_0051,2026-01-18 19:49:14,131.08,Mumbai,11.99,DEV_051,POS,Utilities,0
TXN_005314,USR_0094,2026-02-09 22:07:09,24.51,Sydney,1.55,DEV_094,Online,Travel,0
TXN_005315,USR_0035,2026-02-04 03:58:46,45.82,Mumbai,1.37,DEV_035,POS,Electronics,0
TXN_005316,USR_0100,2026-03-23 11:50:07,97.46,Tokyo,8.58,DEV_100,Online,Transfer,0
TXN_005317,USR_0069,2026-03-01 04:09:04,231.37,Berlin,2.48,DEV_069,POS,Transfer,0
TXN_005318,USR_0005,2026-03-28 05:15:17,24.92,Berlin,3.53,DEV_005,POS,Utilities,0
TXN_005319,USR_0009,2026-02-16 11:57:51,39.63,London,6.24,DEV_009,Wire Transfer,Gaming,0
TXN_005320,USR_0093,2026-01-05 04:36:02,64.07,Berlin,4.56,DEV_093,Online,Travel,0
TXN_005321,USR_0026,2026-03-31 15:21:53,93.62,Tokyo,1.02,DEV_026,POS,Gaming,0
TXN_005322,USR_0019,2026-01-03 15:09:02,30.89,Mumbai,16.77,DEV_019,Online,Transfer,0
TXN_005323,USR_0081,2026-01-01 21:19:24,19.04,London,4.79,DEV_081,Online,Travel,0
TXN_005324,USR_0002,2026-02-24 19:43:46,70.1,Tokyo,4.18,DEV_002,Online,Utilities,0
TXN_005325,USR_0029,2026-03-12 19:35:06,209.41,Paris,5.25,DEV_029,POS,Travel,0
TXN_005326,USR_0040,2026-01-02 13:30:25,111.04,New York,1.6,DEV_040,Online,Utilities,0
TXN_005327,USR_0087,2026-03-03 20:29:08,71.02,Toronto,5.88,DEV_087,Online,Gaming,0
TXN_005328,USR_0027,2026-03-14 05:24:19,40.46,Mumbai,6.01,DEV_144,Wire Transfer,Luxury,0
TXN_005329,USR_0043,2026-02-14 11:18:51,105.88,Tokyo,2.12,DEV_043,Online,Luxury,0
TXN_005330,USR_0039,2026-03-06 07:17:07,190.39,Tokyo,2.55,DEV_039,POS,Gaming,0
TXN_005331,USR_0083,2026-01-27 02:23:57,76.32,Mumbai,3.38,DEV_083,ATM,Luxury,0
TXN_005332,USR_0030,2026-03-17 06:49:39,65.07,Toronto,3.65,DEV_030,Online,Grocery,0
TXN_005333,USR_0030,2026-03-23 22:53:57,75.76,Sydney,3.16,DEV_030,Online,Electronics,0
TXN_005334,USR_0005,2026-02-21 07:47:31,119.47,Berlin,0.15,DEV_005,ATM,Travel,0
TXN_005335,USR_0040,2026-03-08 05:50:22,39.57,Berlin,0.15,DEV_040,ATM,Travel,0
TXN_005336,USR_0030,2026-03-04 18:30:12,14.05,Sydney,1.66,DEV_030,Wire Transfer,Transfer,0
TXN_005337,USR_0062,2026-01-26 06:10:02,133.23,Sydney,2.67,DEV_109,POS,Utilities,0
TXN_005338,USR_0008,2026-01-26 06:38:42,28.14,New York,2.11,DEV_008,Online,Travel,0
TXN_005339,USR_0014,2026-02-16 18:25:55,113.79,Sydney,6.55,DEV_065,POS,Grocery,0
TXN_005340,USR_0049,2026-03-12 13:55:16,74.38,London,3.48,DEV_049,POS,Transfer,0
TXN_005341,USR_0016,2026-03-30 06:18:33,33.22,New York,0.59,DEV_016,POS,Luxury,0
TXN_005342,USR_0039,2026-01-21 13:49:54,466.58,Toronto,2.44,DEV_039,Online,Luxury,0
TXN_005343,USR_0061,2026-03-01 22:31:30,15.78,Berlin,7.37,DEV_113,ATM,Travel,0
TXN_005344,USR_0009,2026-02-12 22:50:35,47.52,London,1.36,DEV_009,POS,Transfer,0
TXN_005345,USR_0092,2026-01-30 14:37:08,53.51,Paris,15.68,DEV_001,POS,Gaming,0
TXN_005346,USR_0062,2026-02-05 10:41:56,131.65,Sydney,1.86,DEV_062,ATM,Gaming,0
TXN_005347,USR_0052,2026-01-18 07:11:15,116.01,Paris,4.76,DEV_065,Online,Grocery,0
TXN_005348,USR_0010,2026-03-22 17:30:07,315.97,Tokyo,10.19,DEV_010,POS,Travel,0
TXN_005349,USR_0033,2026-01-03 10:40:07,64.83,London,4.12,DEV_033,Online,Travel,0
TXN_005350,USR_0095,2026-01-31 19:40:51,20.18,Toronto,1.25,DEV_095,Online,Electronics,0
TXN_005351,USR_0059,2026-03-12 00:53:21,24.17,Sydney,5.26,DEV_059,POS,Luxury,0
TXN_005352,USR_0082,2026-01-05 04:25:56,57.14,Tokyo,13.73,DEV_082,POS,Grocery,0
TXN_005353,USR_0067,2026-02-18 19:49:49,39.45,Mumbai,0.85,DEV_067,POS,Luxury,0
TXN_005354,USR_0048,2026-01-02 19:53:57,83.2,New York,4.48,DEV_048,POS,Electronics,0
TXN_005355,USR_0080,2026-02-08 15:45:11,48.3,New York,4.31,DEV_080,POS,Gaming,0
TXN_005356,USR_0055,2026-02-13 02:01:39,19.86,Toronto,5.55,DEV_055,POS,Grocery,0
TXN_005357,USR_0075,2026-02-06 20:25:34,173.48,Mumbai,2.29,DEV_075,Online,Electronics,0
TXN_005358,USR_0036,2026-01-03 17:18:32,16.09,Paris,10.57,DEV_036,ATM,Grocery,0
TXN_005359,USR_0071,2026-01-11 20:27:46,41.27,Toronto,0.89,DEV_071,POS,Transfer,0
TXN_005360,USR_0075,2026-02-08 14:45:04,1445.04,Toronto,3989.5,DEV_128,Online,Electronics,1
TXN_005361,USR_0018,2026-02-17 03:44:31,13.95,Toronto,3.47,DEV_018,POS,Electronics,0
TXN_005362,USR_0004,2026-03-15 08:34:12,40.47,Paris,1.1,DEV_004,ATM,Travel,0
TXN_005363,USR_0070,2026-02-18 18:44:46,36.12,Sydney,4.71,DEV_070,ATM,Gaming,0
TXN_005364,USR_0037,2026-01-07 04:58:45,55.08,Berlin,5.2,DEV_037,Online,Luxury,0
TXN_005365,USR_0036,2026-02-28 07:47:53,55.28,Paris,1.91,DEV_036,Online,Gaming,0
TXN_005366,USR_0093,2026-03-28 05:03:57,77.09,Berlin,1.84,DEV_093,Online,Luxury,0
TXN_005367,USR_0098,2026-02-22 05:30:15,56.78,Tokyo,9.07,DEV_098,POS,Luxury,0
TXN_005368,USR_0013,2026-02-01 06:42:33,46.57,Berlin,12.21,DEV_013,Online,Transfer,0
TXN_005369,USR_0047,2026-02-02 22:16:15,36.32,Toronto,1.92,DEV_047,POS,Utilities,0
TXN_005370,USR_0089,2026-03-10 17:46:26,122.67,Sydney,13.3,DEV_089,ATM,Grocery,0
TXN_005371,USR_0050,2026-01-07 00:01:54,39.86,Tokyo,2.68,DEV_127,ATM,Utilities,0
TXN_005372,USR_0009,2026-03-18 12:18:07,1077.55,Tokyo,3225.51,DEV_127,ATM,Gaming,1
TXN_005373,USR_0095,2026-01-10 18:42:47,29.56,Toronto,0.47,DEV_095,Online,Gaming,0
TXN_005374,USR_0045,2026-03-11 13:15:37,85.75,Berlin,12.78,DEV_045,Online,Electronics,0
TXN_005375,USR_0040,2026-01-18 09:54:31,69.31,New York,1.05,DEV_040,POS,Electronics,0
TXN_005376,USR_0089,2026-02-20 19:02:04,46.51,London,9.18,DEV_089,Online,Gaming,0
TXN_005377,USR_0021,2026-02-15 14:04:28,83.61,Berlin,1.41,DEV_021,POS,Utilities,0
TXN_005378,USR_0007,2026-03-20 04:06:02,34.65,Toronto,11.33,DEV_050,ATM,Transfer,0
TXN_005379,USR_0037,2026-02-06 03:09:24,23.24,Berlin,1.87,DEV_130,POS,Utilities,0
TXN_005380,USR_0089,2026-01-17 14:25:29,36.4,London,13.7,DEV_089,Online,Electronics,0
TXN_005381,USR_0099,2026-01-13 23:02:13,14.12,Berlin,15.24,DEV_097,POS,Transfer,0
TXN_005382,USR_0066,2026-02-04 10:37:54,94.43,Tokyo,4.23,DEV_104,POS,Utilities,0
TXN_005383,USR_0012,2026-03-13 07:24:01,126.58,Paris,9.96,DEV_012,Online,Transfer,0
TXN_005384,USR_0024,2026-03-29 15:30:37,34.89,New York,0.61,DEV_024,Online,Transfer,0
TXN_005385,USR_0014,2026-03-24 07:26:17,89.77,Sydney,3.02,DEV_014,Wire Transfer,Travel,0
TXN_005386,USR_0018,2026-02-06 16:10:53,28.29,Tokyo,26.3,DEV_017,POS,Luxury,0
TXN_005387,USR_0027,2026-01-14 08:35:18,94.3,Mumbai,23.81,DEV_006,ATM,Grocery,0
TXN_005388,USR_0018,2026-01-12 11:55:34,90.85,Tokyo,1.63,DEV_018,POS,Transfer,0
TXN_005389,USR_0086,2026-03-21 15:32:07,361.71,Sydney,14.43,DEV_063,Online,Electronics,0
TXN_005390,USR_0022,2026-01-24 14:08:09,51.67,Sydney,1.54,DEV_022,ATM,Grocery,0
TXN_005391,USR_0014,2026-03-13 04:22:31,302.38,Sydney,11.89,DEV_014,POS,Gaming,0
TXN_005392,USR_0023,2026-01-15 15:23:48,16.31,Toronto,2.53,DEV_023,POS,Grocery,0
TXN_005393,USR_0007,2026-01-04 23:19:14,59.53,Toronto,12.72,DEV_007,Online,Gaming,0
TXN_005394,USR_0052,2026-01-18 15:03:09,65.83,Mumbai,3.01,DEV_052,Online,Gaming,0
TXN_005395,USR_0077,2026-02-20 14:09:25,77.17,Berlin,2.21,DEV_077,POS,Utilities,0
TXN_005396,USR_0080,2026-01-21 12:05:45,54.45,New York,5.51,DEV_080,POS,Grocery,0
TXN_005397,USR_0011,2026-03-13 12:14:21,22.62,Sydney,6.9,DEV_011,ATM,Electronics,0
TXN_005398,USR_0004,2026-01-13 03:11:18,88.64,Paris,1.74,DEV_004,Online,Luxury,0
TXN_005399,USR_0077,2026-03-03 22:37:15,280.97,Berlin,2.53,DEV_077,ATM,Travel,0
TXN_005400,USR_0025,2026-02-04 17:50:40,17.49,London,1.06,DEV_025,POS,Electronics,0
TXN_005401,USR_0003,2026-02-15 12:24:54,52.3,Mumbai,0.88,DEV_003,POS,Transfer,0
TXN_005402,USR_0048,2026-02-12 04:25:24,162.93,New York,9.1,DEV_048,POS,Gaming,0
TXN_005403,USR_0053,2026-03-19 20:33:23,298.08,Berlin,18.91,DEV_104,ATM,Gaming,0
TXN_005404,USR_0012,2026-02-03 14:45:35,681.56,Berlin,3988.73,DEV_003,ATM,Electronics,1
TXN_005405,USR_0095,2026-02-18 00:01:55,16.91,Toronto,4.99,DEV_095,ATM,Electronics,0
TXN_005406,USR_0094,2026-03-29 16:50:04,32.44,Sydney,3.93,DEV_094,Online,Travel,0
TXN_005407,USR_0027,2026-02-24 04:16:04,42.4,Mumbai,4.08,DEV_027,POS,Utilities,0
TXN_005408,USR_0080,2026-02-02 09:36:48,27.55,New York,27.56,DEV_080,POS,Grocery,0
TXN_005409,USR_0006,2026-03-04 01:21:14,27.98,Sydney,3.36,DEV_006,ATM,Travel,0
TXN_005410,USR_0095,2026-03-05 22:43:31,50.24,Toronto,5.9,DEV_095,Online,Grocery,0
TXN_005411,USR_0030,2026-02-04 17:48:48,205.33,Sydney,24.77,DEV_116,Online,Electronics,0
TXN_005412,USR_0047,2026-01-25 10:04:07,41.72,Toronto,0.49,DEV_047,ATM,Grocery,0
TXN_005413,USR_0069,2026-03-07 03:22:22,73.21,Berlin,3.47,DEV_069,ATM,Electronics,0
TXN_005414,USR_0044,2026-03-05 06:29:08,19.51,Paris,0.25,DEV_044,ATM,Travel,0
TXN_005415,USR_0040,2026-03-27 22:47:49,41.25,New York,2.65,DEV_094,Online,Grocery,0
TXN_005416,USR_0025,2026-02-26 18:05:33,93.34,Paris,1.0,DEV_083,Online,Luxury,0
TXN_005417,USR_0003,2026-03-21 17:41:16,79.42,Mumbai,5.52,DEV_003,Online,Gaming,0
TXN_005418,USR_0016,2026-02-07 05:29:51,73.87,New York,1.0,DEV_016,POS,Grocery,0
TXN_005419,USR_0093,2026-03-22 20:18:34,152.89,Berlin,4.22,DEV_093,ATM,Utilities,0
TXN_005420,USR_0028,2026-02-13 06:25:13,5890.75,Berlin,2388.05,DEV_130,Online,Electronics,1
TXN_005421,USR_0071,2026-03-21 17:22:07,89.44,Toronto,2.15,DEV_071,POS,Travel,0
TXN_005422,USR_0043,2026-02-02 19:44:24,137.14,Mumbai,5.86,DEV_043,Online,Transfer,0
TXN_005423,USR_0010,2026-03-05 10:26:22,14.78,Tokyo,4.65,DEV_010,ATM,Luxury,0
TXN_005424,USR_0095,2026-03-25 20:39:49,36.33,Toronto,11.46,DEV_095,POS,Grocery,0
TXN_005425,USR_0043,2026-02-21 08:03:37,241.01,Mumbai,7.39,DEV_043,Online,Utilities,0
TXN_005426,USR_0007,2026-03-24 14:41:54,37.39,Toronto,0.56,DEV_007,POS,Luxury,0
TXN_005427,USR_0054,2026-03-14 13:06:24,65.08,Sydney,1.13,DEV_054,POS,Gaming,0
TXN_005428,USR_0019,2026-01-04 06:54:47,12.26,Mumbai,18.26,DEV_019,POS,Travel,0
TXN_005429,USR_0027,2026-02-16 19:51:02,78.19,Mumbai,1.36,DEV_027,POS,Grocery,0
TXN_005430,USR_0023,2026-03-07 19:48:05,93.49,Toronto,5.97,DEV_023,POS,Utilities,0
TXN_005431,USR_0001,2026-01-29 23:43:43,72.95,London,9.6,DEV_001,POS,Luxury,0
TXN_005432,USR_0051,2026-02-02 22:02:02,31.42,Mumbai,1.09,DEV_051,POS,Utilities,0
TXN_005433,USR_0088,2026-01-13 02:26:54,116.32,New York,1.92,DEV_088,POS,Utilities,0
TXN_005434,USR_0042,2026-03-26 21:48:44,99.59,Tokyo,6.24,DEV_042,Wire Transfer,Travel,0
TXN_005435,USR_0088,2026-03-13 09:17:41,11.96,New York,0.33,DEV_088,Online,Luxury,0
TXN_005436,USR_0063,2026-01-04 15:36:41,37.11,Toronto,0.84,DEV_063,Wire Transfer,Luxury,0
TXN_005437,USR_0001,2026-02-26 19:19:49,36.65,London,0.37,DEV_001,POS,Utilities,0
TXN_005438,USR_0075,2026-01-06 15:42:26,26.64,Mumbai,3.04,DEV_131,POS,Gaming,0
TXN_005439,USR_0056,2026-03-31 10:57:43,70.89,New York,2.3,DEV_119,POS,Transfer,0
TXN_005440,USR_0040,2026-03-19 20:42:56,37.9,New York,8.89,DEV_040,POS,Luxury,0
TXN_005441,USR_0053,2026-01-03 13:29:10,10.35,Berlin,1.9,DEV_053,Online,Electronics,0
TXN_005442,USR_0060,2026-02-15 14:37:59,43.11,Paris,2.68,DEV_060,POS,Electronics,0
TXN_005443,USR_0068,2026-03-07 16:49:31,87.17,Paris,6.56,DEV_068,POS,Luxury,0
TXN_005444,USR_0040,2026-01-24 22:31:39,261.91,New York,16.81,DEV_040,Online,Utilities,0
TXN_005445,USR_0059,2026-03-08 21:59:57,72.86,Mumbai,13.63,DEV_059,Online,Transfer,0
TXN_005446,USR_0075,2026-02-06 22:44:55,49.15,Mumbai,4.2,DEV_075,Wire Transfer,Transfer,0
TXN_005447,USR_0066,2026-02-27 11:18:11,27.55,Berlin,4.19,DEV_066,Online,Grocery,0
TXN_005448,USR_0043,2026-01-14 06:42:22,129.49,Mumbai,7.2,DEV_043,Online,Travel,0
TXN_005449,USR_0009,2026-03-19 21:08:11,65.04,London,1.3,DEV_009,POS,Transfer,0
TXN_005450,USR_0067,2026-01-16 18:45:11,146.04,Mumbai,5.14,DEV_067,Online,Transfer,0
TXN_005451,USR_0026,2026-02-06 15:50:01,34.59,London,0.4,DEV_026,Online,Utilities,0
TXN_005452,USR_0054,2026-02-09 23:33:26,36.97,Sydney,2.57,DEV_054,POS,Travel,0
TXN_005453,USR_0080,2026-01-08 12:04:18,248.46,New York,8.68,DEV_080,Online,Utilities,0
TXN_005454,USR_0001,2026-01-04 12:06:55,15.06,Mumbai,2.34,DEV_059,Online,Travel,0
TXN_005455,USR_0077,2026-03-29 05:14:49,41.76,Berlin,12.07,DEV_077,POS,Transfer,0
TXN_005456,USR_0039,2026-02-18 07:51:47,139.14,Toronto,4.67,DEV_039,Online,Travel,0
TXN_005457,USR_0073,2026-03-17 07:03:18,156.73,London,12.8,DEV_073,POS,Travel,0
TXN_005458,USR_0062,2026-03-29 23:39:10,56.25,Sydney,0.48,DEV_062,POS,Gaming,0
TXN_005459,USR_0013,2026-01-01 14:52:19,32.36,Berlin,12.6,DEV_013,Online,Electronics,0
TXN_005460,USR_0074,2026-03-15 17:25:04,55.51,Tokyo,1.15,DEV_074,POS,Gaming,0
TXN_005461,USR_0015,2026-01-17 21:09:48,20.02,Toronto,4.96,DEV_015,Online,Luxury,0
TXN_005462,USR_0082,2026-03-04 11:29:03,72.37,Tokyo,27.35,DEV_082,POS,Transfer,0
TXN_005463,USR_0001,2026-01-10 04:55:18,46.07,Tokyo,13.79,DEV_144,ATM,Grocery,0
TXN_005464,USR_0032,2026-03-05 21:33:40,173.23,New York,3.47,DEV_032,Online,Grocery,0
TXN_005465,USR_0058,2026-02-19 13:01:21,70.56,Tokyo,10.49,DEV_058,ATM,Transfer,0
TXN_005466,USR_0087,2026-03-09 12:22:18,207.45,Toronto,7.23,DEV_087,Online,Gaming,0
TXN_005467,USR_0012,2026-03-31 10:00:25,52.42,Paris,3.59,DEV_012,Wire Transfer,Gaming,0
TXN_005468,USR_0062,2026-02-25 02:34:49,22.38,Sydney,5.69,DEV_062,Online,Grocery,0
TXN_005469,USR_0098,2026-03-05 20:32:51,84.92,Tokyo,9.52,DEV_098,POS,Luxury,0
TXN_005470,USR_0080,2026-02-21 17:39:44,33.9,New York,1.96,DEV_080,ATM,Travel,0
TXN_005471,USR_0020,2026-01-03 13:02:00,36.52,Paris,8.87,DEV_020,POS,Gaming,0
TXN_005472,USR_0096,2026-02-03 10:12:55,91.23,New York,6.22,DEV_096,Online,Grocery,0
TXN_005473,USR_0091,2026-03-02 05:35:39,42.44,Mumbai,1.95,DEV_091,Online,Transfer,0
TXN_005474,USR_0061,2026-01-10 11:52:25,21.01,Berlin,10.62,DEV_061,Online,Electronics,0
TXN_005475,USR_0090,2026-03-27 12:42:38,23.0,Tokyo,1.26,DEV_090,POS,Utilities,0
TXN_005476,USR_0001,2026-03-14 11:14:20,59.56,London,2.74,DEV_001,ATM,Utilities,0
TXN_005477,USR_0062,2026-01-19 07:24:45,107.08,Sydney,4.86,DEV_062,Online,Grocery,0
TXN_005478,USR_0032,2026-01-17 14:41:17,234.43,Mumbai,2.64,DEV_032,POS,Utilities,0
TXN_005479,USR_0076,2026-01-11 03:49:03,252.5,Paris,0.27,DEV_076,POS,Grocery,0
TXN_005480,USR_0067,2026-01-07 04:03:34,44.0,Tokyo,6.88,DEV_067,Online,Luxury,0
TXN_005481,USR_0008,2026-01-20 16:12:47,78.66,New York,10.69,DEV_008,Online,Gaming,0
TXN_005482,USR_0030,2026-01-16 17:42:04,41.94,Sydney,9.98,DEV_030,Online,Electronics,0
TXN_005483,USR_0061,2026-03-30 03:00:13,241.19,Berlin,18.88,DEV_061,Online,Electronics,0
TXN_005484,USR_0051,2026-02-23 00:38:06,36.18,Mumbai,1.67,DEV_051,POS,Electronics,0
TXN_005485,USR_0052,2026-01-13 09:47:29,2855.61,Tokyo,3015.7,DEV_113,Online,Electronics,1
TXN_005486,USR_0047,2026-02-18 05:21:01,52.96,Toronto,4.98,DEV_047,POS,Electronics,0
TXN_005487,USR_0056,2026-01-03 08:24:01,29.51,New York,2.36,DEV_056,POS,Transfer,0
TXN_005488,USR_0055,2026-03-15 23:04:05,116.61,Paris,6.69,DEV_055,Online,Utilities,0
TXN_005489,USR_0077,2026-02-09 17:24:40,21.95,Berlin,2.35,DEV_077,POS,Travel,0
TXN_005490,USR_0040,2026-01-14 21:09:13,165.9,New York,4.64,DEV_040,Online,Utilities,0
TXN_005491,USR_0092,2026-01-18 02:55:43,19.25,Paris,0.54,DEV_092,ATM,Luxury,0
TXN_005492,USR_0044,2026-01-12 23:43:59,3330.82,Mumbai,929.69,DEV_135,ATM,Luxury,1
TXN_005493,USR_0070,2026-01-14 08:30:40,16.52,Sydney,3.78,DEV_070,POS,Grocery,0
TXN_005494,USR_0052,2026-01-17 02:09:55,61.56,Paris,3.06,DEV_052,POS,Travel,0
TXN_005495,USR_0048,2026-02-02 09:07:38,23.11,New York,12.84,DEV_048,POS,Travel,0
TXN_005496,USR_0087,2026-02-21 10:17:41,90.82,Toronto,1.18,DEV_087,POS,Gaming,0
TXN_005497,USR_0074,2026-03-16 03:59:18,18.58,Tokyo,3.44,DEV_036,ATM,Utilities,0
TXN_005498,USR_0079,2026-02-09 07:27:44,113.45,Toronto,1.56,DEV_079,ATM,Travel,0
TXN_005499,USR_0018,2026-01-01 14:18:47,114.36,Tokyo,3.71,DEV_001,Online,Luxury,0
TXN_005500,USR_0010,2026-03-12 18:00:50,18.87,Tokyo,5.9,DEV_010,POS,Gaming,0
TXN_005501,USR_0002,2026-02-20 08:55:57,54.4,Tokyo,2.79,DEV_026,Online,Utilities,0
TXN_005502,USR_0046,2026-03-04 08:22:05,32.66,Sydney,4.78,DEV_046,POS,Luxury,0
TXN_005503,USR_0033,2026-03-30 14:34:19,42.99,London,7.24,DEV_033,POS,Travel,0
TXN_005504,USR_0001,2026-01-13 10:17:24,128.07,London,7.88,DEV_001,POS,Travel,0
TXN_005505,USR_0006,2026-02-21 10:23:34,139.69,Toronto,3.01,DEV_006,Online,Travel,0
TXN_005506,USR_0067,2026-03-11 22:26:03,82.08,Mumbai,2.13,DEV_067,POS,Luxury,0
TXN_005507,USR_0022,2026-03-14 03:26:53,149.15,Sydney,11.68,DEV_022,POS,Electronics,0
TXN_005508,USR_0065,2026-02-26 00:18:48,238.76,London,0.28,DEV_065,Online,Transfer,0
TXN_005509,USR_0044,2026-03-05 03:39:59,287.94,Paris,6.91,DEV_110,POS,Transfer,0
TXN_005510,USR_0077,2026-02-20 16:15:44,212.34,Berlin,4.87,DEV_147,Online,Luxury,0
TXN_005511,USR_0033,2026-03-09 00:28:50,33.38,London,1.3,DEV_033,POS,Gaming,0
TXN_005512,USR_0100,2026-03-09 13:04:07,124.17,Paris,3.93,DEV_100,Online,Luxury,0
TXN_005513,USR_0071,2026-03-05 16:55:43,21.1,Toronto,1.41,DEV_071,Online,Transfer,0
TXN_005514,USR_0086,2026-03-04 21:41:17,87.7,New York,0.17,DEV_086,Online,Transfer,0
TXN_005515,USR_0074,2026-03-30 15:37:58,41.96,Tokyo,0.71,DEV_074,Online,Luxury,0
TXN_005516,USR_0046,2026-03-19 01:37:06,89.68,Sydney,1.63,DEV_046,POS,Luxury,0
TXN_005517,USR_0067,2026-01-09 14:23:29,47.32,Sydney,2.38,DEV_067,Online,Travel,0
TXN_005518,USR_0076,2026-03-24 20:07:20,62.33,Paris,11.75,DEV_076,POS,Luxury,0
TXN_005519,USR_0021,2026-03-13 19:14:58,14.31,Berlin,19.04,DEV_021,POS,Luxury,0
TXN_005520,USR_0027,2026-01-02 05:15:06,115.63,Mumbai,0.71,DEV_079,Online,Gaming,0
TXN_005521,USR_0087,2026-01-06 04:20:44,28.55,Toronto,2.73,DEV_087,Online,Luxury,0
TXN_005522,USR_0001,2026-02-05 16:27:14,140.88,London,1.03,DEV_114,Online,Travel,0
TXN_005523,USR_0001,2026-03-03 13:08:24,78.59,London,0.08,DEV_001,ATM,Gaming,0
TXN_005524,USR_0003,2026-02-03 07:03:55,71.91,Mumbai,2.38,DEV_003,Online,Travel,0
TXN_005525,USR_0024,2026-02-05 10:47:43,33.6,New York,7.81,DEV_024,POS,Grocery,0
TXN_005526,USR_0022,2026-03-23 18:54:24,11.17,Sydney,9.83,DEV_022,ATM,Electronics,0
TXN_005527,USR_0019,2026-02-13 21:44:16,57.92,Mumbai,9.58,DEV_007,Online,Utilities,0
TXN_005528,USR_0068,2026-01-08 14:51:20,102.84,Paris,0.01,DEV_125,Online,Luxury,0
TXN_005529,USR_0004,2026-01-16 01:09:13,25.66,Paris,0.56,DEV_004,POS,Travel,0
TXN_005530,USR_0040,2026-03-15 06:12:35,28.5,New York,7.25,DEV_040,POS,Transfer,0
TXN_005531,USR_0065,2026-01-03 11:23:55,19.99,London,0.92,DEV_065,POS,Transfer,0
TXN_005532,USR_0049,2026-03-31 00:31:25,264.87,London,3.8,DEV_049,Online,Gaming,0
TXN_005533,USR_0026,2026-03-16 11:48:04,54.61,Tokyo,0.22,DEV_026,Online,Travel,0
TXN_005534,USR_0074,2026-03-05 00:01:06,134.4,Tokyo,0.48,DEV_074,Online,Luxury,0
TXN_005535,USR_0024,2026-03-26 10:09:47,1732.26,Berlin,3349.17,DEV_013,Wire Transfer,Transfer,1
TXN_005536,USR_0081,2026-01-27 04:07:57,21.5,London,5.8,DEV_081,POS,Gaming,0
TXN_005537,USR_0004,2026-03-18 18:30:27,25.08,Paris,8.44,DEV_004,Wire Transfer,Utilities,0
TXN_005538,USR_0052,2026-01-19 10:45:07,19.1,Paris,1.31,DEV_072,Online,Travel,0
TXN_005539,USR_0038,2026-03-29 06:32:23,22.5,Sydney,3.39,DEV_038,Online,Grocery,0
TXN_005540,USR_0088,2026-02-15 18:25:11,202.32,New York,0.43,DEV_088,POS,Travel,0
TXN_005541,USR_0049,2026-01-05 15:16:44,98.05,London,0.27,DEV_080,POS,Transfer,0
TXN_005542,USR_0002,2026-03-28 12:18:52,22.96,Tokyo,2.73,DEV_018,Online,Grocery,0
TXN_005543,USR_0055,2026-02-17 16:07:30,52.26,Toronto,0.39,DEV_055,Online,Electronics,0
TXN_005544,USR_0004,2026-01-12 13:46:50,56.07,Paris,0.59,DEV_004,POS,Gaming,0
TXN_005545,USR_0067,2026-03-11 16:27:17,17.96,Mumbai,3.28,DEV_067,Online,Gaming,0
TXN_005546,USR_0030,2026-02-18 00:48:19,29.5,Sydney,6.7,DEV_089,POS,Gaming,0
TXN_005547,USR_0008,2026-03-06 08:06:49,28.44,New York,11.11,DEV_008,POS,Gaming,0
TXN_005548,USR_0075,2026-03-29 22:34:16,44.44,Mumbai,0.63,DEV_075,ATM,Gaming,0
TXN_005549,USR_0040,2026-03-06 18:18:40,41.62,New York,0.75,DEV_040,POS,Travel,0
TXN_005550,USR_0043,2026-02-15 18:09:36,55.36,Mumbai,2.04,DEV_043,POS,Transfer,0
TXN_005551,USR_0080,2026-01-22 16:35:41,32.32,Mumbai,5.07,DEV_080,POS,Transfer,0
TXN_005552,USR_0074,2026-01-23 15:41:27,35.14,Berlin,8.14,DEV_074,Online,Travel,0
TXN_005553,USR_0042,2026-03-09 09:31:05,39.19,Tokyo,0.07,DEV_037,Online,Utilities,0
TXN_005554,USR_0066,2026-03-12 01:21:24,1336.53,Berlin,4024.4,DEV_058,Online,Electronics,1
TXN_005555,USR_0048,2026-01-31 20:44:45,331.18,New York,3.76,DEV_048,Online,Electronics,0
TXN_005556,USR_0060,2026-02-14 19:53:15,15.47,Paris,7.66,DEV_133,POS,Luxury,0
TXN_005557,USR_0012,2026-01-01 13:09:18,19.26,Paris,6.16,DEV_012,POS,Transfer,0
TXN_005558,USR_0074,2026-02-20 00:24:56,149.53,Tokyo,0.74,DEV_074,POS,Electronics,0
TXN_005559,USR_0087,2026-03-15 04:54:00,18.87,Toronto,17.5,DEV_087,Online,Electronics,0
TXN_005560,USR_0087,2026-02-20 01:57:22,95.38,Toronto,1.32,DEV_087,Wire Transfer,Luxury,0
TXN_005561,USR_0069,2026-02-12 17:48:47,50.67,Berlin,9.71,DEV_069,Online,Transfer,0
TXN_005562,USR_0086,2026-01-04 00:03:42,32.26,Sydney,8.06,DEV_080,Online,Utilities,0
TXN_005563,USR_0048,2026-02-16 21:47:30,135.51,New York,0.85,DEV_048,POS,Luxury,0
TXN_005564,USR_0072,2026-01-10 15:48:53,32.93,New York,5.4,DEV_072,ATM,Luxury,0
TXN_005565,USR_0017,2026-01-07 23:15:01,181.07,London,0.64,DEV_017,ATM,Utilities,0
TXN_005566,USR_0025,2026-01-17 08:45:11,813.94,Berlin,383.06,DEV_069,Wire Transfer,Transfer,1
TXN_005567,USR_0081,2026-03-02 15:32:44,20.6,New York,2.53,DEV_081,Online,Electronics,0
TXN_005568,USR_0006,2026-02-23 10:22:31,46.33,Sydney,0.87,DEV_006,Online,Transfer,0
TXN_005569,USR_0074,2026-02-04 10:37:40,96.95,Tokyo,4.18,DEV_074,Online,Travel,0
TXN_005570,USR_0067,2026-02-10 10:30:06,13.01,Mumbai,0.77,DEV_067,Online,Transfer,0
TXN_005571,USR_0098,2026-03-18 14:45:21,47.03,Tokyo,3.7,DEV_098,Online,Grocery,0
TXN_005572,USR_0043,2026-01-31 03:52:18,133.51,Mumbai,6.44,DEV_043,POS,Travel,0
TXN_005573,USR_0090,2026-02-15 13:05:13,165.44,Tokyo,5.51,DEV_090,Wire Transfer,Utilities,0
TXN_005574,USR_0039,2026-02-19 23:49:40,50.17,Toronto,19.0,DEV_039,Online,Luxury,0
TXN_005575,USR_0032,2026-01-23 01:51:31,102.59,New York,13.04,DEV_032,Online,Transfer,0
TXN_005576,USR_0057,2026-03-12 19:58:00,1273.98,Sydney,2952.69,DEV_034,Online,Electronics,1
TXN_005577,USR_0038,2026-03-31 03:20:18,86.86,Sydney,3.58,DEV_038,Online,Electronics,0
TXN_005578,USR_0082,2026-03-14 11:54:25,45.97,Tokyo,2.48,DEV_112,POS,Transfer,0
TXN_005579,USR_0079,2026-03-28 19:01:54,152.07,Toronto,7.2,DEV_023,Wire Transfer,Electronics,0
TXN_005580,USR_0027,2026-03-26 09:08:47,41.54,Mumbai,1.25,DEV_027,Online,Electronics,0
TXN_005581,USR_0065,2026-01-24 08:23:21,14.98,London,3.3,DEV_065,Online,Luxury,0
TXN_005582,USR_0037,2026-03-31 00:11:25,223.94,Berlin,1.13,DEV_037,Wire Transfer,Utilities,0
TXN_005583,USR_0038,2026-02-18 06:19:44,46.83,Sydney,1.61,DEV_038,POS,Travel,0
TXN_005584,USR_0044,2026-02-09 18:33:24,33.75,Paris,1.51,DEV_044,Online,Utilities,0
TXN_005585,USR_0094,2026-01-09 22:33:33,23.65,Sydney,0.63,DEV_094,POS,Gaming,0
TXN_005586,USR_0007,2026-02-01 02:44:32,42.59,Toronto,5.84,DEV_007,Online,Utilities,0
TXN_005587,USR_0001,2026-01-10 07:42:47,42.61,London,0.74,DEV_001,POS,Utilities,0
TXN_005588,USR_0045,2026-01-21 01:30:54,57.3,Berlin,3.74,DEV_045,ATM,Transfer,0
TXN_005589,USR_0072,2026-01-19 23:07:54,11.72,New York,9.83,DEV_072,POS,Luxury,0
TXN_005590,USR_0053,2026-02-15 22:13:13,58.52,Berlin,4.12,DEV_053,ATM,Transfer,0
TXN_005591,USR_0011,2026-01-27 15:50:15,64.96,Mumbai,3.57,DEV_011,POS,Gaming,0
TXN_005592,USR_0064,2026-02-27 00:56:37,15.73,New York,2.84,DEV_064,Online,Travel,0
TXN_005593,USR_0062,2026-01-14 13:56:35,80.51,Sydney,4.1,DEV_062,Wire Transfer,Grocery,0
TXN_005594,USR_0013,2026-03-03 15:55:48,97.33,Berlin,2.17,DEV_013,POS,Luxury,0
TXN_005595,USR_0096,2026-03-18 15:32:15,40.42,New York,0.49,DEV_096,POS,Transfer,0
TXN_005596,USR_0006,2026-03-17 13:07:17,42.87,Sydney,5.12,DEV_006,ATM,Grocery,0
TXN_005597,USR_0071,2026-02-26 04:07:47,28.78,Toronto,8.44,DEV_071,Online,Transfer,0
TXN_005598,USR_0063,2026-01-14 19:35:40,67.84,Toronto,2.86,DEV_063,POS,Electronics,0
TXN_005599,USR_0036,2026-01-31 05:41:52,128.1,Paris,4.84,DEV_036,Online,Electronics,0
TXN_005600,USR_0021,2026-01-02 02:57:35,62.27,Berlin,0.9,DEV_021,Online,Utilities,0
TXN_005601,USR_0063,2026-02-22 14:14:27,72.75,Mumbai,0.59,DEV_063,POS,Travel,0
TXN_005602,USR_0041,2026-01-01 13:31:49,13.15,London,1.25,DEV_041,POS,Transfer,0
TXN_005603,USR_0005,2026-01-13 19:50:33,17.05,Berlin,9.7,DEV_005,Online,Travel,0
TXN_005604,USR_0041,2026-01-13 15:22:38,15.1,London,1.1,DEV_041,Online,Gaming,0
TXN_005605,USR_0087,2026-03-18 04:00:25,182.42,Toronto,0.32,DEV_087,Online,Gaming,0
TXN_005606,USR_0062,2026-01-20 02:32:15,28.61,Sydney,0.54,DEV_062,POS,Luxury,0
TXN_005607,USR_0055,2026-02-10 19:42:33,101.63,Toronto,2.94,DEV_055,POS,Grocery,0
TXN_005608,USR_0053,2026-02-21 02:00:27,31.06,London,8.44,DEV_053,Online,Electronics,0
TXN_005609,USR_0038,2026-03-28 05:11:45,43.47,Sydney,10.81,DEV_038,POS,Transfer,0
TXN_005610,USR_0099,2026-02-12 03:18:41,121.9,Mumbai,6.61,DEV_106,POS,Utilities,0
TXN_005611,USR_0094,2026-01-06 06:16:38,50.04,Sydney,3.06,DEV_094,ATM,Luxury,0
TXN_005612,USR_0049,2026-02-28 05:01:09,24.96,London,9.84,DEV_049,Online,Luxury,0
TXN_005613,USR_0052,2026-01-28 17:26:53,52.79,Paris,2.56,DEV_052,POS,Travel,0
TXN_005614,USR_0098,2026-02-17 19:35:02,2801.29,New York,850.96,DEV_139,Wire Transfer,Luxury,1
TXN_005615,USR_0091,2026-01-06 09:40:09,105.15,Mumbai,3.48,DEV_091,ATM,Electronics,0
TXN_005616,USR_0084,2026-03-19 12:59:24,141.07,Paris,1.47,DEV_084,POS,Luxury,0
TXN_005617,USR_0033,2026-02-24 15:47:06,43.13,London,0.02,DEV_083,ATM,Electronics,0
TXN_005618,USR_0063,2026-01-03 12:01:28,54.56,Toronto,9.9,DEV_063,POS,Gaming,0
TXN_005619,USR_0001,2026-02-11 21:40:21,22.83,London,7.86,DEV_001,ATM,Travel,0
TXN_005620,USR_0052,2026-03-23 16:55:30,124.58,Paris,3.05,DEV_052,ATM,Travel,0
TXN_005621,USR_0017,2026-03-10 12:51:34,52.41,London,6.36,DEV_017,Online,Luxury,0
TXN_005622,USR_0088,2026-02-10 10:31:39,16.2,New York,6.87,DEV_088,Online,Utilities,0
TXN_005623,USR_0095,2026-01-25 07:16:56,143.81,Paris,0.36,DEV_095,POS,Electronics,0
TXN_005624,USR_0054,2026-01-22 09:13:22,133.71,Sydney,4.28,DEV_054,POS,Transfer,0
TXN_005625,USR_0004,2026-03-23 07:19:48,16.55,Paris,13.05,DEV_004,POS,Electronics,0
TXN_005626,USR_0091,2026-03-09 00:29:04,204.65,Mumbai,4.2,DEV_091,Online,Utilities,0
TXN_005627,USR_0054,2026-01-06 09:19:54,79.15,Sydney,1.37,DEV_054,POS,Travel,0
TXN_005628,USR_0076,2026-02-01 18:57:52,37.12,Paris,5.04,DEV_076,POS,Travel,0
TXN_005629,USR_0051,2026-02-25 11:42:14,128.16,Mumbai,11.7,DEV_051,Wire Transfer,Utilities,0
TXN_005630,USR_0091,2026-01-08 14:25:11,39.71,Mumbai,0.66,DEV_091,POS,Luxury,0
TXN_005631,USR_0042,2026-01-09 07:22:57,25.07,Tokyo,8.42,DEV_042,POS,Grocery,0
TXN_005632,USR_0050,2026-02-25 06:17:09,117.11,Tokyo,4.7,DEV_050,Online,Grocery,0
TXN_005633,USR_0091,2026-03-11 12:51:22,19.3,Mumbai,4.8,DEV_091,Wire Transfer,Travel,0
TXN_005634,USR_0010,2026-03-29 14:22:18,119.05,Tokyo,4.89,DEV_010,POS,Utilities,0
TXN_005635,USR_0009,2026-03-15 18:53:47,146.77,London,3.22,DEV_009,Online,Transfer,0
TXN_005636,USR_0028,2026-01-27 03:24:39,80.4,Paris,1.5,DEV_028,Online,Electronics,0
TXN_005637,USR_0099,2026-02-18 05:37:43,154.09,Mumbai,4.47,DEV_099,POS,Grocery,0
TXN_005638,USR_0088,2026-02-05 10:47:39,172.21,New York,20.0,DEV_088,ATM,Gaming,0
TXN_005639,USR_0090,2026-02-28 20:04:00,91.93,Tokyo,4.68,DEV_132,Online,Travel,0
TXN_005640,USR_0039,2026-03-05 15:54:30,92.18,Toronto,7.63,DEV_039,Online,Gaming,0
TXN_005641,USR_0100,2026-03-28 14:24:00,114.72,Paris,9.84,DEV_013,POS,Utilities,0
TXN_005642,USR_0029,2026-03-15 09:02:44,14.26,Berlin,11.17,DEV_029,POS,Electronics,0
TXN_005643,USR_0030,2026-01-19 02:44:15,33.07,Sydney,0.51,DEV_030,POS,Transfer,0
TXN_005644,USR_0027,2026-03-17 20:06:27,21.87,Mumbai,0.23,DEV_027,Online,Transfer,0
TXN_005645,USR_0056,2026-02-13 08:54:23,97.22,New York,1.43,DEV_056,Online,Electronics,0
TXN_005646,USR_0085,2026-01-17 12:07:37,43.93,Berlin,10.72,DEV_085,POS,Luxury,0
TXN_005647,USR_0018,2026-01-14 17:55:06,36.37,Tokyo,4.94,DEV_018,POS,Electronics,0
TXN_005648,USR_0030,2026-01-06 10:04:00,28.01,Sydney,5.74,DEV_030,ATM,Electronics,0
TXN_005649,USR_0042,2026-01-05 23:25:17,40.64,Tokyo,0.22,DEV_042,Online,Grocery,0
TXN_005650,USR_0092,2026-02-01 00:55:05,41.03,Paris,11.09,DEV_092,POS,Electronics,0
TXN_005651,USR_0063,2026-01-23 13:15:20,12.64,London,2.95,DEV_063,Online,Luxury,0
TXN_005652,USR_0034,2026-01-14 21:21:41,51.71,Tokyo,2.02,DEV_034,ATM,Transfer,0
TXN_005653,USR_0086,2026-02-08 12:45:18,138.24,Sydney,10.94,DEV_086,Online,Utilities,0
TXN_005654,USR_0084,2026-03-24 10:06:52,38.02,Paris,4.36,DEV_084,POS,Grocery,0
TXN_005655,USR_0072,2026-03-25 16:11:37,36.98,New York,0.15,DEV_072,POS,Gaming,0
TXN_005656,USR_0092,2026-01-26 18:48:38,18.36,Paris,3.68,DEV_092,POS,Electronics,0
TXN_005657,USR_0037,2026-02-20 00:43:11,126.65,Berlin,7.48,DEV_037,ATM,Luxury,0
TXN_005658,USR_0051,2026-03-13 16:08:10,16.35,Mumbai,13.92,DEV_051,POS,Grocery,0
TXN_005659,USR_0068,2026-03-26 14:23:38,15.2,Paris,0.7,DEV_068,Online,Grocery,0
TXN_005660,USR_0032,2026-01-16 07:44:15,104.96,New York,8.24,DEV_032,Wire Transfer,Electronics,0
TXN_005661,USR_0096,2026-01-01 12:26:07,37.75,New York,0.32,DEV_142,POS,Luxury,0
TXN_005662,USR_0081,2026-02-04 11:56:55,37.01,London,4.82,DEV_081,Online,Utilities,0
TXN_005663,USR_0037,2026-02-02 11:55:54,57.24,Berlin,0.81,DEV_037,POS,Transfer,0
TXN_005664,USR_0043,2026-03-05 06:26:56,172.09,Mumbai,5.86,DEV_043,POS,Utilities,0
TXN_005665,USR_0081,2026-02-09 19:59:09,16.0,London,9.66,DEV_081,POS,Gaming,0
TXN_005666,USR_0068,2026-03-28 01:41:18,13.17,Paris,3.27,DEV_080,POS,Travel,0
TXN_005667,USR_0059,2026-03-11 18:22:30,108.98,Mumbai,22.42,DEV_059,ATM,Grocery,0
TXN_005668,USR_0039,2026-01-10 10:11:20,80.41,Toronto,5.91,DEV_039,POS,Utilities,0
TXN_005669,USR_0055,2026-01-27 20:31:39,32.89,Toronto,1.18,DEV_093,Online,Transfer,0
TXN_005670,USR_0065,2026-03-08 21:15:08,140.75,London,2.98,DEV_065,Online,Travel,0
TXN_005671,USR_0089,2026-02-10 21:56:29,1723.94,Mumbai,4003.28,DEV_078,Wire Transfer,Gaming,1
TXN_005672,USR_0088,2026-02-02 06:40:29,46.34,New York,1.83,DEV_088,POS,Transfer,0
TXN_005673,USR_0003,2026-01-05 09:48:52,17.79,Mumbai,12.91,DEV_003,Online,Transfer,0
TXN_005674,USR_0004,2026-03-28 15:26:13,62.86,Tokyo,1.74,DEV_004,Online,Travel,0
TXN_005675,USR_0046,2026-02-14 22:52:11,49.92,Sydney,1.92,DEV_089,Online,Travel,0
TXN_005676,USR_0070,2026-03-21 18:06:36,123.72,Sydney,1.14,DEV_070,Online,Transfer,0
TXN_005677,USR_0085,2026-01-17 05:36:45,83.16,Berlin,1.3,DEV_085,Online,Utilities,0
TXN_005678,USR_0009,2026-02-15 15:39:40,65.18,London,4.09,DEV_009,Online,Utilities,0
TXN_005679,USR_0050,2026-01-28 04:27:42,92.73,Tokyo,11.12,DEV_050,Online,Gaming,0
TXN_005680,USR_0025,2026-02-08 16:42:23,214.12,London,5.07,DEV_025,Online,Luxury,0
TXN_005681,USR_0022,2026-03-20 04:55:11,234.86,Sydney,14.12,DEV_022,POS,Travel,0
TXN_005682,USR_0006,2026-01-03 12:16:13,120.68,Sydney,10.6,DEV_006,Online,Grocery,0
TXN_005683,USR_0092,2026-01-19 19:44:37,113.45,Tokyo,1.9,DEV_092,POS,Gaming,0
TXN_005684,USR_0001,2026-03-19 00:09:33,23.47,London,12.62,DEV_001,ATM,Travel,0
TXN_005685,USR_0062,2026-03-31 01:08:05,69.78,Sydney,4.47,DEV_062,POS,Travel,0
TXN_005686,USR_0001,2026-03-23 04:37:12,34.74,London,5.82,DEV_001,POS,Travel,0
TXN_005687,USR_0080,2026-02-16 01:11:41,115.27,Toronto,10.09,DEV_080,POS,Utilities,0
TXN_005688,USR_0051,2026-02-08 04:52:00,106.63,Mumbai,7.66,DEV_051,POS,Transfer,0
TXN_005689,USR_0094,2026-03-24 12:31:32,44.16,Sydney,5.11,DEV_094,Online,Transfer,0
TXN_005690,USR_0076,2026-02-07 03:38:24,137.01,Paris,1.05,DEV_076,Online,Travel,0
TXN_005691,USR_0040,2026-01-11 02:19:58,18.45,New York,0.21,DEV_040,ATM,Transfer,0
TXN_005692,USR_0018,2026-02-06 15:17:30,18.19,Tokyo,26.3,DEV_018,ATM,Transfer,0
TXN_005693,USR_0002,2026-03-28 23:21:13,185.98,Tokyo,2.93,DEV_002,ATM,Transfer,0
TXN_005694,USR_0010,2026-01-27 10:33:20,138.04,Tokyo,3.29,DEV_010,POS,Luxury,0
TXN_005695,USR_0009,2026-02-22 10:39:52,31.25,London,1.31,DEV_009,POS,Gaming,0
TXN_005696,USR_0070,2026-03-01 13:15:42,17.8,Sydney,6.88,DEV_109,Online,Electronics,0
TXN_005697,USR_0066,2026-01-07 22:21:41,19.6,Tokyo,2.08,DEV_134,ATM,Transfer,0
TXN_005698,USR_0084,2026-01-26 00:36:21,65.25,Paris,25.67,DEV_084,POS,Transfer,0
TXN_005699,USR_0023,2026-01-10 05:12:59,117.81,Toronto,3.04,DEV_023,Online,Travel,0
TXN_005700,USR_0090,2026-03-14 10:34:55,62.13,Tokyo,5.36,DEV_090,Online,Electronics,0
TXN_005701,USR_0093,2026-02-15 11:22:24,10.12,Berlin,1.87,DEV_093,ATM,Luxury,0
TXN_005702,USR_0017,2026-01-26 06:51:08,17.97,London,2.07,DEV_017,Online,Gaming,0
TXN_005703,USR_0074,2026-01-11 03:04:07,43.63,Tokyo,0.25,DEV_149,POS,Transfer,0
TXN_005704,USR_0031,2026-03-23 10:20:28,104.76,Toronto,0.7,DEV_031,Online,Electronics,0
TXN_005705,USR_0086,2026-01-19 19:59:08,40.32,Sydney,1.01,DEV_086,POS,Luxury,0
TXN_005706,USR_0071,2026-01-25 19:07:58,23.97,Toronto,1.92,DEV_071,ATM,Electronics,0
TXN_005707,USR_0071,2026-03-12 02:53:39,129.43,Toronto,2.12,DEV_071,POS,Transfer,0
TXN_005708,USR_0037,2026-03-12 09:10:18,61.47,Berlin,1.93,DEV_037,Online,Transfer,0
TXN_005709,USR_0028,2026-01-01 02:05:55,22.59,Paris,8.38,DEV_149,Online,Utilities,0
TXN_005710,USR_0100,2026-03-03 08:05:25,14.82,Paris,5.06,DEV_100,ATM,Utilities,0
TXN_005711,USR_0067,2026-02-04 13:19:08,53.52,London,7.62,DEV_067,POS,Transfer,0
TXN_005712,USR_0006,2026-02-20 03:04:38,66.13,Sydney,3.33,DEV_101,Wire Transfer,Gaming,0
TXN_005713,USR_0042,2026-01-24 02:55:41,21.31,Tokyo,3.85,DEV_042,Online,Travel,0
TXN_005714,USR_0007,2026-03-25 02:43:44,166.86,Toronto,11.5,DEV_002,Online,Grocery,0
TXN_005715,USR_0053,2026-03-02 18:44:27,330.01,Berlin,0.36,DEV_053,POS,Grocery,0
TXN_005716,USR_0016,2026-01-17 19:24:18,35.17,New York,0.53,DEV_016,POS,Luxury,0
TXN_005717,USR_0083,2026-02-20 06:27:19,10.53,Mumbai,7.74,DEV_083,Online,Electronics,0
TXN_005718,USR_0053,2026-03-15 00:18:10,37.12,Berlin,1.61,DEV_053,Online,Grocery,0
TXN_005719,USR_0070,2026-03-05 05:30:08,110.36,Sydney,11.98,DEV_070,Online,Travel,0
TXN_005720,USR_0024,2026-03-11 12:25:04,49.47,Toronto,0.68,DEV_024,ATM,Transfer,0
TXN_005721,USR_0012,2026-03-05 13:51:31,146.2,Paris,12.71,DEV_012,POS,Travel,0
TXN_005722,USR_0047,2026-02-05 17:42:56,24.57,Toronto,4.82,DEV_047,POS,Travel,0
TXN_005723,USR_0079,2026-01-22 14:15:25,94.84,Toronto,3.59,DEV_079,POS,Utilities,0
TXN_005724,USR_0019,2026-03-23 19:15:10,1186.91,Berlin,1781.45,DEV_009,Online,Luxury,1
TXN_005725,USR_0024,2026-01-16 19:28:30,35.83,New York,9.51,DEV_024,Wire Transfer,Utilities,0
TXN_005726,USR_0001,2026-03-19 00:45:01,44.88,London,2.7,DEV_001,Online,Travel,0
TXN_005727,USR_0090,2026-01-27 08:18:10,110.16,Tokyo,2.42,DEV_090,Online,Electronics,0
TXN_005728,USR_0054,2026-03-08 03:22:04,93.74,Sydney,6.67,DEV_054,POS,Electronics,0
TXN_005729,USR_0040,2026-03-02 22:25:14,137.88,New York,3.87,DEV_040,ATM,Travel,0
TXN_005730,USR_0034,2026-02-26 17:18:22,1299.93,Berlin,2829.05,DEV_146,Online,Gaming,1
TXN_005731,USR_0036,2026-01-24 20:17:24,21.04,Paris,0.94,DEV_036,Online,Utilities,0
TXN_005732,USR_0059,2026-01-19 20:04:55,52.87,Mumbai,2.46,DEV_059,POS,Grocery,0
TXN_005733,USR_0079,2026-03-16 12:46:10,110.98,Tokyo,27.98,DEV_079,Online,Grocery,0
TXN_005734,USR_0057,2026-01-03 18:58:15,58.21,London,3.53,DEV_057,ATM,Luxury,0
TXN_005735,USR_0087,2026-03-04 12:52:40,28.52,Toronto,12.03,DEV_099,POS,Travel,0
TXN_005736,USR_0036,2026-02-27 02:15:22,38.13,Paris,0.34,DEV_036,Wire Transfer,Grocery,0
TXN_005737,USR_0043,2026-02-12 22:27:56,20.48,Mumbai,11.72,DEV_043,Online,Luxury,0
TXN_005738,USR_0082,2026-01-26 13:13:53,81.59,Tokyo,23.9,DEV_082,Online,Utilities,0
TXN_005739,USR_0038,2026-03-25 16:51:00,25.06,Sydney,10.26,DEV_038,Online,Luxury,0
TXN_005740,USR_0014,2026-02-10 15:14:08,65.28,Sydney,0.04,DEV_014,Online,Travel,0
TXN_005741,USR_0011,2026-01-03 14:30:41,204.31,Mumbai,19.51,DEV_011,POS,Electronics,0
TXN_005742,USR_0016,2026-02-28 00:50:32,34.45,New York,3.71,DEV_016,Wire Transfer,Travel,0
TXN_005743,USR_0041,2026-01-21 00:37:51,105.47,London,3.71,DEV_041,POS,Luxury,0
TXN_005744,USR_0031,2026-03-04 22:27:02,51.81,Mumbai,1.35,DEV_031,Online,Grocery,0
TXN_005745,USR_0095,2026-02-24 08:14:54,14.09,Toronto,0.47,DEV_095,Wire Transfer,Gaming,0
TXN_005746,USR_0024,2026-03-20 09:09:11,25.28,New York,1.46,DEV_024,ATM,Travel,0
TXN_005747,USR_0059,2026-01-06 18:40:39,723.95,Paris,3128.26,DEV_025,ATM,Electronics,1
TXN_005748,USR_0051,2026-02-28 01:56:12,94.4,Mumbai,11.37,DEV_051,Online,Gaming,0
TXN_005749,USR_0045,2026-01-05 18:22:11,14.41,Berlin,8.43,DEV_045,POS,Travel,0
TXN_005750,USR_0064,2026-02-08 19:25:00,84.39,New York,20.53,DEV_064,Online,Transfer,0
TXN_005751,USR_0056,2026-03-20 20:34:00,48.75,New York,1.13,DEV_056,POS,Transfer,0
TXN_005752,USR_0019,2026-03-03 20:26:15,29.46,Mumbai,3.67,DEV_019,POS,Grocery,0
TXN_005753,USR_0043,2026-01-17 12:58:17,21.42,Mumbai,0.12,DEV_043,Online,Electronics,0
TXN_005754,USR_0094,2026-01-24 05:41:37,35.86,Sydney,3.87,DEV_106,POS,Travel,0
TXN_005755,USR_0065,2026-03-23 12:39:23,1802.48,Mumbai,4181.46,DEV_111,Wire Transfer,Luxury,1
TXN_005756,USR_0098,2026-03-19 16:28:32,71.31,Berlin,2.45,DEV_098,Online,Travel,0
TXN_005757,USR_0052,2026-02-25 02:44:52,18.95,Mumbai,10.58,DEV_052,POS,Luxury,0
TXN_005758,USR_0049,2026-02-05 11:54:16,10.31,London,1.21,DEV_049,POS,Luxury,0
TXN_005759,USR_0088,2026-02-19 08:36:55,18.05,New York,1.47,DEV_088,Online,Transfer,0
TXN_005760,USR_0040,2026-02-27 01:39:18,17.43,New York,2.53,DEV_133,ATM,Travel,0
TXN_005761,USR_0027,2026-03-30 15:24:07,50.84,Mumbai,10.31,DEV_005,Online,Grocery,0
TXN_005762,USR_0047,2026-01-24 04:08:29,245.95,Toronto,10.97,DEV_047,Online,Grocery,0
TXN_005763,USR_0100,2026-02-02 07:08:38,51.72,Paris,4.79,DEV_020,Online,Luxury,0
TXN_005764,USR_0069,2026-03-24 15:08:17,41.91,Berlin,3.95,DEV_001,ATM,Electronics,0
TXN_005765,USR_0036,2026-02-02 11:12:55,2284.16,Sydney,1005.35,DEV_148,ATM,Electronics,1
TXN_005766,USR_0093,2026-03-02 06:20:55,59.11,Berlin,1.9,DEV_093,Online,Gaming,0
TXN_005767,USR_0087,2026-02-21 03:18:52,56.78,Toronto,0.71,DEV_087,Online,Travel,0
TXN_005768,USR_0046,2026-02-14 20:11:25,14.26,Berlin,15.51,DEV_073,POS,Luxury,0
TXN_005769,USR_0049,2026-01-16 03:54:34,74.02,London,10.05,DEV_049,Online,Travel,0
TXN_005770,USR_0067,2026-01-03 03:16:15,71.7,Mumbai,7.4,DEV_067,ATM,Transfer,0
TXN_005771,USR_0089,2026-02-26 04:45:50,361.25,Paris,5.95,DEV_089,ATM,Utilities,0
TXN_005772,USR_0093,2026-03-03 05:45:01,121.77,Berlin,6.31,DEV_093,Online,Travel,0
TXN_005773,USR_0045,2026-01-01 07:06:45,48.31,Berlin,1.32,DEV_045,POS,Gaming,0
TXN_005774,USR_0061,2026-01-31 14:51:21,110.63,Berlin,6.03,DEV_038,ATM,Gaming,0
TXN_005775,USR_0085,2026-02-24 13:52:54,42.0,Berlin,0.59,DEV_085,Online,Luxury,0
TXN_005776,USR_0075,2026-01-02 10:30:55,40.12,Mumbai,0.55,DEV_075,Online,Grocery,0
TXN_005777,USR_0046,2026-01-26 10:43:00,21.09,Sydney,3.2,DEV_046,Online,Utilities,0
TXN_005778,USR_0078,2026-02-05 17:38:53,39.24,Sydney,0.23,DEV_078,Wire Transfer,Electronics,0
TXN_005779,USR_0038,2026-03-29 03:18:12,159.78,Sydney,3.75,DEV_038,ATM,Utilities,0
TXN_005780,USR_0014,2026-02-27 07:49:55,45.64,Sydney,0.32,DEV_044,POS,Electronics,0
TXN_005781,USR_0055,2026-01-25 11:15:02,13.6,Toronto,5.13,DEV_049,Online,Travel,0
TXN_005782,USR_0008,2026-02-25 16:37:24,60.28,New York,0.49,DEV_008,ATM,Travel,0
TXN_005783,USR_0056,2026-03-06 03:29:40,98.45,New York,6.02,DEV_056,Online,Gaming,0
TXN_005784,USR_0043,2026-01-25 11:28:35,78.72,Mumbai,7.45,DEV_109,POS,Utilities,0
TXN_005785,USR_0080,2026-01-13 10:03:18,103.43,New York,0.56,DEV_080,Online,Electronics,0
TXN_005786,USR_0032,2026-02-02 07:39:16,61.88,New York,8.08,DEV_032,Online,Transfer,0
TXN_005787,USR_0073,2026-02-10 02:02:47,67.23,London,7.91,DEV_073,Online,Electronics,0
TXN_005788,USR_0095,2026-02-22 19:27:08,123.9,Toronto,0.17,DEV_095,Wire Transfer,Travel,0
TXN_005789,USR_0080,2026-02-14 19:12:08,160.92,New York,1.29,DEV_080,POS,Travel,0
TXN_005790,USR_0026,2026-02-11 06:38:56,54.95,Tokyo,4.43,DEV_026,Online,Gaming,0
TXN_005791,USR_0012,2026-01-27 17:23:17,77.28,Paris,7.26,DEV_012,POS,Utilities,0
TXN_005792,USR_0093,2026-03-23 07:22:28,52.42,Berlin,0.57,DEV_075,Online,Travel,0
TXN_005793,USR_0021,2026-01-28 19:36:03,31.91,Berlin,25.59,DEV_021,ATM,Grocery,0
TXN_005794,USR_0040,2026-03-06 08:47:53,46.04,New York,4.41,DEV_040,Online,Electronics,0
TXN_005795,USR_0082,2026-01-27 19:17:41,87.4,Tokyo,5.34,DEV_082,Online,Utilities,0
TXN_005796,USR_0083,2026-01-06 22:40:13,59.63,Mumbai,5.03,DEV_083,Online,Utilities,0
TXN_005797,USR_0002,2026-02-15 05:11:08,76.53,Tokyo,1.24,DEV_002,Online,Electronics,0
TXN_005798,USR_0048,2026-01-25 10:26:07,49.21,New York,5.11,DEV_048,Online,Gaming,0
TXN_005799,USR_0002,2026-02-27 02:42:10,21.44,Tokyo,0.35,DEV_002,ATM,Grocery,0
TXN_005800,USR_0038,2026-02-02 09:25:34,83.46,Sydney,1.55,DEV_038,POS,Transfer,0
TXN_005801,USR_0078,2026-01-19 04:12:08,16.86,Sydney,0.73,DEV_078,Online,Electronics,0
TXN_005802,USR_0059,2026-03-08 09:28:32,15.26,Mumbai,2.16,DEV_059,Online,Utilities,0
TXN_005803,USR_0092,2026-03-10 09:48:48,165.96,Paris,1.05,DEV_092,Online,Utilities,0
TXN_005804,USR_0098,2026-01-12 18:34:21,16.32,Tokyo,15.36,DEV_067,POS,Utilities,0
TXN_005805,USR_0021,2026-01-05 02:36:43,88.78,Berlin,13.63,DEV_021,Online,Electronics,0
TXN_005806,USR_0001,2026-01-09 04:41:46,219.64,London,4.17,DEV_001,POS,Electronics,0
TXN_005807,USR_0076,2026-03-01 00:20:53,35.25,Paris,6.11,DEV_076,POS,Grocery,0
TXN_005808,USR_0040,2026-03-13 12:34:29,102.73,New York,3.39,DEV_084,Online,Grocery,0
TXN_005809,USR_0079,2026-01-14 11:29:34,48.71,Toronto,1.29,DEV_079,POS,Transfer,0
TXN_005810,USR_0060,2026-03-17 08:33:45,42.2,Paris,13.05,DEV_060,ATM,Gaming,0
TXN_005811,USR_0076,2026-02-21 02:22:16,159.8,Paris,5.25,DEV_076,POS,Grocery,0
TXN_005812,USR_0077,2026-02-25 00:04:18,60.36,Berlin,12.12,DEV_077,Online,Gaming,0
TXN_005813,USR_0060,2026-01-31 11:20:43,15.1,London,16.98,DEV_046,Online,Travel,0
TXN_005814,USR_0062,2026-02-20 19:27:08,14.16,Sydney,0.24,DEV_062,POS,Utilities,0
TXN_005815,USR_0005,2026-02-28 07:12:01,10.43,Berlin,3.59,DEV_005,Online,Transfer,0
TXN_005816,USR_0086,2026-03-15 20:58:52,18.29,Mumbai,0.46,DEV_086,ATM,Utilities,0
TXN_005817,USR_0072,2026-02-08 13:46:08,40.8,New York,5.0,DEV_072,Online,Grocery,0
TXN_005818,USR_0007,2026-01-13 00:15:54,55.23,Toronto,2.15,DEV_007,Online,Travel,0
TXN_005819,USR_0048,2026-03-27 11:42:46,176.57,New York,9.04,DEV_048,ATM,Gaming,0
TXN_005820,USR_0003,2026-01-11 13:21:12,54.04,Mumbai,4.17,DEV_003,Online,Travel,0
TXN_005821,USR_0012,2026-01-14 07:21:06,90.99,Paris,4.75,DEV_012,POS,Luxury,0
TXN_005822,USR_0005,2026-02-22 17:59:43,22.88,Berlin,0.61,DEV_005,Online,Grocery,0
TXN_005823,USR_0055,2026-01-03 17:36:04,162.02,Toronto,3.01,DEV_055,Online,Grocery,0
TXN_005824,USR_0058,2026-03-19 05:59:28,90.11,Tokyo,0.81,DEV_058,Online,Electronics,0
TXN_005825,USR_0035,2026-01-31 07:22:04,21.76,Mumbai,0.68,DEV_035,POS,Utilities,0
TXN_005826,USR_0094,2026-02-18 14:41:12,82.3,Sydney,8.42,DEV_090,Online,Gaming,0
TXN_005827,USR_0100,2026-02-01 22:03:38,43.57,Paris,3.72,DEV_100,Online,Luxury,0
TXN_005828,USR_0083,2026-02-18 19:21:35,127.44,Mumbai,10.72,DEV_083,ATM,Luxury,0
TXN_005829,USR_0051,2026-01-01 09:25:34,3294.84,New York,2026.71,DEV_086,Wire Transfer,Luxury,1
TXN_005830,USR_0003,2026-01-08 23:27:56,98.7,Mumbai,1.81,DEV_003,ATM,Electronics,0
TXN_005831,USR_0011,2026-03-14 22:04:14,103.77,Mumbai,1.68,DEV_011,POS,Electronics,0
TXN_005832,USR_0076,2026-02-02 14:35:16,109.71,Paris,23.99,DEV_129,POS,Grocery,0
TXN_005833,USR_0023,2026-02-11 11:53:55,83.1,Toronto,1.21,DEV_023,Online,Travel,0
TXN_005834,USR_0091,2026-01-11 11:03:01,81.89,Mumbai,3.63,DEV_091,POS,Travel,0
TXN_005835,USR_0075,2026-02-17 18:53:57,15.89,Mumbai,6.33,DEV_086,POS,Luxury,0
TXN_005836,USR_0028,2026-01-18 03:17:45,10.62,Paris,2.15,DEV_028,ATM,Transfer,0
TXN_005837,USR_0001,2026-02-12 15:13:22,98.86,Mumbai,0.27,DEV_001,Online,Electronics,0
TXN_005838,USR_0006,2026-02-19 04:53:31,275.16,Sydney,0.24,DEV_006,Online,Utilities,0
TXN_005839,USR_0044,2026-01-06 14:41:03,75.02,Paris,0.49,DEV_044,ATM,Utilities,0
TXN_005840,USR_0018,2026-03-03 06:34:26,47.78,Tokyo,3.35,DEV_018,Online,Luxury,0
TXN_005841,USR_0100,2026-03-16 07:38:53,17.02,Paris,4.49,DEV_100,Online,Grocery,0
TXN_005842,USR_0036,2026-02-05 04:11:10,34.69,Paris,31.8,DEV_036,POS,Travel,0
TXN_005843,USR_0023,2026-01-05 02:35:49,21.8,Toronto,14.16,DEV_086,POS,Transfer,0
TXN_005844,USR_0067,2026-01-06 03:56:40,92.99,Mumbai,11.28,DEV_067,ATM,Utilities,0
TXN_005845,USR_0026,2026-01-25 12:50:53,15.03,Tokyo,1.05,DEV_026,POS,Electronics,0
TXN_005846,USR_0100,2026-01-30 14:14:52,78.44,London,0.01,DEV_100,Online,Gaming,0
TXN_005847,USR_0068,2026-01-16 23:53:08,34.22,Paris,10.51,DEV_068,POS,Travel,0
TXN_005848,USR_0061,2026-02-19 23:49:08,57.09,Berlin,2.67,DEV_140,Online,Utilities,0
TXN_005849,USR_0013,2026-01-21 01:31:39,26.66,Tokyo,0.18,DEV_013,Online,Travel,0
TXN_005850,USR_0050,2026-01-13 01:58:45,32.17,Tokyo,0.4,DEV_050,POS,Gaming,0
TXN_005851,USR_0037,2026-02-27 00:22:31,61.16,Paris,1.63,DEV_037,POS,Travel,0
TXN_005852,USR_0006,2026-03-08 19:53:13,291.8,Toronto,6.14,DEV_132,POS,Electronics,0
TXN_005853,USR_0064,2026-02-05 02:16:01,90.79,New York,1.14,DEV_064,POS,Utilities,0
TXN_005854,USR_0039,2026-01-22 16:54:06,16.52,Toronto,3.91,DEV_039,POS,Travel,0
TXN_005855,USR_0099,2026-03-19 00:50:44,106.99,Mumbai,0.76,DEV_099,Online,Travel,0
TXN_005856,USR_0052,2026-02-17 04:34:14,46.46,Paris,1.07,DEV_121,Online,Utilities,0
TXN_005857,USR_0092,2026-01-11 04:46:09,28.8,Paris,5.37,DEV_092,Wire Transfer,Luxury,0
TXN_005858,USR_0039,2026-01-16 21:37:46,35.46,Toronto,2.35,DEV_039,POS,Luxury,0
TXN_005859,USR_0028,2026-02-11 11:20:03,48.4,Paris,4.7,DEV_028,Online,Transfer,0
TXN_005860,USR_0076,2026-02-03 03:50:52,75.02,Paris,6.48,DEV_076,Online,Utilities,0
TXN_005861,USR_0028,2026-03-17 16:31:21,25.91,Paris,11.14,DEV_139,Wire Transfer,Utilities,0
TXN_005862,USR_0057,2026-03-06 20:56:26,24.73,London,15.09,DEV_067,ATM,Gaming,0
TXN_005863,USR_0030,2026-03-05 10:48:24,29.7,Sydney,1.8,DEV_030,Online,Gaming,0
TXN_005864,USR_0077,2026-02-12 04:42:58,37.58,Berlin,10.32,DEV_077,POS,Gaming,0
TXN_005865,USR_0036,2026-01-31 01:16:51,50.55,Paris,8.1,DEV_036,Online,Utilities,0
TXN_005866,USR_0093,2026-02-08 15:24:16,44.73,Berlin,0.48,DEV_083,POS,Gaming,0
TXN_005867,USR_0083,2026-03-23 07:40:29,43.57,Mumbai,11.26,DEV_083,POS,Grocery,0
TXN_005868,USR_0035,2026-03-09 11:11:13,62.93,Mumbai,2.01,DEV_040,POS,Grocery,0
TXN_005869,USR_0024,2026-01-07 18:15:56,18.58,New York,0.37,DEV_024,POS,Travel,0
TXN_005870,USR_0061,2026-02-05 22:56:48,112.17,Berlin,3.48,DEV_061,POS,Gaming,0
TXN_005871,USR_0016,2026-03-22 16:53:32,81.82,New York,5.06,DEV_016,POS,Gaming,0
TXN_005872,USR_0028,2026-03-14 16:04:33,30.04,Paris,0.76,DEV_028,POS,Luxury,0
TXN_005873,USR_0038,2026-01-12 10:30:02,27.76,Sydney,7.8,DEV_038,POS,Utilities,0
TXN_005874,USR_0007,2026-03-02 07:05:21,12.59,Toronto,7.32,DEV_007,Online,Transfer,0
TXN_005875,USR_0016,2026-02-19 08:49:28,115.7,Tokyo,1.11,DEV_016,POS,Grocery,0
TXN_005876,USR_0092,2026-01-07 04:34:16,51.31,Paris,4.18,DEV_030,POS,Travel,0
TXN_005877,USR_0002,2026-03-23 12:43:46,26.96,Tokyo,7.93,DEV_002,ATM,Travel,0
TXN_005878,USR_0071,2026-01-02 13:41:52,131.0,Toronto,5.8,DEV_071,Wire Transfer,Transfer,0
TXN_005879,USR_0001,2026-03-19 21:41:58,90.59,London,13.03,DEV_001,Online,Grocery,0
TXN_005880,USR_0013,2026-03-08 00:19:14,78.35,Berlin,3.44,DEV_052,ATM,Luxury,0
TXN_005881,USR_0076,2026-02-09 11:12:07,17.29,Paris,0.56,DEV_076,POS,Transfer,0
TXN_005882,USR_0026,2026-02-05 19:21:22,95.92,London,5.41,DEV_026,POS,Transfer,0
TXN_005883,USR_0037,2026-03-15 05:35:03,25.86,Berlin,2.03,DEV_037,ATM,Grocery,0
TXN_005884,USR_0016,2026-03-29 04:44:13,48.98,New York,10.19,DEV_016,POS,Transfer,0
TXN_005885,USR_0092,2026-02-26 04:41:54,18.08,Paris,4.12,DEV_092,POS,Electronics,0
TXN_005886,USR_0080,2026-01-24 18:58:35,56.62,New York,0.64,DEV_080,POS,Travel,0
TXN_005887,USR_0092,2026-01-17 19:33:16,189.76,Paris,1.38,DEV_098,POS,Gaming,0
TXN_005888,USR_0036,2026-03-01 02:03:48,222.59,Paris,0.04,DEV_036,ATM,Luxury,0
TXN_005889,USR_0082,2026-03-20 11:32:14,13.64,Tokyo,1.19,DEV_057,POS,Electronics,0
TXN_005890,USR_0051,2026-03-13 22:33:40,26.47,Mumbai,10.98,DEV_040,ATM,Transfer,0
TXN_005891,USR_0079,2026-03-14 19:36:38,63.91,Toronto,1.41,DEV_079,ATM,Utilities,0
TXN_005892,USR_0041,2026-01-10 18:49:15,72.18,London,2.81,DEV_041,POS,Luxury,0
TXN_005893,USR_0087,2026-01-27 14:28:32,104.62,Toronto,2.13,DEV_087,POS,Grocery,0
TXN_005894,USR_0020,2026-01-12 23:44:56,63.91,Paris,1.58,DEV_020,Online,Electronics,0
TXN_005895,USR_0040,2026-02-27 02:47:59,12.28,New York,12.03,DEV_040,POS,Luxury,0
TXN_005896,USR_0054,2026-01-24 08:34:05,42.07,Sydney,20.57,DEV_098,POS,Electronics,0
TXN_005897,USR_0043,2026-02-09 01:12:25,94.33,Mumbai,1.33,DEV_043,POS,Utilities,0
TXN_005898,USR_0003,2026-03-07 23:06:58,98.13,Mumbai,0.98,DEV_108,POS,Transfer,0
TXN_005899,USR_0054,2026-02-11 08:45:11,164.79,Sydney,3.32,DEV_054,Online,Electronics,0
TXN_005900,USR_0088,2026-03-31 16:48:35,66.5,New York,8.58,DEV_088,Online,Travel,0
TXN_005901,USR_0037,2026-03-31 04:16:39,88.71,Tokyo,5.72,DEV_116,POS,Gaming,0
TXN_005902,USR_0035,2026-02-10 03:53:12,81.79,Mumbai,1.03,DEV_035,Online,Gaming,0
TXN_005903,USR_0068,2026-02-24 21:56:41,35.77,Paris,2.16,DEV_068,ATM,Electronics,0
TXN_005904,USR_0084,2026-03-18 10:15:26,57.04,Paris,0.99,DEV_084,Online,Transfer,0
TXN_005905,USR_0100,2026-03-29 19:17:43,135.63,New York,0.38,DEV_100,ATM,Utilities,0
TXN_005906,USR_0094,2026-02-05 00:45:14,82.6,Sydney,8.87,DEV_094,POS,Gaming,0
TXN_005907,USR_0018,2026-03-13 10:55:02,23.09,Tokyo,1.3,DEV_018,POS,Utilities,0
TXN_005908,USR_0042,2026-01-30 06:02:30,84.77,Tokyo,7.78,DEV_042,Wire Transfer,Transfer,0
TXN_005909,USR_0070,2026-01-08 08:12:51,41.7,Sydney,7.35,DEV_070,POS,Utilities,0
TXN_005910,USR_0034,2026-01-29 09:56:52,50.16,Tokyo,4.63,DEV_034,POS,Gaming,0
TXN_005911,USR_0066,2026-01-03 15:30:21,108.33,Tokyo,2.29,DEV_066,Online,Luxury,0
TXN_005912,USR_0027,2026-03-31 15:21:44,19.45,Mumbai,0.06,DEV_027,POS,Utilities,0
TXN_005913,USR_0038,2026-01-03 03:51:14,36.19,Sydney,0.05,DEV_015,ATM,Gaming,0
TXN_005914,USR_0084,2026-03-17 05:41:47,71.16,Paris,0.02,DEV_084,POS,Electronics,0
TXN_005915,USR_0050,2026-03-18 22:14:44,47.2,Tokyo,11.17,DEV_050,POS,Gaming,0
TXN_005916,USR_0065,2026-02-11 03:12:53,24.86,New York,13.33,DEV_065,Online,Gaming,0
TXN_005917,USR_0088,2026-01-29 02:53:06,92.75,Tokyo,0.42,DEV_088,Online,Electronics,0
TXN_005918,USR_0023,2026-01-29 09:28:04,40.97,Toronto,4.46,DEV_023,POS,Grocery,0
TXN_005919,USR_0078,2026-01-16 13:53:23,32.53,Tokyo,0.16,DEV_078,POS,Transfer,0
TXN_005920,USR_0052,2026-01-29 11:15:46,715.6,London,1804.89,DEV_103,ATM,Luxury,1
TXN_005921,USR_0087,2026-01-21 02:41:05,87.68,Toronto,3.68,DEV_087,Online,Travel,0
TXN_005922,USR_0077,2026-03-18 05:25:38,1331.02,Sydney,4860.14,DEV_039,Online,Luxury,1
TXN_005923,USR_0011,2026-01-20 23:35:04,112.9,Mumbai,5.18,DEV_011,Online,Grocery,0
TXN_005924,USR_0084,2026-02-21 08:53:55,37.35,Paris,0.15,DEV_084,ATM,Utilities,0
TXN_005925,USR_0004,2026-03-06 00:14:55,80.07,Paris,4.54,DEV_004,Online,Utilities,0
TXN_005926,USR_0067,2026-01-06 04:27:43,338.25,Mumbai,0.81,DEV_067,Online,Grocery,0
TXN_005927,USR_0060,2026-01-01 14:15:04,12.91,Tokyo,1.39,DEV_060,Wire Transfer,Transfer,0
TXN_005928,USR_0012,2026-02-19 18:59:32,116.42,Paris,5.65,DEV_012,POS,Grocery,0
TXN_005929,USR_0088,2026-01-29 03:43:55,18.78,New York,6.79,DEV_088,ATM,Luxury,0
TXN_005930,USR_0067,2026-02-17 21:48:10,13.56,Mumbai,1.88,DEV_067,Online,Utilities,0
TXN_005931,USR_0081,2026-01-08 02:50:38,117.87,London,3.89,DEV_081,POS,Utilities,0
TXN_005932,USR_0056,2026-03-08 22:39:06,21.25,New York,1.08,DEV_056,ATM,Gaming,0
TXN_005933,USR_0041,2026-01-23 19:39:57,14.63,London,8.49,DEV_041,Online,Transfer,0
TXN_005934,USR_0081,2026-03-18 15:17:04,3266.25,New York,3812.98,DEV_141,Online,Luxury,1
TXN_005935,USR_0047,2026-02-13 14:12:01,42.17,Toronto,1.4,DEV_047,Online,Grocery,0
TXN_005936,USR_0077,2026-03-19 16:00:00,16.89,Berlin,5.58,DEV_077,ATM,Grocery,0
TXN_005937,USR_0051,2026-02-23 14:36:02,48.24,Mumbai,1.14,DEV_002,POS,Gaming,0
TXN_005938,USR_0076,2026-01-30 21:57:49,24.8,New York,5.69,DEV_076,ATM,Transfer,0
TXN_005939,USR_0053,2026-03-07 06:13:04,57.18,Berlin,2.15,DEV_053,POS,Utilities,0
TXN_005940,USR_0024,2026-02-05 16:35:31,78.04,New York,5.1,DEV_024,Online,Utilities,0
TXN_005941,USR_0046,2026-03-17 02:13:12,104.53,Sydney,8.14,DEV_046,ATM,Travel,0
TXN_005942,USR_0042,2026-02-05 08:13:00,52.08,Tokyo,1.17,DEV_042,Online,Travel,0
TXN_005943,USR_0084,2026-03-12 01:02:15,77.38,Paris,4.9,DEV_084,POS,Utilities,0
TXN_005944,USR_0044,2026-02-18 08:14:40,10.62,Paris,3.17,DEV_044,POS,Luxury,0
TXN_005945,USR_0012,2026-03-14 10:34:47,151.42,Paris,0.78,DEV_012,Online,Transfer,0
TXN_005946,USR_0043,2026-01-27 07:31:28,84.18,Mumbai,6.51,DEV_043,POS,Grocery,0
TXN_005947,USR_0088,2026-03-23 00:49:01,42.88,New York,17.1,DEV_088,POS,Transfer,0
TXN_005948,USR_0038,2026-02-02 18:29:18,68.27,Sydney,3.56,DEV_038,POS,Gaming,0
TXN_005949,USR_0073,2026-03-26 09:52:11,45.16,London,5.16,DEV_073,ATM,Utilities,0
TXN_005950,USR_0053,2026-03-18 09:27:53,94.98,Berlin,3.19,DEV_053,ATM,Electronics,0
TXN_005951,USR_0019,2026-03-08 11:49:38,155.01,Mumbai,3.99,DEV_019,POS,Travel,0
TXN_005952,USR_0047,2026-01-18 14:24:11,110.2,Toronto,3.53,DEV_047,Wire Transfer,Luxury,0
TXN_005953,USR_0078,2026-02-12 13:04:11,40.96,Sydney,0.62,DEV_082,Online,Luxury,0
TXN_005954,USR_0030,2026-02-18 22:42:11,17.92,Sydney,7.99,DEV_030,Online,Travel,0
TXN_005955,USR_0099,2026-01-31 20:00:47,219.16,Mumbai,2.04,DEV_029,POS,Gaming,0
TXN_005956,USR_0039,2026-03-17 18:09:18,24.43,Toronto,0.73,DEV_039,POS,Electronics,0
TXN_005957,USR_0014,2026-02-27 12:04:57,26.35,Sydney,2.52,DEV_014,POS,Utilities,0
TXN_005958,USR_0081,2026-01-24 07:43:10,182.14,London,7.16,DEV_081,POS,Electronics,0
TXN_005959,USR_0016,2026-01-15 06:27:45,14.79,Toronto,3.77,DEV_016,POS,Grocery,0
TXN_005960,USR_0001,2026-02-25 16:00:56,184.94,London,5.25,DEV_001,ATM,Transfer,0
TXN_005961,USR_0079,2026-02-26 06:47:30,976.09,Berlin,2925.98,DEV_035,ATM,Luxury,1
TXN_005962,USR_0035,2026-01-05 22:02:47,97.22,Mumbai,1.52,DEV_035,POS,Transfer,0
TXN_005963,USR_0061,2026-02-05 07:31:23,86.43,Berlin,8.82,DEV_061,Online,Travel,0
TXN_005964,USR_0041,2026-02-23 11:23:09,449.83,Sydney,3885.29,DEV_100,Wire Transfer,Gaming,1
TXN_005965,USR_0028,2026-03-02 19:05:30,179.69,Toronto,0.17,DEV_028,POS,Gaming,0
TXN_005966,USR_0060,2026-02-14 07:33:02,99.02,Paris,7.44,DEV_028,Online,Grocery,0
TXN_005967,USR_0043,2026-02-26 05:49:36,134.95,Mumbai,6.25,DEV_043,ATM,Gaming,0
TXN_005968,USR_0016,2026-01-12 18:51:56,102.21,New York,11.72,DEV_016,Online,Grocery,0
TXN_005969,USR_0034,2026-02-23 05:49:54,71.61,Tokyo,1.58,DEV_034,ATM,Transfer,0
TXN_005970,USR_0038,2026-03-17 12:21:14,50.47,Sydney,3.08,DEV_038,Online,Utilities,0
TXN_005971,USR_0088,2026-01-24 20:57:59,87.19,New York,2.08,DEV_045,POS,Electronics,0
TXN_005972,USR_0094,2026-01-17 17:37:00,158.65,Sydney,2.08,DEV_094,POS,Travel,0
TXN_005973,USR_0098,2026-01-20 08:13:28,27.62,Tokyo,0.18,DEV_108,POS,Travel,0
TXN_005974,USR_0039,2026-01-12 04:40:34,64.5,Toronto,0.84,DEV_019,POS,Transfer,0
TXN_005975,USR_0088,2026-01-31 20:43:41,17.87,New York,9.46,DEV_088,Online,Grocery,0
TXN_005976,USR_0097,2026-02-23 05:55:02,11.86,London,3.15,DEV_097,ATM,Gaming,0
TXN_005977,USR_0019,2026-02-04 06:11:27,46.8,Mumbai,3.83,DEV_019,POS,Travel,0
TXN_005978,USR_0030,2026-03-06 21:36:48,16.88,Sydney,9.89,DEV_030,Online,Utilities,0
TXN_005979,USR_0035,2026-01-24 15:38:55,51.16,Mumbai,6.72,DEV_035,Online,Utilities,0
TXN_005980,USR_0096,2026-01-04 08:28:31,35.43,New York,3.14,DEV_096,Online,Electronics,0
TXN_005981,USR_0091,2026-03-31 14:13:50,113.2,Mumbai,13.37,DEV_091,POS,Grocery,0
TXN_005982,USR_0001,2026-01-24 12:49:22,33.54,London,0.62,DEV_001,POS,Grocery,0
TXN_005983,USR_0078,2026-02-25 15:29:08,95.96,Sydney,5.35,DEV_078,POS,Transfer,0
TXN_005984,USR_0022,2026-03-27 13:41:00,142.25,Sydney,0.71,DEV_134,Online,Electronics,0
TXN_005985,USR_0095,2026-02-02 01:48:58,113.18,Toronto,2.59,DEV_095,Online,Transfer,0
TXN_005986,USR_0052,2026-03-23 15:45:42,30.84,Paris,1.02,DEV_052,POS,Luxury,0
TXN_005987,USR_0082,2026-02-14 09:24:59,76.68,Tokyo,0.21,DEV_082,Online,Gaming,0
TXN_005988,USR_0072,2026-01-31 06:54:33,260.46,New York,1.42,DEV_072,Online,Luxury,0
TXN_005989,USR_0003,2026-03-25 19:20:26,68.22,Mumbai,2.61,DEV_051,Online,Luxury,0
TXN_005990,USR_0063,2026-03-22 08:17:52,67.14,Toronto,7.48,DEV_063,Online,Grocery,0
TXN_005991,USR_0072,2026-02-14 05:07:11,265.1,New York,1.37,DEV_072,POS,Travel,0
TXN_005992,USR_0043,2026-01-23 05:47:58,43.52,Toronto,9.98,DEV_125,Online,Utilities,0
TXN_005993,USR_0047,2026-02-09 08:29:44,31.24,Toronto,10.2,DEV_047,Online,Utilities,0
TXN_005994,USR_0094,2026-02-02 20:59:01,59.19,Sydney,4.47,DEV_139,POS,Electronics,0
TXN_005995,USR_0034,2026-02-25 08:46:57,1075.55,Toronto,3779.31,DEV_052,Online,Luxury,1
TXN_005996,USR_0098,2026-01-14 09:13:17,965.6,Toronto,3585.7,DEV_080,Wire Transfer,Electronics,1
TXN_005997,USR_0032,2026-02-01 21:24:53,49.69,New York,11.01,DEV_032,Online,Travel,0
TXN_005998,USR_0081,2026-03-28 17:15:31,31.32,London,2.43,DEV_081,POS,Gaming,0
TXN_005999,USR_0006,2026-01-24 00:29:47,290.46,Sydney,4.08,DEV_006,POS,Grocery,0
TXN_006000,USR_0007,2026-01-09 08:14:48,153.56,Toronto,8.51,DEV_007,ATM,Luxury,0
TXN_006001,USR_0065,2026-01-14 11:13:37,45.42,London,3.94,DEV_016,Online,Gaming,0
TXN_006002,USR_0032,2026-03-04 21:30:32,28.28,New York,0.45,DEV_032,POS,Electronics,0
TXN_006003,USR_0086,2026-02-03 23:53:57,63.83,Sydney,3.92,DEV_086,POS,Utilities,0
TXN_006004,USR_0041,2026-01-09 02:56:28,47.95,London,21.83,DEV_041,Online,Utilities,0
TXN_006005,USR_0082,2026-01-23 13:16:00,150.36,Tokyo,13.44,DEV_105,POS,Grocery,0
TXN_006006,USR_0075,2026-01-18 21:18:29,85.35,Mumbai,1.78,DEV_075,Wire Transfer,Gaming,0
TXN_006007,USR_0072,2026-03-27 12:18:49,85.56,New York,4.66,DEV_072,POS,Grocery,0
TXN_006008,USR_0085,2026-02-19 18:37:13,92.9,Berlin,3.17,DEV_085,POS,Utilities,0
TXN_006009,USR_0084,2026-01-14 19:13:43,36.0,Paris,2.78,DEV_084,Online,Grocery,0
TXN_006010,USR_0073,2026-03-27 17:50:14,26.42,London,5.22,DEV_006,ATM,Luxury,0
TXN_006011,USR_0083,2026-03-28 17:37:24,728.3,Tokyo,4099.11,DEV_141,Online,Luxury,1
TXN_006012,USR_0056,2026-01-07 15:51:48,100.01,New York,0.2,DEV_056,POS,Transfer,0
TXN_006013,USR_0038,2026-03-22 21:50:06,63.29,Sydney,0.6,DEV_038,ATM,Transfer,0
TXN_006014,USR_0011,2026-02-26 11:15:27,138.38,Mumbai,3.84,DEV_011,Online,Electronics,0
TXN_006015,USR_0017,2026-03-17 13:51:31,17.6,London,2.22,DEV_017,POS,Transfer,0
TXN_006016,USR_0098,2026-02-02 18:52:43,65.06,Tokyo,23.67,DEV_098,POS,Utilities,0
TXN_006017,USR_0048,2026-02-21 21:53:21,38.71,Sydney,2.29,DEV_048,ATM,Transfer,0
TXN_006018,USR_0094,2026-03-21 08:57:55,22.25,Sydney,1.55,DEV_094,Wire Transfer,Grocery,0
TXN_006019,USR_0079,2026-03-13 06:07:15,81.98,Toronto,0.24,DEV_079,Wire Transfer,Gaming,0
TXN_006020,USR_0029,2026-01-01 01:06:29,146.25,Berlin,0.36,DEV_029,POS,Gaming,0
TXN_006021,USR_0063,2026-01-27 16:54:47,58.2,Toronto,0.12,DEV_055,Online,Travel,0
TXN_006022,USR_0038,2026-01-10 17:52:12,43.15,Sydney,0.26,DEV_038,POS,Gaming,0
TXN_006023,USR_0016,2026-03-04 09:42:09,22.47,Tokyo,5.01,DEV_016,Online,Gaming,0
TXN_006024,USR_0069,2026-03-01 18:40:59,18.64,Berlin,1.13,DEV_088,Online,Utilities,0
TXN_006025,USR_0087,2026-03-05 10:42:48,31.48,Toronto,0.49,DEV_122,ATM,Travel,0
TXN_006026,USR_0022,2026-02-16 16:42:24,461.54,London,3033.81,DEV_039,Online,Transfer,1
TXN_006027,USR_0016,2026-02-22 09:42:50,129.51,New York,1.98,DEV_016,Online,Gaming,0
TXN_006028,USR_0018,2026-02-27 00:48:24,2432.34,Mumbai,851.45,DEV_075,Online,Electronics,1
TXN_006029,USR_0026,2026-02-21 08:37:20,210.46,Tokyo,2.11,DEV_135,POS,Electronics,0
TXN_006030,USR_0043,2026-02-25 06:57:49,177.71,Mumbai,11.69,DEV_054,POS,Electronics,0
TXN_006031,USR_0011,2026-02-27 03:09:51,76.67,Mumbai,3.75,DEV_011,POS,Luxury,0
TXN_006032,USR_0025,2026-03-26 16:31:36,82.09,London,1.55,DEV_145,Online,Utilities,0
TXN_006033,USR_0030,2026-03-18 11:18:56,100.02,Sydney,11.02,DEV_030,Online,Grocery,0
TXN_006034,USR_0084,2026-02-17 07:56:39,27.81,Paris,14.71,DEV_084,Online,Transfer,0
TXN_006035,USR_0095,2026-02-03 06:30:28,210.08,Toronto,0.88,DEV_095,POS,Transfer,0
TXN_006036,USR_0051,2026-03-04 03:56:58,83.5,London,7.52,DEV_051,Online,Luxury,0
TXN_006037,USR_0026,2026-03-11 11:24:26,15.99,Toronto,0.81,DEV_026,POS,Gaming,0
TXN_006038,USR_0007,2026-03-11 05:59:24,177.51,Sydney,4.99,DEV_007,Online,Grocery,0
TXN_006039,USR_0041,2026-01-21 09:51:54,20.09,London,6.93,DEV_076,ATM,Transfer,0
TXN_006040,USR_0080,2026-01-13 08:53:53,218.86,Sydney,14.99,DEV_080,Online,Grocery,0
TXN_006041,USR_0029,2026-02-05 19:11:23,12.44,Berlin,4.1,DEV_029,Online,Luxury,0
TXN_006042,USR_0013,2026-03-14 18:04:28,22.49,Berlin,0.05,DEV_013,ATM,Electronics,0
TXN_006043,USR_0011,2026-02-09 18:10:53,33.01,London,2.3,DEV_011,Wire Transfer,Travel,0
TXN_006044,USR_0044,2026-03-31 20:57:32,214.99,Paris,0.56,DEV_055,POS,Gaming,0
TXN_006045,USR_0022,2026-02-20 01:01:12,143.87,Sydney,6.06,DEV_022,POS,Utilities,0
TXN_006046,USR_0054,2026-01-06 17:35:16,25.87,Sydney,1.74,DEV_054,POS,Utilities,0
TXN_006047,USR_0031,2026-01-04 22:44:40,21.13,Toronto,0.35,DEV_031,Online,Travel,0
TXN_006048,USR_0041,2026-01-23 05:48:34,17.38,London,7.27,DEV_041,Online,Utilities,0
TXN_006049,USR_0006,2026-03-13 13:40:14,85.31,Sydney,1.98,DEV_006,ATM,Grocery,0
TXN_006050,USR_0052,2026-03-11 17:42:28,34.85,Paris,11.11,DEV_052,Wire Transfer,Electronics,0
TXN_006051,USR_0032,2026-01-05 00:13:12,76.99,New York,10.47,DEV_032,Online,Grocery,0
TXN_006052,USR_0074,2026-01-02 10:47:22,238.64,Tokyo,3.98,DEV_074,Wire Transfer,Electronics,0
TXN_006053,USR_0071,2026-01-01 09:42:16,16.2,Toronto,9.56,DEV_071,POS,Electronics,0
TXN_006054,USR_0089,2026-01-09 21:46:39,14.29,London,6.48,DEV_089,Online,Gaming,0
TXN_006055,USR_0040,2026-03-10 04:32:28,131.1,New York,0.96,DEV_040,Online,Utilities,0
TXN_006056,USR_0008,2026-02-13 18:14:57,61.32,New York,1.27,DEV_008,Online,Grocery,0
TXN_006057,USR_0078,2026-01-04 20:35:38,64.92,Sydney,4.03,DEV_078,POS,Gaming,0
TXN_006058,USR_0005,2026-02-14 08:48:31,60.72,Berlin,0.87,DEV_005,POS,Gaming,0
TXN_006059,USR_0089,2026-01-12 00:45:00,26.42,London,0.65,DEV_089,Online,Grocery,0
TXN_006060,USR_0070,2026-03-14 23:03:45,182.78,Sydney,10.23,DEV_070,POS,Utilities,0
TXN_006061,USR_0063,2026-03-13 20:34:22,68.74,Toronto,10.85,DEV_063,Wire Transfer,Luxury,0
TXN_006062,USR_0046,2026-03-25 19:25:00,165.11,Sydney,21.98,DEV_046,POS,Gaming,0
TXN_006063,USR_0097,2026-01-09 09:46:42,82.59,Toronto,0.81,DEV_104,ATM,Utilities,0
TXN_006064,USR_0068,2026-02-07 02:56:57,138.12,Paris,6.72,DEV_068,Online,Grocery,0
TXN_006065,USR_0026,2026-02-28 23:08:55,97.62,Tokyo,1.95,DEV_103,POS,Utilities,0
TXN_006066,USR_0037,2026-02-04 23:27:13,83.35,Berlin,17.58,DEV_037,Online,Luxury,0
TXN_006067,USR_0075,2026-03-18 03:44:02,93.06,Mumbai,15.61,DEV_075,POS,Utilities,0
TXN_006068,USR_0096,2026-01-28 15:30:25,77.84,New York,3.38,DEV_096,Online,Grocery,0
TXN_006069,USR_0007,2026-03-12 12:44:03,117.25,Toronto,1.79,DEV_007,POS,Grocery,0
TXN_006070,USR_0017,2026-02-07 08:34:46,137.39,Paris,1.93,DEV_010,Online,Transfer,0
TXN_006071,USR_0054,2026-02-17 02:22:57,54.06,Sydney,2.23,DEV_054,POS,Travel,0
TXN_006072,USR_0023,2026-03-11 17:48:39,33.96,Toronto,0.59,DEV_023,POS,Grocery,0
TXN_006073,USR_0087,2026-01-28 18:03:04,16.65,Toronto,0.76,DEV_087,POS,Grocery,0
TXN_006074,USR_0038,2026-02-14 23:14:30,50.8,Sydney,6.69,DEV_038,Online,Electronics,0
TXN_006075,USR_0029,2026-03-13 21:24:46,100.73,Berlin,4.26,DEV_029,POS,Transfer,0
TXN_006076,USR_0067,2026-02-08 00:01:48,102.94,Mumbai,2.03,DEV_067,ATM,Utilities,0
TXN_006077,USR_0058,2026-03-10 13:33:57,30.87,Tokyo,5.47,DEV_058,ATM,Gaming,0
TXN_006078,USR_0073,2026-01-17 01:59:40,35.36,London,2.07,DEV_073,Online,Gaming,0
TXN_006079,USR_0044,2026-01-30 16:58:05,1232.07,Toronto,1177.66,DEV_004,ATM,Luxury,1
TXN_006080,USR_0053,2026-01-26 19:50:19,26.28,Paris,1.88,DEV_053,ATM,Gaming,0
TXN_006081,USR_0082,2026-03-21 04:07:06,14.15,Tokyo,0.56,DEV_082,Online,Travel,0
TXN_006082,USR_0005,2026-01-02 23:59:51,507.04,Berlin,10.29,DEV_005,POS,Luxury,0
TXN_006083,USR_0097,2026-02-11 22:49:59,43.94,London,15.43,DEV_065,ATM,Transfer,0
TXN_006084,USR_0006,2026-02-22 22:20:01,13.06,Sydney,27.63,DEV_006,POS,Electronics,0
TXN_006085,USR_0031,2026-03-07 21:42:46,140.42,Toronto,4.51,DEV_078,ATM,Utilities,0
TXN_006086,USR_0034,2026-01-29 11:38:40,30.02,Tokyo,6.01,DEV_034,POS,Gaming,0
TXN_006087,USR_0021,2026-02-07 11:19:24,58.76,Berlin,0.72,DEV_021,Online,Luxury,0
TXN_006088,USR_0100,2026-02-20 08:06:26,32.09,Paris,4.49,DEV_100,Online,Electronics,0
TXN_006089,USR_0052,2026-01-02 02:10:17,36.04,Paris,0.09,DEV_052,Online,Travel,0
TXN_006090,USR_0070,2026-02-17 16:16:52,72.19,Sydney,6.74,DEV_070,POS,Travel,0
TXN_006091,USR_0055,2026-02-18 18:16:31,25.7,Toronto,5.95,DEV_055,Online,Travel,0
TXN_006092,USR_0075,2026-02-28 13:27:17,26.54,Mumbai,0.99,DEV_075,Online,Travel,0
TXN_006093,USR_0078,2026-03-30 04:27:23,93.59,Sydney,5.22,DEV_070,POS,Travel,0
TXN_006094,USR_0077,2026-01-20 07:13:01,26.36,Berlin,6.54,DEV_077,Online,Travel,0
TXN_006095,USR_0016,2026-01-06 12:05:21,41.19,New York,5.2,DEV_016,POS,Grocery,0
TXN_006096,USR_0025,2026-02-18 04:25:36,19.26,London,3.87,DEV_025,Online,Utilities,0
TXN_006097,USR_0022,2026-01-01 22:39:04,171.87,Sydney,0.73,DEV_022,Online,Grocery,0
TXN_006098,USR_0001,2026-01-16 19:37:05,38.96,London,2.21,DEV_009,POS,Luxury,0
TXN_006099,USR_0052,2026-01-19 20:09:44,53.04,Paris,3.38,DEV_052,Online,Electronics,0
TXN_006100,USR_0045,2026-02-28 11:51:04,36.14,Berlin,0.61,DEV_045,Wire Transfer,Travel,0
TXN_006101,USR_0012,2026-01-10 07:26:00,60.01,Paris,0.68,DEV_101,ATM,Grocery,0
TXN_006102,USR_0052,2026-01-31 10:45:45,60.09,Paris,4.06,DEV_052,ATM,Grocery,0
TXN_006103,USR_0039,2026-03-07 17:54:20,18.13,London,10.81,DEV_039,ATM,Utilities,0
TXN_006104,USR_0074,2026-01-29 13:43:56,13.26,Toronto,6.84,DEV_074,Online,Grocery,0
TXN_006105,USR_0036,2026-02-15 08:00:04,37.91,Paris,0.15,DEV_036,Online,Utilities,0
TXN_006106,USR_0008,2026-01-24 21:32:51,38.24,New York,1.22,DEV_142,ATM,Utilities,0
TXN_006107,USR_0046,2026-03-24 23:56:50,19.98,Tokyo,3.12,DEV_046,Wire Transfer,Travel,0
TXN_006108,USR_0094,2026-01-21 21:14:35,51.75,Sydney,3.27,DEV_117,POS,Grocery,0
TXN_006109,USR_0071,2026-01-13 14:11:26,118.58,Toronto,0.45,DEV_071,POS,Grocery,0
TXN_006110,USR_0070,2026-02-09 19:43:59,99.34,Sydney,2.86,DEV_070,Online,Gaming,0
TXN_006111,USR_0044,2026-02-14 07:23:33,332.87,Paris,0.89,DEV_044,POS,Electronics,0
TXN_006112,USR_0086,2026-01-11 00:15:31,61.36,Sydney,1.74,DEV_086,Online,Utilities,0
TXN_006113,USR_0025,2026-03-21 19:25:22,43.35,London,4.19,DEV_025,ATM,Gaming,0
TXN_006114,USR_0099,2026-03-12 10:19:38,101.5,Mumbai,6.53,DEV_012,Online,Electronics,0
TXN_006115,USR_0091,2026-02-09 22:34:59,50.67,Mumbai,5.21,DEV_091,Online,Transfer,0
TXN_006116,USR_0012,2026-03-24 04:54:27,32.6,Paris,1.63,DEV_012,POS,Utilities,0
TXN_006117,USR_0050,2026-01-14 05:32:01,32.63,Tokyo,1.82,DEV_050,Online,Utilities,0
TXN_006118,USR_0063,2026-03-19 15:06:10,39.51,Toronto,0.3,DEV_063,ATM,Luxury,0
TXN_006119,USR_0047,2026-02-28 16:52:52,87.18,Toronto,16.74,DEV_083,POS,Electronics,0
TXN_006120,USR_0080,2026-01-07 22:10:40,111.08,New York,8.69,DEV_080,Online,Utilities,0
TXN_006121,USR_0064,2026-01-10 18:28:03,213.82,New York,7.9,DEV_064,POS,Utilities,0
TXN_006122,USR_0034,2026-02-11 15:44:21,61.43,Tokyo,0.4,DEV_034,ATM,Utilities,0
TXN_006123,USR_0087,2026-03-08 18:00:00,87.97,Toronto,7.74,DEV_087,POS,Grocery,0
TXN_006124,USR_0058,2026-02-28 23:12:11,96.82,Tokyo,1.6,DEV_058,ATM,Transfer,0
TXN_006125,USR_0022,2026-01-18 14:19:20,126.16,Sydney,6.95,DEV_022,Online,Travel,0
TXN_006126,USR_0034,2026-02-18 19:37:46,15.06,Tokyo,3.56,DEV_034,Online,Grocery,0
TXN_006127,USR_0098,2026-02-27 14:41:18,69.88,Tokyo,18.11,DEV_115,POS,Electronics,0
TXN_006128,USR_0021,2026-03-20 18:27:50,23.33,Berlin,0.36,DEV_021,Online,Gaming,0
TXN_006129,USR_0074,2026-03-08 00:30:50,204.98,Tokyo,0.67,DEV_074,Online,Utilities,0
TXN_006130,USR_0034,2026-01-16 10:50:13,15.54,Tokyo,18.4,DEV_034,Online,Grocery,0
TXN_006131,USR_0093,2026-02-19 22:40:24,149.18,Berlin,1.35,DEV_093,Online,Electronics,0
TXN_006132,USR_0095,2026-03-24 04:34:28,242.69,Toronto,3.74,DEV_095,Wire Transfer,Gaming,0
TXN_006133,USR_0022,2026-03-03 17:49:34,43.59,Sydney,2.27,DEV_022,ATM,Transfer,0
TXN_006134,USR_0047,2026-01-02 02:43:07,22.71,London,0.22,DEV_047,ATM,Transfer,0
TXN_006135,USR_0045,2026-01-23 22:44:59,111.09,Berlin,1.18,DEV_045,Online,Travel,0
TXN_006136,USR_0011,2026-03-21 05:22:42,24.19,New York,6.67,DEV_011,ATM,Grocery,0
TXN_006137,USR_0095,2026-01-30 10:29:52,183.23,Toronto,7.79,DEV_095,POS,Grocery,0
TXN_006138,USR_0061,2026-01-12 22:23:24,331.35,Berlin,0.22,DEV_061,POS,Gaming,0
TXN_006139,USR_0068,2026-03-04 04:31:02,30.16,Paris,9.52,DEV_068,ATM,Transfer,0
TXN_006140,USR_0070,2026-03-11 10:27:42,99.82,Sydney,1.88,DEV_070,ATM,Utilities,0
TXN_006141,USR_0091,2026-01-27 14:34:41,66.18,Mumbai,2.46,DEV_091,Online,Utilities,0
TXN_006142,USR_0073,2026-02-11 17:44:57,34.61,London,0.43,DEV_073,ATM,Transfer,0
TXN_006143,USR_0068,2026-03-29 12:07:48,230.71,Paris,1.82,DEV_080,Online,Electronics,0
TXN_006144,USR_0002,2026-01-03 03:40:20,167.09,Tokyo,8.81,DEV_002,ATM,Transfer,0
TXN_006145,USR_0077,2026-02-06 12:51:14,1236.58,Tokyo,763.26,DEV_055,ATM,Gaming,1
TXN_006146,USR_0086,2026-01-12 17:43:02,164.8,Sydney,1.79,DEV_086,Online,Luxury,0
TXN_006147,USR_0066,2026-03-08 17:42:06,203.79,Tokyo,0.36,DEV_066,ATM,Travel,0
TXN_006148,USR_0044,2026-03-11 21:47:52,14.96,Paris,2.0,DEV_044,Wire Transfer,Electronics,0
TXN_006149,USR_0086,2026-03-08 19:03:01,22.22,Sydney,6.2,DEV_086,POS,Transfer,0
TXN_006150,USR_0097,2026-02-12 22:44:11,27.67,London,19.38,DEV_097,POS,Electronics,0
TXN_006151,USR_0076,2026-01-11 09:10:09,19.93,Paris,0.69,DEV_076,Wire Transfer,Electronics,0
TXN_006152,USR_0081,2026-02-23 17:54:51,17.79,London,1.65,DEV_076,Online,Electronics,0
TXN_006153,USR_0036,2026-03-16 18:23:50,11.3,Paris,6.21,DEV_146,POS,Grocery,0
TXN_006154,USR_0079,2026-02-05 23:22:40,14.6,Toronto,4.08,DEV_097,POS,Travel,0
TXN_006155,USR_0019,2026-02-17 04:22:18,22.94,Mumbai,8.03,DEV_019,Online,Electronics,0
TXN_006156,USR_0059,2026-02-06 09:09:25,280.91,Mumbai,0.57,DEV_059,Online,Luxury,0
TXN_006157,USR_0080,2026-02-04 00:56:29,28.75,New York,0.63,DEV_080,Online,Luxury,0
TXN_006158,USR_0080,2026-02-21 22:16:24,42.78,New York,0.24,DEV_143,Online,Gaming,0
TXN_006159,USR_0062,2026-01-22 02:31:48,138.57,Sydney,3.56,DEV_062,Online,Luxury,0
TXN_006160,USR_0055,2026-02-03 04:09:32,26.41,Toronto,1.42,DEV_055,Online,Luxury,0
TXN_006161,USR_0028,2026-01-13 21:33:33,38.71,Paris,0.89,DEV_028,Online,Utilities,0
TXN_006162,USR_0016,2026-02-10 03:27:51,298.86,New York,1.79,DEV_016,ATM,Grocery,0
TXN_006163,USR_0057,2026-02-11 22:51:09,76.76,Berlin,0.89,DEV_057,Online,Grocery,0
TXN_006164,USR_0094,2026-03-28 21:58:26,36.84,Sydney,0.92,DEV_094,ATM,Utilities,0
TXN_006165,USR_0040,2026-03-11 13:56:41,43.22,Berlin,12.11,DEV_040,ATM,Grocery,0
TXN_006166,USR_0019,2026-02-18 03:44:28,113.65,Mumbai,0.83,DEV_019,Wire Transfer,Gaming,0
TXN_006167,USR_0029,2026-02-24 11:28:51,31.51,Berlin,1.67,DEV_029,Online,Grocery,0
TXN_006168,USR_0076,2026-03-11 15:12:22,48.53,Paris,0.29,DEV_076,POS,Transfer,0
TXN_006169,USR_0068,2026-01-30 02:02:40,120.69,Paris,0.17,DEV_068,POS,Transfer,0
TXN_006170,USR_0031,2026-03-28 19:32:28,39.61,Toronto,7.73,DEV_031,Online,Travel,0
TXN_006171,USR_0089,2026-03-15 05:48:49,29.87,London,1.89,DEV_089,ATM,Luxury,0
TXN_006172,USR_0094,2026-03-17 19:42:28,58.07,Sydney,0.52,DEV_078,Online,Gaming,0
TXN_006173,USR_0098,2026-01-02 03:01:55,91.44,Tokyo,11.41,DEV_098,Online,Luxury,0
TXN_006174,USR_0087,2026-02-07 09:09:10,28.31,Toronto,7.22,DEV_087,Online,Utilities,0
TXN_006175,USR_0070,2026-01-12 03:13:15,130.83,Berlin,3.23,DEV_070,POS,Utilities,0
TXN_006176,USR_0004,2026-01-25 05:47:15,69.37,Paris,1.46,DEV_035,ATM,Travel,0
TXN_006177,USR_0087,2026-02-23 19:36:10,49.73,Toronto,1.09,DEV_080,ATM,Transfer,0
TXN_006178,USR_0097,2026-03-05 01:18:45,53.95,London,7.16,DEV_097,Online,Utilities,0
TXN_006179,USR_0018,2026-01-08 01:18:41,12.2,Tokyo,0.24,DEV_018,Online,Transfer,0
TXN_006180,USR_0039,2026-01-07 13:23:24,167.41,Toronto,0.64,DEV_039,POS,Luxury,0
TXN_006181,USR_0087,2026-01-09 02:32:38,53.83,Toronto,10.02,DEV_087,POS,Electronics,0
TXN_006182,USR_0021,2026-02-14 06:13:47,108.48,Berlin,0.98,DEV_021,POS,Luxury,0
TXN_006183,USR_0061,2026-03-12 08:19:28,45.87,Berlin,0.16,DEV_061,POS,Electronics,0
TXN_006184,USR_0034,2026-03-14 09:04:28,59.21,Tokyo,22.28,DEV_034,POS,Utilities,0
TXN_006185,USR_0029,2026-03-05 20:29:33,29.61,Paris,0.4,DEV_029,Online,Gaming,0
TXN_006186,USR_0002,2026-01-15 08:12:51,67.33,Tokyo,1.9,DEV_142,POS,Gaming,0
TXN_006187,USR_0049,2026-03-14 10:37:07,11.17,London,4.48,DEV_079,Online,Electronics,0
TXN_006188,USR_0015,2026-03-28 23:08:55,82.46,Toronto,17.48,DEV_015,POS,Travel,0
TXN_006189,USR_0063,2026-03-27 21:23:40,30.3,Toronto,3.45,DEV_063,Online,Gaming,0
TXN_006190,USR_0068,2026-02-14 13:15:42,41.23,Berlin,10.94,DEV_068,Online,Utilities,0
TXN_006191,USR_0063,2026-01-02 04:07:17,62.62,Toronto,0.51,DEV_060,Online,Travel,0
TXN_006192,USR_0025,2026-02-16 23:47:32,13.23,London,2.03,DEV_025,Online,Utilities,0
TXN_006193,USR_0055,2026-02-06 02:50:23,59.53,Toronto,6.82,DEV_055,Online,Electronics,0
TXN_006194,USR_0070,2026-01-16 07:07:31,51.46,Sydney,1.02,DEV_070,POS,Grocery,0
TXN_006195,USR_0039,2026-02-27 15:04:27,66.2,Toronto,5.07,DEV_039,POS,Travel,0
TXN_006196,USR_0034,2026-02-17 07:34:14,60.93,Toronto,3.59,DEV_034,Online,Travel,0
TXN_006197,USR_0004,2026-03-15 09:25:42,26.3,Paris,1.16,DEV_004,ATM,Gaming,0
TXN_006198,USR_0057,2026-03-27 13:19:03,105.45,Toronto,6.96,DEV_104,Online,Grocery,0
TXN_006199,USR_0092,2026-03-19 23:51:25,64.05,Berlin,9.73,DEV_092,Online,Travel,0
TXN_006200,USR_0064,2026-02-15 11:41:53,173.11,New York,2.91,DEV_064,ATM,Utilities,0
TXN_006201,USR_0079,2026-01-14 20:06:37,10.97,Toronto,4.59,DEV_079,Online,Utilities,0
TXN_006202,USR_0051,2026-01-21 11:39:04,66.68,Mumbai,4.8,DEV_051,Online,Grocery,0
TXN_006203,USR_0087,2026-02-11 13:31:47,19.34,Toronto,12.02,DEV_010,Wire Transfer,Transfer,0
TXN_006204,USR_0042,2026-02-22 02:14:31,98.39,Tokyo,0.92,DEV_042,POS,Gaming,0
TXN_006205,USR_0013,2026-02-18 11:10:40,30.96,Berlin,1.33,DEV_013,POS,Grocery,0
TXN_006206,USR_0062,2026-02-18 16:09:29,53.64,Sydney,6.93,DEV_062,Online,Electronics,0
TXN_006207,USR_0088,2026-01-25 11:03:14,56.28,New York,0.65,DEV_088,ATM,Grocery,0
TXN_006208,USR_0011,2026-03-02 06:25:23,38.7,Mumbai,2.12,DEV_011,Online,Gaming,0
TXN_006209,USR_0066,2026-01-02 18:21:24,779.25,Toronto,2593.13,DEV_004,Wire Transfer,Electronics,1
TXN_006210,USR_0035,2026-01-20 17:00:10,28.52,Mumbai,0.55,DEV_035,Online,Luxury,0
TXN_006211,USR_0033,2026-02-09 17:49:59,26.74,London,8.21,DEV_033,ATM,Electronics,0
TXN_006212,USR_0079,2026-01-18 01:42:16,34.02,Toronto,8.84,DEV_065,Online,Luxury,0
TXN_006213,USR_0014,2026-01-19 15:32:07,22.08,Sydney,2.46,DEV_014,ATM,Luxury,0
TXN_006214,USR_0065,2026-03-12 08:49:36,163.1,London,1.7,DEV_004,Wire Transfer,Grocery,0
TXN_006215,USR_0090,2026-03-20 02:49:45,141.6,Tokyo,1.94,DEV_090,Online,Gaming,0
TXN_006216,USR_0020,2026-01-25 01:09:08,1696.95,Toronto,3953.44,DEV_066,Online,Luxury,1
TXN_006217,USR_0068,2026-03-16 21:24:30,63.91,Paris,4.73,DEV_123,POS,Electronics,0
TXN_006218,USR_0023,2026-02-04 21:16:47,143.43,Toronto,2.62,DEV_093,POS,Transfer,0
TXN_006219,USR_0071,2026-02-19 22:04:42,14.96,Toronto,6.68,DEV_071,POS,Transfer,0
TXN_006220,USR_0027,2026-01-14 01:48:00,48.06,Mumbai,7.19,DEV_027,Online,Electronics,0
TXN_006221,USR_0027,2026-02-28 15:14:02,30.1,Mumbai,1.74,DEV_027,ATM,Transfer,0
TXN_006222,USR_0053,2026-01-01 15:13:50,142.83,Berlin,3.28,DEV_091,POS,Electronics,0
TXN_006223,USR_0035,2026-02-23 03:24:49,10.07,Mumbai,2.56,DEV_035,Online,Utilities,0
TXN_006224,USR_0054,2026-02-06 01:13:07,217.97,Tokyo,6.58,DEV_054,Online,Luxury,0
TXN_006225,USR_0017,2026-01-25 02:28:07,29.01,London,8.24,DEV_116,Online,Electronics,0
TXN_006226,USR_0096,2026-01-26 22:13:48,43.26,New York,4.62,DEV_096,Online,Transfer,0
TXN_006227,USR_0044,2026-03-31 21:53:01,57.56,Paris,1.38,DEV_044,Online,Luxury,0
TXN_006228,USR_0075,2026-03-08 06:28:36,164.54,Mumbai,3.64,DEV_075,POS,Utilities,0
TXN_006229,USR_0079,2026-03-13 07:02:28,89.2,Toronto,0.6,DEV_089,POS,Utilities,0
TXN_006230,USR_0005,2026-03-21 18:31:31,1377.08,Paris,1179.2,DEV_031,ATM,Luxury,1
TXN_006231,USR_0054,2026-02-22 14:42:54,10.06,Sydney,1.61,DEV_054,Wire Transfer,Transfer,0
TXN_006232,USR_0100,2026-01-17 18:00:13,111.5,Paris,1.27,DEV_100,ATM,Luxury,0
TXN_006233,USR_0011,2026-03-31 23:24:29,110.0,Mumbai,4.88,DEV_011,POS,Transfer,0
TXN_006234,USR_0028,2026-02-15 05:31:07,32.67,Paris,0.24,DEV_028,POS,Travel,0
TXN_006235,USR_0054,2026-02-25 03:10:05,982.21,London,4353.58,DEV_007,ATM,Electronics,1
TXN_006236,USR_0047,2026-01-06 01:43:51,27.76,Toronto,1.39,DEV_047,ATM,Gaming,0
TXN_006237,USR_0028,2026-02-04 13:02:35,21.0,Paris,3.05,DEV_028,POS,Transfer,0
TXN_006238,USR_0009,2026-01-18 13:07:02,70.22,London,4.08,DEV_009,POS,Utilities,0
TXN_006239,USR_0070,2026-01-28 14:36:02,14.91,Sydney,1.8,DEV_070,ATM,Electronics,0
TXN_006240,USR_0049,2026-02-04 13:39:22,81.06,London,3.08,DEV_049,POS,Transfer,0
TXN_006241,USR_0037,2026-03-14 13:38:44,42.06,Berlin,4.58,DEV_037,Online,Gaming,0
TXN_006242,USR_0080,2026-02-14 22:06:42,112.25,New York,7.03,DEV_080,ATM,Transfer,0
TXN_006243,USR_0050,2026-01-20 23:44:29,44.73,Tokyo,21.1,DEV_050,Online,Gaming,0
TXN_006244,USR_0031,2026-01-12 03:27:11,106.27,Toronto,3.3,DEV_031,ATM,Grocery,0
TXN_006245,USR_0002,2026-01-23 23:12:17,99.04,Tokyo,0.84,DEV_002,Online,Grocery,0
TXN_006246,USR_0006,2026-03-04 00:31:07,40.63,Sydney,12.01,DEV_006,POS,Utilities,0
TXN_006247,USR_0056,2026-01-24 18:24:26,20.28,New York,2.08,DEV_056,ATM,Gaming,0
TXN_006248,USR_0062,2026-03-09 06:08:49,69.57,Sydney,10.97,DEV_132,POS,Luxury,0
TXN_006249,USR_0027,2026-03-25 18:14:29,94.94,Mumbai,5.03,DEV_027,Online,Gaming,0
TXN_006250,USR_0041,2026-03-12 06:17:13,13.69,London,7.3,DEV_041,Online,Luxury,0
TXN_006251,USR_0034,2026-03-28 11:18:25,87.5,Tokyo,18.79,DEV_034,Online,Luxury,0
TXN_006252,USR_0010,2026-01-22 12:40:17,13.03,Tokyo,0.72,DEV_010,ATM,Travel,0
TXN_006253,USR_0046,2026-03-05 18:44:46,178.14,Sydney,8.07,DEV_046,Online,Travel,0
TXN_006254,USR_0033,2026-01-31 01:37:27,24.53,London,0.78,DEV_033,POS,Transfer,0
TXN_006255,USR_0017,2026-03-10 19:52:29,22.99,London,0.64,DEV_109,Online,Transfer,0
TXN_006256,USR_0040,2026-01-12 18:21:29,70.84,New York,20.17,DEV_040,Online,Gaming,0
TXN_006257,USR_0024,2026-03-19 21:49:22,46.58,New York,0.2,DEV_024,POS,Grocery,0
TXN_006258,USR_0038,2026-03-10 22:03:22,33.47,Sydney,3.57,DEV_038,Wire Transfer,Transfer,0
TXN_006259,USR_0074,2026-02-26 11:44:12,601.18,Sydney,305.98,DEV_099,ATM,Electronics,1
TXN_006260,USR_0020,2026-02-22 19:45:23,75.29,Paris,0.24,DEV_020,POS,Grocery,0
TXN_006261,USR_0017,2026-01-13 12:38:15,43.48,London,0.35,DEV_017,POS,Travel,0
TXN_006262,USR_0028,2026-02-08 07:13:08,112.61,Paris,2.01,DEV_028,POS,Luxury,0
TXN_006263,USR_0041,2026-02-03 06:51:53,435.35,London,0.53,DEV_041,POS,Travel,0
TXN_006264,USR_0082,2026-03-01 08:18:31,22.74,Tokyo,1.88,DEV_057,Online,Utilities,0
TXN_006265,USR_0065,2026-02-04 21:28:27,83.43,London,6.03,DEV_065,POS,Luxury,0
TXN_006266,USR_0060,2026-02-22 07:36:46,43.39,Paris,5.77,DEV_060,Online,Luxury,0
TXN_006267,USR_0079,2026-03-08 23:13:55,171.67,Toronto,5.29,DEV_079,Online,Gaming,0
TXN_006268,USR_0015,2026-03-13 03:09:44,1541.71,Tokyo,4357.43,DEV_026,Online,Electronics,1
TXN_006269,USR_0006,2026-03-14 05:02:37,180.28,Sydney,11.37,DEV_006,POS,Gaming,0
TXN_006270,USR_0071,2026-01-08 01:25:35,80.99,Toronto,2.1,DEV_071,Online,Electronics,0
TXN_006271,USR_0075,2026-01-26 05:56:37,118.15,Mumbai,1.03,DEV_075,POS,Grocery,0
TXN_006272,USR_0058,2026-02-05 12:01:38,13.03,Tokyo,4.67,DEV_058,POS,Luxury,0
TXN_006273,USR_0081,2026-03-26 06:21:27,154.44,Mumbai,0.74,DEV_081,Online,Grocery,0
TXN_006274,USR_0059,2026-01-14 16:49:41,15.1,Mumbai,4.34,DEV_083,Online,Transfer,0
TXN_006275,USR_0008,2026-01-27 14:30:32,11.34,New York,4.79,DEV_008,Online,Luxury,0
TXN_006276,USR_0082,2026-03-16 16:57:14,7284.79,Berlin,518.3,DEV_066,ATM,Luxury,1
TXN_006277,USR_0095,2026-03-09 19:09:56,46.59,Toronto,1.79,DEV_018,POS,Grocery,0
TXN_006278,USR_0025,2026-02-06 08:03:17,6160.79,New York,3080.72,DEV_114,ATM,Luxury,1
TXN_006279,USR_0099,2026-03-03 22:43:09,56.73,Mumbai,4.95,DEV_099,Online,Luxury,0
TXN_006280,USR_0096,2026-01-26 19:51:22,81.67,New York,4.5,DEV_096,Online,Gaming,0
TXN_006281,USR_0035,2026-01-09 22:47:18,33.2,Mumbai,14.42,DEV_035,POS,Gaming,0
TXN_006282,USR_0013,2026-02-19 01:51:22,73.42,Berlin,8.72,DEV_013,Online,Utilities,0
TXN_006283,USR_0044,2026-01-16 20:21:14,174.93,Paris,0.0,DEV_014,Online,Grocery,0
TXN_006284,USR_0084,2026-02-11 03:04:46,42.86,Paris,11.16,DEV_084,POS,Luxury,0
TXN_006285,USR_0094,2026-01-13 18:30:03,728.48,Tokyo,2676.81,DEV_057,Online,Gaming,1
TXN_006286,USR_0076,2026-03-18 00:52:21,52.61,Paris,1.01,DEV_076,Online,Travel,0
TXN_006287,USR_0081,2026-02-03 16:55:48,54.64,London,0.57,DEV_081,POS,Gaming,0
TXN_006288,USR_0089,2026-02-01 02:26:56,93.79,London,4.72,DEV_089,POS,Transfer,0
TXN_006289,USR_0052,2026-01-09 04:27:53,51.47,Paris,0.92,DEV_052,ATM,Utilities,0
TXN_006290,USR_0092,2026-01-04 18:09:09,130.52,Paris,2.24,DEV_092,POS,Transfer,0
TXN_006291,USR_0015,2026-02-24 06:23:04,106.0,Toronto,3.1,DEV_015,ATM,Travel,0
TXN_006292,USR_0012,2026-01-23 15:36:26,35.5,Paris,2.64,DEV_066,POS,Electronics,0
TXN_006293,USR_0046,2026-01-07 06:26:54,102.17,Sydney,10.75,DEV_046,POS,Luxury,0
TXN_006294,USR_0041,2026-02-05 01:41:10,75.4,London,3.77,DEV_032,ATM,Electronics,0
TXN_006295,USR_0086,2026-01-07 14:01:29,61.39,Toronto,4.9,DEV_086,Online,Grocery,0
TXN_006296,USR_0013,2026-01-06 12:13:25,192.67,Berlin,2.61,DEV_013,Online,Travel,0
TXN_006297,USR_0050,2026-01-02 05:49:19,40.33,Tokyo,7.24,DEV_050,POS,Travel,0
TXN_006298,USR_0049,2026-03-13 00:20:51,53.26,London,11.27,DEV_049,POS,Luxury,0
TXN_006299,USR_0026,2026-01-16 16:42:15,44.67,Tokyo,1.55,DEV_026,POS,Gaming,0
TXN_006300,USR_0080,2026-03-08 16:54:07,45.17,New York,4.46,DEV_080,POS,Grocery,0
TXN_006301,USR_0053,2026-01-26 03:27:30,71.35,Berlin,4.97,DEV_053,Online,Gaming,0
TXN_006302,USR_0036,2026-01-05 11:31:39,38.48,Paris,2.38,DEV_036,POS,Travel,0
TXN_006303,USR_0013,2026-01-06 20:47:15,49.4,Berlin,0.16,DEV_013,Online,Electronics,0
TXN_006304,USR_0066,2026-01-19 22:29:50,86.33,Tokyo,9.96,DEV_044,Online,Utilities,0
TXN_006305,USR_0089,2026-01-26 15:37:17,66.67,Mumbai,0.33,DEV_089,Online,Gaming,0
TXN_006306,USR_0032,2026-01-28 07:27:21,896.27,London,4852.33,DEV_142,ATM,Gaming,1
TXN_006307,USR_0053,2026-01-26 15:34:03,17.13,Berlin,9.41,DEV_053,POS,Travel,0
TXN_006308,USR_0009,2026-03-24 10:28:58,53.57,London,1.78,DEV_009,ATM,Luxury,0
TXN_006309,USR_0087,2026-01-25 12:42:15,33.14,Toronto,0.14,DEV_087,ATM,Grocery,0
TXN_006310,USR_0056,2026-02-01 11:38:42,25.48,New York,2.5,DEV_097,Online,Gaming,0
TXN_006311,USR_0014,2026-03-03 18:34:12,59.0,Sydney,2.39,DEV_014,ATM,Gaming,0
TXN_006312,USR_0001,2026-01-08 15:27:23,17.78,London,2.16,DEV_001,POS,Gaming,0
TXN_006313,USR_0050,2026-03-31 06:14:27,2698.58,Berlin,4714.14,DEV_056,Wire Transfer,Gaming,1
TXN_006314,USR_0070,2026-03-23 21:27:25,112.24,Sydney,18.86,DEV_070,Online,Gaming,0
TXN_006315,USR_0091,2026-02-20 01:37:49,15.44,Mumbai,2.46,DEV_091,ATM,Travel,0
TXN_006316,USR_0093,2026-03-08 15:18:54,119.69,London,4.55,DEV_093,Online,Travel,0
TXN_006317,USR_0097,2026-01-03 13:15:09,32.5,London,4.58,DEV_034,POS,Transfer,0
TXN_006318,USR_0095,2026-02-20 06:23:55,21.66,Toronto,0.9,DEV_148,Online,Grocery,0
TXN_006319,USR_0026,2026-01-26 10:55:12,36.8,Tokyo,13.97,DEV_125,Online,Grocery,0
TXN_006320,USR_0078,2026-02-26 09:28:25,126.12,Sydney,1.73,DEV_078,POS,Electronics,0
TXN_006321,USR_0096,2026-02-13 11:46:53,176.94,New York,3.44,DEV_096,Online,Gaming,0
TXN_006322,USR_0015,2026-03-04 15:08:58,48.43,Toronto,7.26,DEV_015,Wire Transfer,Utilities,0
TXN_006323,USR_0017,2026-03-27 15:26:54,63.27,London,4.53,DEV_111,Online,Electronics,0
TXN_006324,USR_0078,2026-02-21 05:29:06,33.38,Sydney,3.51,DEV_078,Online,Grocery,0
TXN_006325,USR_0068,2026-01-31 07:00:26,28.07,Paris,4.64,DEV_068,Online,Gaming,0
TXN_006326,USR_0027,2026-02-18 11:52:43,77.94,Mumbai,8.37,DEV_027,Online,Electronics,0
TXN_006327,USR_0085,2026-03-04 15:40:29,29.29,Berlin,12.51,DEV_085,Wire Transfer,Gaming,0
TXN_006328,USR_0021,2026-03-20 15:00:20,17.67,Berlin,2.88,DEV_021,Online,Gaming,0
TXN_006329,USR_0056,2026-01-19 04:23:52,1091.33,Tokyo,343.5,DEV_107,ATM,Transfer,1
TXN_006330,USR_0051,2026-01-18 22:41:28,104.92,Sydney,5.17,DEV_051,Wire Transfer,Electronics,0
TXN_006331,USR_0029,2026-02-16 03:45:48,57.29,Berlin,2.03,DEV_029,Wire Transfer,Transfer,0
TXN_006332,USR_0050,2026-01-23 00:06:44,101.19,Tokyo,2.5,DEV_024,ATM,Transfer,0
TXN_006333,USR_0061,2026-01-15 08:18:50,37.67,Berlin,5.89,DEV_096,POS,Luxury,0
TXN_006334,USR_0068,2026-03-23 13:34:05,41.71,Paris,1.1,DEV_068,Online,Electronics,0
TXN_006335,USR_0006,2026-03-30 06:12:10,134.28,Sydney,0.97,DEV_006,Online,Electronics,0
TXN_006336,USR_0061,2026-03-09 07:28:18,90.01,Berlin,1.44,DEV_061,POS,Utilities,0
TXN_006337,USR_0045,2026-03-23 19:39:26,45.55,Berlin,0.13,DEV_045,Online,Grocery,0
TXN_006338,USR_0025,2026-03-04 14:35:38,68.71,London,1.72,DEV_025,POS,Transfer,0
TXN_006339,USR_0022,2026-01-16 00:30:18,37.33,Sydney,2.51,DEV_022,Online,Transfer,0
TXN_006340,USR_0041,2026-01-23 05:53:36,49.14,London,0.41,DEV_041,Online,Utilities,0
TXN_006341,USR_0036,2026-01-25 11:54:46,43.13,Paris,4.1,DEV_036,POS,Electronics,0
TXN_006342,USR_0039,2026-02-17 03:15:41,134.45,Toronto,10.39,DEV_098,POS,Grocery,0
TXN_006343,USR_0100,2026-02-13 14:52:20,60.53,Paris,0.61,DEV_100,POS,Gaming,0
TXN_006344,USR_0077,2026-01-04 19:44:57,17.16,Berlin,6.89,DEV_077,POS,Electronics,0
TXN_006345,USR_0027,2026-02-10 23:19:17,22.26,Mumbai,3.89,DEV_027,ATM,Gaming,0
TXN_006346,USR_0089,2026-03-11 12:33:39,55.22,Sydney,9.45,DEV_089,ATM,Travel,0
TXN_006347,USR_0043,2026-02-08 20:58:58,154.38,Mumbai,1.7,DEV_043,POS,Grocery,0
TXN_006348,USR_0019,2026-01-15 00:34:08,62.88,Mumbai,1.77,DEV_019,POS,Gaming,0
TXN_006349,USR_0002,2026-01-12 11:35:50,104.03,Tokyo,5.22,DEV_002,POS,Luxury,0
TXN_006350,USR_0071,2026-02-04 01:35:00,39.32,Toronto,15.55,DEV_071,POS,Travel,0
TXN_006351,USR_0098,2026-02-18 01:55:09,142.15,Tokyo,0.43,DEV_108,Online,Grocery,0
TXN_006352,USR_0026,2026-03-18 16:52:27,209.43,Tokyo,26.19,DEV_026,ATM,Transfer,0
TXN_006353,USR_0090,2026-03-15 20:24:53,24.08,Toronto,7.74,DEV_090,ATM,Travel,0
TXN_006354,USR_0051,2026-03-22 00:20:44,21.46,Mumbai,5.23,DEV_051,Online,Utilities,0
TXN_006355,USR_0068,2026-01-12 17:36:02,23.21,Paris,3.02,DEV_068,Online,Transfer,0
TXN_006356,USR_0066,2026-02-09 23:51:38,161.35,Tokyo,15.35,DEV_066,Online,Transfer,0
TXN_006357,USR_0068,2026-01-24 15:41:31,39.71,Paris,0.07,DEV_068,Online,Utilities,0
TXN_006358,USR_0047,2026-03-12 19:47:31,37.96,Toronto,9.2,DEV_047,POS,Grocery,0
TXN_006359,USR_0058,2026-01-15 23:28:26,79.48,Tokyo,3.36,DEV_098,POS,Gaming,0
TXN_006360,USR_0091,2026-01-11 06:33:19,43.64,Mumbai,2.44,DEV_091,Online,Transfer,0
TXN_006361,USR_0016,2026-01-04 23:56:15,52.02,New York,4.04,DEV_016,ATM,Grocery,0
TXN_006362,USR_0082,2026-03-23 09:05:42,202.97,Toronto,1.88,DEV_082,POS,Luxury,0
TXN_006363,USR_0032,2026-01-10 04:05:18,238.49,New York,5.34,DEV_032,Wire Transfer,Grocery,0
TXN_006364,USR_0004,2026-02-28 23:50:35,129.46,Paris,14.74,DEV_004,ATM,Electronics,0
TXN_006365,USR_0089,2026-03-01 03:11:07,73.34,London,4.07,DEV_101,POS,Luxury,0
TXN_006366,USR_0054,2026-02-28 14:10:25,31.17,Sydney,1.34,DEV_054,POS,Travel,0
TXN_006367,USR_0002,2026-02-28 01:34:21,886.21,New York,3540.88,DEV_011,Wire Transfer,Electronics,1
TXN_006368,USR_0054,2026-02-21 12:17:14,36.34,Sydney,0.69,DEV_054,POS,Luxury,0
TXN_006369,USR_0024,2026-02-12 16:01:57,25.7,New York,10.02,DEV_024,Online,Grocery,0
TXN_006370,USR_0087,2026-01-21 01:36:58,67.57,Toronto,1.77,DEV_087,Wire Transfer,Travel,0
TXN_006371,USR_0053,2026-01-05 03:08:18,28.4,Berlin,10.74,DEV_053,POS,Luxury,0
TXN_006372,USR_0069,2026-02-08 10:11:32,165.78,Berlin,4.48,DEV_069,POS,Gaming,0
TXN_006373,USR_0049,2026-03-05 05:33:46,91.87,London,9.23,DEV_049,POS,Transfer,0
TXN_006374,USR_0054,2026-03-31 09:53:40,113.35,Sydney,1.47,DEV_054,POS,Transfer,0
TXN_006375,USR_0039,2026-02-10 23:41:48,62.45,Toronto,0.68,DEV_039,POS,Transfer,0
TXN_006376,USR_0027,2026-02-19 09:12:33,106.0,Mumbai,6.96,DEV_027,POS,Electronics,0
TXN_006377,USR_0051,2026-02-25 23:40:24,223.85,Mumbai,1.36,DEV_051,POS,Luxury,0
TXN_006378,USR_0096,2026-01-11 12:16:04,95.87,New York,0.37,DEV_096,Online,Luxury,0
TXN_006379,USR_0057,2026-01-26 08:01:59,23.36,London,11.61,DEV_057,POS,Transfer,0
TXN_006380,USR_0052,2026-01-15 04:00:23,88.89,Paris,5.73,DEV_052,Online,Electronics,0
TXN_006381,USR_0047,2026-02-23 16:18:46,16.93,Toronto,3.02,DEV_047,Online,Travel,0
TXN_006382,USR_0100,2026-01-01 15:24:10,116.65,Paris,2.32,DEV_100,Online,Grocery,0
TXN_006383,USR_0066,2026-01-09 20:46:58,20.99,Tokyo,9.37,DEV_021,POS,Electronics,0
TXN_006384,USR_0007,2026-01-13 23:50:43,46.24,Toronto,4.46,DEV_007,POS,Gaming,0
TXN_006385,USR_0040,2026-01-30 06:56:26,54.08,New York,2.7,DEV_040,POS,Gaming,0
TXN_006386,USR_0009,2026-01-16 17:26:12,110.12,New York,4.24,DEV_009,Online,Electronics,0
TXN_006387,USR_0036,2026-02-12 17:54:27,13.41,Paris,0.48,DEV_036,ATM,Grocery,0
TXN_006388,USR_0046,2026-03-08 01:18:39,62.64,Sydney,3.61,DEV_046,POS,Gaming,0
TXN_006389,USR_0007,2026-02-21 01:42:50,71.55,Toronto,17.44,DEV_007,POS,Utilities,0
TXN_006390,USR_0079,2026-02-07 20:25:35,101.04,Toronto,4.59,DEV_079,POS,Gaming,0
TXN_006391,USR_0091,2026-02-03 02:09:10,17.88,New York,0.4,DEV_091,Online,Transfer,0
TXN_006392,USR_0077,2026-02-21 22:09:33,152.08,Berlin,7.43,DEV_077,ATM,Utilities,0
TXN_006393,USR_0036,2026-01-16 18:51:21,27.66,Paris,6.43,DEV_036,POS,Utilities,0
TXN_006394,USR_0087,2026-03-15 15:32:14,35.53,Toronto,0.13,DEV_087,Online,Luxury,0
TXN_006395,USR_0014,2026-02-04 02:54:05,1059.14,Toronto,2124.4,DEV_073,Wire Transfer,Luxury,1
TXN_006396,USR_0004,2026-03-31 17:50:12,40.22,Paris,6.45,DEV_004,Online,Gaming,0
TXN_006397,USR_0061,2026-03-31 09:47:24,32.62,New York,1.0,DEV_061,Online,Luxury,0
TXN_006398,USR_0080,2026-02-25 16:29:16,34.83,New York,8.96,DEV_131,Online,Grocery,0
TXN_006399,USR_0016,2026-01-06 18:13:55,22.8,New York,5.76,DEV_016,Wire Transfer,Transfer,0
TXN_006400,USR_0074,2026-02-10 22:08:22,20.32,London,10.86,DEV_104,ATM,Electronics,0
TXN_006401,USR_0048,2026-01-22 08:11:51,2399.52,Mumbai,2331.53,DEV_007,Online,Electronics,1
TXN_006402,USR_0096,2026-01-24 09:25:16,87.51,New York,5.54,DEV_096,POS,Utilities,0
TXN_006403,USR_0085,2026-02-16 04:59:50,54.1,Berlin,0.26,DEV_085,POS,Transfer,0
TXN_006404,USR_0084,2026-03-09 11:02:05,1936.19,Sydney,1708.17,DEV_104,Online,Gaming,1
TXN_006405,USR_0074,2026-02-28 20:54:55,411.63,Toronto,572.94,DEV_118,Wire Transfer,Gaming,1
TXN_006406,USR_0009,2026-01-09 14:40:43,12.7,Toronto,0.1,DEV_009,ATM,Gaming,0
TXN_006407,USR_0033,2026-02-20 22:18:02,13.69,London,1.48,DEV_033,POS,Transfer,0
TXN_006408,USR_0016,2026-02-02 05:08:51,15.93,New York,1.68,DEV_016,Online,Gaming,0
TXN_006409,USR_0045,2026-02-19 11:34:16,16.45,Mumbai,8.12,DEV_045,ATM,Utilities,0
TXN_006410,USR_0025,2026-02-13 21:08:47,92.6,London,4.95,DEV_025,Online,Luxury,0
TXN_006411,USR_0068,2026-01-16 05:28:37,49.41,Paris,1.89,DEV_068,ATM,Transfer,0
TXN_006412,USR_0023,2026-02-07 19:49:16,99.56,Toronto,5.04,DEV_023,ATM,Luxury,0
TXN_006413,USR_0022,2026-03-23 23:02:09,104.18,Sydney,9.77,DEV_022,Wire Transfer,Gaming,0
TXN_006414,USR_0043,2026-01-08 04:34:23,11.66,Mumbai,2.72,DEV_043,ATM,Utilities,0
TXN_006415,USR_0033,2026-03-26 23:50:03,15.61,Berlin,1.0,DEV_033,POS,Electronics,0
TXN_006416,USR_0060,2026-01-12 01:57:17,63.0,Paris,0.16,DEV_060,Online,Luxury,0
TXN_006417,USR_0054,2026-03-18 23:59:07,54.1,Sydney,4.38,DEV_054,POS,Gaming,0
TXN_006418,USR_0026,2026-01-29 07:37:43,83.06,Tokyo,1.57,DEV_026,Online,Grocery,0
TXN_006419,USR_0078,2026-03-31 00:24:26,201.97,Sydney,8.31,DEV_055,POS,Electronics,0
TXN_006420,USR_0064,2026-01-22 17:12:21,141.41,New York,3.58,DEV_064,POS,Luxury,0
TXN_006421,USR_0033,2026-03-09 13:49:19,25.6,Mumbai,12.59,DEV_033,POS,Luxury,0
TXN_006422,USR_0079,2026-02-11 05:46:13,44.07,Toronto,1.89,DEV_079,POS,Gaming,0
TXN_006423,USR_0019,2026-01-07 13:15:06,105.03,Mumbai,20.94,DEV_076,POS,Utilities,0
TXN_006424,USR_0024,2026-03-17 18:54:13,164.26,Mumbai,16.62,DEV_024,ATM,Travel,0
TXN_006425,USR_0087,2026-01-22 02:25:08,83.92,Toronto,5.49,DEV_087,Online,Utilities,0
TXN_006426,USR_0080,2026-02-18 19:54:12,35.42,New York,4.4,DEV_080,POS,Luxury,0
TXN_006427,USR_0038,2026-01-28 13:20:51,1025.6,Mumbai,1950.88,DEV_111,ATM,Luxury,1
TXN_006428,USR_0083,2026-03-24 19:36:25,59.55,Mumbai,2.16,DEV_083,POS,Utilities,0
TXN_006429,USR_0003,2026-01-26 17:41:53,40.53,Mumbai,1.42,DEV_091,POS,Electronics,0
TXN_006430,USR_0089,2026-02-14 15:30:09,42.97,London,17.78,DEV_089,Wire Transfer,Utilities,0
TXN_006431,USR_0020,2026-02-14 09:28:02,86.44,Sydney,4.27,DEV_020,ATM,Grocery,0
TXN_006432,USR_0091,2026-02-24 18:42:59,159.71,Mumbai,3.12,DEV_091,ATM,Gaming,0
TXN_006433,USR_0063,2026-03-07 02:49:48,11.32,Toronto,1.75,DEV_063,POS,Luxury,0
TXN_006434,USR_0096,2026-03-06 07:45:27,58.85,New York,1.35,DEV_096,Online,Luxury,0
TXN_006435,USR_0036,2026-01-11 11:38:14,14.29,Paris,0.28,DEV_065,Wire Transfer,Electronics,0
TXN_006436,USR_0087,2026-02-21 22:34:33,91.95,Toronto,2.92,DEV_087,ATM,Gaming,0
TXN_006437,USR_0030,2026-02-14 07:03:58,100.51,Sydney,2.33,DEV_030,ATM,Transfer,0
TXN_006438,USR_0014,2026-01-21 11:28:38,52.65,Sydney,3.29,DEV_142,Online,Grocery,0
TXN_006439,USR_0055,2026-03-15 02:52:24,20.84,Toronto,10.29,DEV_055,Online,Travel,0
TXN_006440,USR_0008,2026-03-25 02:54:04,237.9,New York,6.69,DEV_008,POS,Luxury,0
TXN_006441,USR_0071,2026-01-05 05:20:31,112.91,Toronto,0.45,DEV_071,ATM,Luxury,0
TXN_006442,USR_0021,2026-02-17 07:11:12,32.95,New York,2.49,DEV_021,Online,Electronics,0
TXN_006443,USR_0005,2026-03-16 05:33:15,652.76,Toronto,1043.12,DEV_134,ATM,Electronics,1
TXN_006444,USR_0077,2026-01-27 11:30:28,103.5,Berlin,8.56,DEV_077,POS,Travel,0
TXN_006445,USR_0051,2026-02-05 13:19:58,229.32,Mumbai,1.25,DEV_063,Online,Electronics,0
TXN_006446,USR_0036,2026-02-24 05:27:41,28.55,Paris,2.12,DEV_036,ATM,Utilities,0
TXN_006447,USR_0099,2026-01-06 12:01:30,157.02,Toronto,3.34,DEV_099,POS,Transfer,0
TXN_006448,USR_0059,2026-01-10 03:17:25,75.83,Mumbai,2.32,DEV_059,POS,Luxury,0
TXN_006449,USR_0076,2026-03-13 07:00:27,37.28,Paris,2.77,DEV_076,Online,Gaming,0
TXN_006450,USR_0064,2026-03-18 08:33:34,162.17,Toronto,4.71,DEV_064,Online,Travel,0
TXN_006451,USR_0005,2026-02-05 01:51:08,87.92,Berlin,5.87,DEV_113,ATM,Gaming,0
TXN_006452,USR_0033,2026-02-21 18:51:43,22.71,London,8.21,DEV_033,Online,Electronics,0
TXN_006453,USR_0037,2026-03-15 14:17:06,962.52,London,1664.45,DEV_112,Online,Luxury,1
TXN_006454,USR_0068,2026-01-12 09:20:47,754.28,London,4468.2,DEV_054,Online,Electronics,1
TXN_006455,USR_0054,2026-02-22 14:44:56,44.77,Sydney,1.94,DEV_054,Online,Electronics,0
TXN_006456,USR_0088,2026-01-08 12:59:12,26.29,New York,1.75,DEV_088,POS,Electronics,0
TXN_006457,USR_0061,2026-03-24 01:49:47,83.3,Berlin,1.55,DEV_061,Online,Utilities,0
TXN_006458,USR_0036,2026-03-06 18:59:45,38.51,Paris,2.39,DEV_036,POS,Electronics,0
TXN_006459,USR_0089,2026-02-27 10:12:06,89.86,London,0.88,DEV_089,POS,Luxury,0
TXN_006460,USR_0078,2026-01-02 00:29:43,29.01,Sydney,3.61,DEV_078,POS,Utilities,0
TXN_006461,USR_0017,2026-02-21 03:06:06,92.42,London,13.84,DEV_017,POS,Electronics,0
TXN_006462,USR_0020,2026-03-12 15:50:40,19.87,Paris,0.42,DEV_020,Online,Electronics,0
TXN_006463,USR_0092,2026-01-27 11:17:30,39.73,Paris,0.9,DEV_092,POS,Gaming,0
TXN_006464,USR_0044,2026-03-11 09:58:41,45.2,Paris,2.5,DEV_044,ATM,Transfer,0
TXN_006465,USR_0095,2026-03-01 01:37:04,241.28,Berlin,5.92,DEV_095,POS,Grocery,0
TXN_006466,USR_0011,2026-01-09 06:21:50,66.93,Mumbai,7.21,DEV_011,POS,Transfer,0
TXN_006467,USR_0091,2026-01-22 20:45:18,31.46,Mumbai,2.44,DEV_081,POS,Grocery,0
TXN_006468,USR_0034,2026-03-09 23:02:52,178.34,Tokyo,2.18,DEV_049,POS,Utilities,0
TXN_006469,USR_0062,2026-03-14 00:29:34,182.56,Sydney,4.55,DEV_062,Online,Luxury,0
TXN_006470,USR_0094,2026-01-03 22:38:58,34.77,Sydney,4.0,DEV_094,ATM,Electronics,0
TXN_006471,USR_0089,2026-01-28 21:19:32,51.86,London,1.41,DEV_089,Online,Electronics,0
TXN_006472,USR_0021,2026-01-30 00:05:22,47.61,Berlin,13.12,DEV_021,Online,Grocery,0
TXN_006473,USR_0082,2026-02-23 08:39:25,93.37,Tokyo,2.26,DEV_082,POS,Gaming,0
TXN_006474,USR_0070,2026-03-21 04:30:22,14.29,Sydney,0.15,DEV_037,ATM,Travel,0
TXN_006475,USR_0044,2026-02-09 13:21:03,12.47,Paris,6.56,DEV_044,POS,Gaming,0
TXN_006476,USR_0075,2026-02-15 11:27:58,19.74,Mumbai,4.78,DEV_079,ATM,Grocery,0
TXN_006477,USR_0043,2026-03-14 21:16:05,73.64,Mumbai,3.3,DEV_043,POS,Gaming,0
TXN_006478,USR_0007,2026-01-25 09:43:04,89.45,Toronto,0.04,DEV_007,Online,Electronics,0
TXN_006479,USR_0087,2026-01-14 22:55:34,1214.9,New York,2351.13,DEV_055,Wire Transfer,Electronics,1
TXN_006480,USR_0015,2026-02-25 08:23:48,13.3,Toronto,0.11,DEV_015,ATM,Gaming,0
TXN_006481,USR_0054,2026-02-13 07:34:53,81.22,Sydney,3.04,DEV_119,POS,Gaming,0
TXN_006482,USR_0002,2026-01-16 02:34:23,55.55,Tokyo,2.89,DEV_002,POS,Travel,0
TXN_006483,USR_0033,2026-01-11 12:24:11,796.41,Paris,2348.53,DEV_092,ATM,Luxury,1
TXN_006484,USR_0100,2026-01-03 17:27:40,19.62,Paris,3.33,DEV_048,Wire Transfer,Gaming,0
TXN_006485,USR_0087,2026-01-11 22:14:40,89.97,Toronto,11.07,DEV_087,POS,Grocery,0
TXN_006486,USR_0014,2026-02-25 16:12:48,59.36,Sydney,2.87,DEV_014,Online,Travel,0
TXN_006487,USR_0016,2026-02-07 20:24:24,15.41,New York,6.95,DEV_016,POS,Transfer,0
TXN_006488,USR_0067,2026-02-21 04:31:21,1678.51,Sydney,3606.3,DEV_102,Online,Electronics,1
TXN_006489,USR_0096,2026-03-09 22:29:11,73.36,New York,6.51,DEV_096,POS,Grocery,0
TXN_006490,USR_0055,2026-02-20 05:11:29,85.06,London,0.13,DEV_055,Online,Gaming,0
TXN_006491,USR_0035,2026-03-10 15:04:50,20.75,Mumbai,9.96,DEV_035,POS,Travel,0
TXN_006492,USR_0096,2026-02-17 10:36:50,40.82,New York,3.37,DEV_096,POS,Gaming,0
TXN_006493,USR_0053,2026-02-10 04:04:54,209.52,Berlin,4.21,DEV_004,Online,Grocery,0
TXN_006494,USR_0018,2026-01-13 06:55:35,84.69,Tokyo,3.18,DEV_018,Online,Transfer,0
TXN_006495,USR_0052,2026-02-14 22:34:04,94.42,Paris,0.05,DEV_052,POS,Utilities,0
TXN_006496,USR_0069,2026-03-15 14:09:01,67.32,Berlin,0.8,DEV_069,POS,Travel,0
TXN_006497,USR_0038,2026-03-27 09:36:53,42.26,Sydney,1.69,DEV_038,POS,Utilities,0
TXN_006498,USR_0020,2026-01-10 11:11:49,135.16,Paris,6.22,DEV_020,Online,Gaming,0
TXN_006499,USR_0085,2026-03-03 06:31:19,168.2,Berlin,6.02,DEV_085,Online,Gaming,0
TXN_006500,USR_0092,2026-02-26 16:49:02,50.56,Paris,0.55,DEV_092,POS,Luxury,0
TXN_006501,USR_0020,2026-01-08 22:21:30,25.28,Paris,1.22,DEV_020,Online,Utilities,0
TXN_006502,USR_0094,2026-01-10 05:03:43,13.89,Sydney,0.2,DEV_094,Online,Gaming,0
TXN_006503,USR_0008,2026-03-05 19:55:34,16.75,New York,1.33,DEV_008,Online,Transfer,0
TXN_006504,USR_0098,2026-03-21 11:35:03,267.89,Tokyo,3.89,DEV_098,POS,Grocery,0
TXN_006505,USR_0071,2026-02-01 21:08:30,18.06,Toronto,3.86,DEV_071,Online,Grocery,0
TXN_006506,USR_0041,2026-03-01 11:24:52,48.44,London,4.06,DEV_041,POS,Luxury,0
TXN_006507,USR_0097,2026-01-12 00:16:04,27.57,London,3.42,DEV_097,POS,Electronics,0
TXN_006508,USR_0088,2026-01-20 17:54:34,128.13,New York,1.62,DEV_088,Online,Utilities,0
TXN_006509,USR_0050,2026-03-25 17:14:18,10.8,Paris,2.29,DEV_050,Online,Luxury,0
TXN_006510,USR_0097,2026-03-08 11:12:17,10.86,London,0.05,DEV_097,Online,Transfer,0
TXN_006511,USR_0018,2026-01-20 00:23:39,1271.92,Paris,2184.47,DEV_076,ATM,Transfer,1
TXN_006512,USR_0002,2026-01-07 17:34:18,63.07,Tokyo,19.68,DEV_072,Online,Utilities,0
TXN_006513,USR_0006,2026-01-13 15:26:09,66.39,Sydney,2.16,DEV_006,POS,Luxury,0
TXN_006514,USR_0081,2026-01-07 18:00:19,50.12,London,1.09,DEV_081,Online,Grocery,0
TXN_006515,USR_0090,2026-01-22 01:59:11,62.27,Tokyo,0.76,DEV_090,POS,Travel,0
TXN_006516,USR_0048,2026-02-08 18:04:48,14.44,New York,2.4,DEV_048,ATM,Transfer,0
TXN_006517,USR_0002,2026-03-30 02:12:03,99.08,Tokyo,3.13,DEV_002,POS,Electronics,0
TXN_006518,USR_0022,2026-02-14 14:28:28,13.09,Paris,4.03,DEV_022,Online,Transfer,0
TXN_006519,USR_0014,2026-01-14 00:24:55,100.93,Sydney,7.28,DEV_026,POS,Electronics,0
TXN_006520,USR_0022,2026-02-18 20:39:14,79.55,Sydney,1.89,DEV_022,POS,Luxury,0
TXN_006521,USR_0079,2026-01-15 16:11:58,137.03,London,2.57,DEV_079,ATM,Gaming,0
TXN_006522,USR_0060,2026-03-20 10:40:25,92.02,Tokyo,1.0,DEV_060,ATM,Gaming,0
TXN_006523,USR_0041,2026-01-04 07:57:52,71.85,London,5.51,DEV_041,POS,Transfer,0
TXN_006524,USR_0051,2026-02-15 12:10:17,63.44,Mumbai,1.96,DEV_051,POS,Travel,0
TXN_006525,USR_0096,2026-03-28 20:16:11,10.63,Toronto,19.48,DEV_096,Online,Grocery,0
TXN_006526,USR_0089,2026-03-19 14:27:47,17.65,London,9.85,DEV_089,ATM,Travel,0
TXN_006527,USR_0018,2026-01-04 18:15:15,31.32,Tokyo,0.67,DEV_018,Online,Electronics,0
TXN_006528,USR_0074,2026-02-28 07:59:11,122.71,Tokyo,0.36,DEV_074,POS,Gaming,0
TXN_006529,USR_0052,2026-02-14 02:10:19,149.96,Berlin,2.18,DEV_052,ATM,Gaming,0
TXN_006530,USR_0091,2026-01-25 01:56:53,49.1,Mumbai,4.95,DEV_091,POS,Utilities,0
TXN_006531,USR_0037,2026-02-04 14:08:54,23.95,Berlin,11.28,DEV_037,POS,Electronics,0
TXN_006532,USR_0036,2026-03-14 17:41:07,74.19,Paris,1.96,DEV_044,POS,Travel,0
TXN_006533,USR_0020,2026-01-31 05:50:35,29.17,Paris,7.22,DEV_020,ATM,Utilities,0
TXN_006534,USR_0095,2026-02-28 05:52:00,147.46,Toronto,0.17,DEV_095,POS,Utilities,0
TXN_006535,USR_0085,2026-01-28 20:53:41,55.96,Berlin,6.76,DEV_085,POS,Electronics,0
TXN_006536,USR_0055,2026-01-18 01:55:49,53.42,Toronto,2.74,DEV_055,ATM,Luxury,0
TXN_006537,USR_0083,2026-01-11 17:35:48,113.81,Mumbai,4.87,DEV_083,POS,Transfer,0
TXN_006538,USR_0085,2026-02-01 18:11:33,80.4,Berlin,14.26,DEV_085,Online,Electronics,0
TXN_006539,USR_0068,2026-03-27 09:41:46,61.24,Paris,1.03,DEV_068,Online,Travel,0
TXN_006540,USR_0059,2026-02-10 19:04:37,15.34,Berlin,4.87,DEV_059,ATM,Luxury,0
TXN_006541,USR_0056,2026-01-01 10:45:56,100.81,New York,9.77,DEV_056,Online,Gaming,0
TXN_006542,USR_0085,2026-03-24 23:43:50,108.52,Berlin,5.34,DEV_085,ATM,Luxury,0
TXN_006543,USR_0027,2026-03-17 09:37:20,55.68,Mumbai,8.49,DEV_027,ATM,Electronics,0
TXN_006544,USR_0041,2026-02-09 14:29:05,284.27,London,13.77,DEV_133,Online,Gaming,0
TXN_006545,USR_0053,2026-02-07 17:46:16,40.16,Berlin,2.12,DEV_064,Online,Transfer,0
TXN_006546,USR_0038,2026-02-01 11:36:54,14.46,Sydney,11.12,DEV_038,POS,Travel,0
TXN_006547,USR_0094,2026-01-29 01:51:11,211.82,Sydney,8.33,DEV_094,Wire Transfer,Utilities,0
TXN_006548,USR_0025,2026-03-26 10:06:34,20.6,London,14.1,DEV_025,Online,Gaming,0
TXN_006549,USR_0063,2026-03-24 12:12:09,53.2,Toronto,3.66,DEV_059,Online,Gaming,0
TXN_006550,USR_0068,2026-03-20 11:23:56,28.14,Paris,0.37,DEV_068,POS,Transfer,0
TXN_006551,USR_0053,2026-01-20 06:11:49,27.58,Berlin,6.26,DEV_053,POS,Transfer,0
TXN_006552,USR_0087,2026-01-01 10:19:32,74.68,Toronto,9.58,DEV_087,POS,Luxury,0
TXN_006553,USR_0023,2026-03-09 21:37:36,32.51,Toronto,14.06,DEV_023,Online,Electronics,0
TXN_006554,USR_0020,2026-03-16 14:59:41,89.91,Paris,3.36,DEV_020,POS,Transfer,0
TXN_006555,USR_0005,2026-03-21 19:31:39,16.18,Berlin,3.25,DEV_005,ATM,Utilities,0
TXN_006556,USR_0067,2026-01-14 05:46:14,54.49,Mumbai,0.58,DEV_067,ATM,Utilities,0
TXN_006557,USR_0074,2026-01-30 11:08:59,66.3,Tokyo,13.12,DEV_074,Online,Grocery,0
TXN_006558,USR_0066,2026-01-03 02:07:10,174.27,Tokyo,8.42,DEV_066,ATM,Grocery,0
TXN_006559,USR_0033,2026-03-19 22:08:38,94.74,London,0.54,DEV_101,POS,Electronics,0
TXN_006560,USR_0015,2026-01-05 15:55:27,48.94,Toronto,1.86,DEV_015,Online,Travel,0
TXN_006561,USR_0037,2026-02-19 01:43:22,142.41,Tokyo,0.69,DEV_033,POS,Electronics,0
TXN_006562,USR_0061,2026-03-26 21:13:39,26.18,Berlin,0.21,DEV_061,Online,Travel,0
TXN_006563,USR_0057,2026-02-22 07:20:13,36.39,London,0.98,DEV_057,ATM,Electronics,0
TXN_006564,USR_0027,2026-01-04 10:08:03,44.9,Mumbai,9.18,DEV_027,ATM,Utilities,0
TXN_006565,USR_0079,2026-02-15 07:09:56,107.76,Toronto,6.72,DEV_079,POS,Electronics,0
TXN_006566,USR_0061,2026-03-15 13:07:47,95.47,Berlin,3.38,DEV_061,Online,Gaming,0
TXN_006567,USR_0054,2026-01-25 08:46:48,53.15,Sydney,0.29,DEV_054,POS,Luxury,0
TXN_006568,USR_0094,2026-01-29 13:03:23,108.59,Sydney,7.66,DEV_035,Online,Luxury,0
TXN_006569,USR_0069,2026-01-09 08:51:27,28.54,Berlin,7.31,DEV_071,Online,Electronics,0
TXN_006570,USR_0095,2026-02-22 17:21:02,36.2,Paris,1.87,DEV_080,ATM,Gaming,0
TXN_006571,USR_0054,2026-03-28 09:18:38,18.91,Sydney,1.8,DEV_054,ATM,Electronics,0
TXN_006572,USR_0073,2026-01-19 04:44:00,18.51,London,1.86,DEV_031,ATM,Luxury,0
TXN_006573,USR_0017,2026-03-19 21:08:12,75.94,London,18.18,DEV_017,Online,Gaming,0
TXN_006574,USR_0096,2026-03-30 09:18:23,30.38,New York,1.55,DEV_096,Wire Transfer,Gaming,0
TXN_006575,USR_0051,2026-03-28 10:35:40,21.86,Mumbai,7.0,DEV_051,POS,Travel,0
TXN_006576,USR_0084,2026-02-09 06:33:18,13.39,Paris,6.17,DEV_084,POS,Luxury,0
TXN_006577,USR_0076,2026-03-27 01:36:40,17.78,Paris,4.52,DEV_076,POS,Electronics,0
TXN_006578,USR_0087,2026-03-08 08:03:18,85.09,Toronto,2.09,DEV_082,Online,Grocery,0
TXN_006579,USR_0032,2026-02-27 14:06:39,154.79,New York,0.74,DEV_032,POS,Grocery,0
TXN_006580,USR_0044,2026-01-28 22:44:03,1057.17,Toronto,1707.77,DEV_054,Wire Transfer,Gaming,1
TXN_006581,USR_0092,2026-02-13 17:44:48,128.74,Paris,0.72,DEV_092,POS,Transfer,0
TXN_006582,USR_0037,2026-01-29 20:23:45,181.44,Berlin,4.11,DEV_037,POS,Luxury,0
TXN_006583,USR_0060,2026-01-20 05:40:17,92.47,Paris,2.69,DEV_129,ATM,Grocery,0
TXN_006584,USR_0083,2026-02-09 13:22:11,47.15,Mumbai,0.28,DEV_083,POS,Grocery,0
TXN_006585,USR_0028,2026-02-01 14:26:13,34.51,Paris,5.26,DEV_114,POS,Utilities,0
TXN_006586,USR_0020,2026-02-21 05:44:54,26.59,Paris,0.76,DEV_020,ATM,Transfer,0
TXN_006587,USR_0003,2026-01-23 19:12:07,116.51,Mumbai,15.24,DEV_003,ATM,Utilities,0
TXN_006588,USR_0100,2026-02-06 05:38:06,37.55,Paris,2.78,DEV_100,Online,Gaming,0
TXN_006589,USR_0021,2026-01-04 06:14:39,1308.09,London,3617.18,DEV_145,Wire Transfer,Electronics,1
TXN_006590,USR_0058,2026-02-01 15:39:56,27.43,Tokyo,5.18,DEV_058,Online,Gaming,0
TXN_006591,USR_0044,2026-02-24 19:59:38,47.27,Paris,3.95,DEV_044,Online,Grocery,0
TXN_006592,USR_0029,2026-03-01 13:52:00,1149.93,London,804.23,DEV_097,ATM,Gaming,1
TXN_006593,USR_0098,2026-01-15 21:42:47,17.55,Tokyo,3.28,DEV_098,POS,Utilities,0
TXN_006594,USR_0027,2026-03-05 18:31:30,16.57,Mumbai,10.96,DEV_027,Online,Grocery,0
TXN_006595,USR_0035,2026-02-10 12:30:17,15.26,Mumbai,2.18,DEV_035,ATM,Grocery,0
TXN_006596,USR_0046,2026-03-19 05:24:31,169.86,Sydney,8.39,DEV_029,ATM,Grocery,0
TXN_006597,USR_0076,2026-02-28 09:22:15,75.58,Mumbai,1.29,DEV_076,Wire Transfer,Electronics,0
TXN_006598,USR_0028,2026-01-11 02:28:49,41.47,Paris,6.11,DEV_028,POS,Gaming,0
TXN_006599,USR_0043,2026-03-12 02:19:18,49.05,Mumbai,14.2,DEV_043,ATM,Luxury,0
TXN_006600,USR_0069,2026-03-12 00:41:03,29.45,Berlin,2.96,DEV_069,ATM,Utilities,0
TXN_006601,USR_0052,2026-03-19 23:47:58,26.26,Paris,0.43,DEV_052,POS,Gaming,0
TXN_006602,USR_0043,2026-01-07 11:09:14,29.62,Mumbai,2.15,DEV_043,Online,Travel,0
TXN_006603,USR_0084,2026-03-06 03:46:31,49.42,Paris,1.84,DEV_084,POS,Gaming,0
TXN_006604,USR_0077,2026-02-03 15:32:15,106.25,Berlin,10.16,DEV_077,Online,Luxury,0
TXN_006605,USR_0003,2026-01-29 07:36:52,2532.29,New York,3311.21,DEV_067,Online,Luxury,1
TXN_006606,USR_0059,2026-01-24 04:51:53,56.09,Mumbai,2.65,DEV_059,POS,Gaming,0
TXN_006607,USR_0071,2026-02-23 14:32:13,10.44,Toronto,0.37,DEV_071,POS,Utilities,0
TXN_006608,USR_0077,2026-01-18 21:19:40,92.34,Berlin,0.06,DEV_077,ATM,Travel,0
TXN_006609,USR_0057,2026-01-04 06:21:01,55.2,London,0.61,DEV_057,Online,Transfer,0
TXN_006610,USR_0080,2026-01-17 02:38:51,55.07,New York,2.39,DEV_041,Online,Luxury,0
TXN_006611,USR_0043,2026-02-02 12:36:42,19.07,Mumbai,5.99,DEV_043,Online,Gaming,0
TXN_006612,USR_0091,2026-01-18 02:45:12,71.28,Mumbai,20.31,DEV_091,POS,Travel,0
TXN_006613,USR_0015,2026-03-05 23:19:10,56.37,Toronto,2.73,DEV_015,POS,Luxury,0
TXN_006614,USR_0048,2026-01-10 15:44:07,90.65,Tokyo,10.95,DEV_048,POS,Luxury,0
TXN_006615,USR_0013,2026-03-24 16:08:20,778.39,Mumbai,4358.16,DEV_001,Wire Transfer,Transfer,1
TXN_006616,USR_0044,2026-03-27 12:36:06,67.33,Paris,0.0,DEV_044,Online,Travel,0
TXN_006617,USR_0072,2026-03-06 06:29:44,22.67,New York,4.79,DEV_072,ATM,Transfer,0
TXN_006618,USR_0074,2026-02-24 19:50:32,21.7,Tokyo,3.21,DEV_030,Online,Grocery,0
TXN_006619,USR_0009,2026-02-05 11:42:13,21.37,London,3.34,DEV_009,POS,Electronics,0
TXN_006620,USR_0002,2026-01-09 00:15:40,23.16,Tokyo,0.65,DEV_002,Online,Utilities,0
TXN_006621,USR_0092,2026-01-28 08:48:13,91.43,Paris,2.6,DEV_092,Online,Electronics,0
TXN_006622,USR_0100,2026-01-25 17:47:27,68.35,Paris,4.56,DEV_100,Online,Electronics,0
TXN_006623,USR_0091,2026-01-13 22:17:35,26.99,Mumbai,2.03,DEV_091,Online,Luxury,0
TXN_006624,USR_0065,2026-03-06 16:16:14,50.9,London,0.47,DEV_137,ATM,Utilities,0
TXN_006625,USR_0066,2026-02-17 16:44:24,18.24,Tokyo,7.05,DEV_062,ATM,Gaming,0
TXN_006626,USR_0029,2026-02-07 23:43:28,44.33,Berlin,1.86,DEV_029,POS,Travel,0
TXN_006627,USR_0073,2026-03-24 00:48:01,10.67,London,7.33,DEV_073,Online,Grocery,0
TXN_006628,USR_0046,2026-02-28 21:55:22,70.71,Sydney,3.54,DEV_085,ATM,Grocery,0
TXN_006629,USR_0079,2026-03-15 14:54:50,38.79,Toronto,5.46,DEV_079,POS,Electronics,0
TXN_006630,USR_0044,2026-02-20 13:19:52,37.71,Paris,0.34,DEV_044,Wire Transfer,Gaming,0
TXN_006631,USR_0063,2026-03-18 03:16:07,38.77,Toronto,4.68,DEV_063,Online,Transfer,0
TXN_006632,USR_0080,2026-02-22 20:03:49,35.04,New York,8.86,DEV_080,Online,Utilities,0
TXN_006633,USR_0026,2026-01-13 01:05:57,880.95,London,630.51,DEV_103,ATM,Gaming,1
TXN_006634,USR_0086,2026-03-28 01:40:49,52.56,Sydney,1.54,DEV_086,POS,Luxury,0
TXN_006635,USR_0057,2026-03-15 03:06:22,155.87,London,6.99,DEV_133,Online,Travel,0
TXN_006636,USR_0068,2026-01-16 09:53:48,38.93,Paris,2.0,DEV_068,ATM,Utilities,0
TXN_006637,USR_0003,2026-02-25 01:04:16,65.68,Mumbai,8.6,DEV_003,POS,Travel,0
TXN_006638,USR_0049,2026-01-17 21:54:27,48.74,Toronto,0.55,DEV_004,Wire Transfer,Utilities,0
TXN_006639,USR_0093,2026-03-22 20:03:33,79.12,Berlin,1.99,DEV_093,Online,Utilities,0
TXN_006640,USR_0064,2026-03-05 20:03:56,27.78,Tokyo,8.66,DEV_064,ATM,Gaming,0
TXN_006641,USR_0087,2026-02-18 09:32:11,65.81,Toronto,6.03,DEV_087,Online,Luxury,0
TXN_006642,USR_0099,2026-03-01 13:37:20,27.0,Mumbai,9.06,DEV_099,Online,Utilities,0
TXN_006643,USR_0024,2026-03-17 18:17:26,22.47,New York,1.0,DEV_024,POS,Grocery,0
TXN_006644,USR_0076,2026-03-23 09:09:29,232.76,Paris,4.02,DEV_076,POS,Electronics,0
TXN_006645,USR_0008,2026-02-26 18:09:07,41.25,New York,4.08,DEV_008,ATM,Utilities,0
TXN_006646,USR_0008,2026-01-19 09:33:45,32.67,New York,6.28,DEV_008,Online,Grocery,0
TXN_006647,USR_0052,2026-02-06 05:47:54,31.38,Paris,12.47,DEV_052,POS,Gaming,0
TXN_006648,USR_0079,2026-02-07 10:04:24,78.31,Toronto,17.91,DEV_079,Online,Grocery,0
TXN_006649,USR_0012,2026-02-18 10:53:07,88.53,Paris,2.01,DEV_012,Online,Luxury,0
TXN_006650,USR_0082,2026-03-17 23:22:39,115.73,Tokyo,1.71,DEV_080,Online,Utilities,0
TXN_006651,USR_0100,2026-01-29 14:45:44,69.14,Paris,0.37,DEV_100,Online,Utilities,0
TXN_006652,USR_0032,2026-01-04 21:52:43,108.02,New York,9.05,DEV_032,ATM,Utilities,0
TXN_006653,USR_0060,2026-03-06 17:03:26,31.06,Paris,5.5,DEV_060,Online,Grocery,0
TXN_006654,USR_0047,2026-03-04 00:44:54,67.15,Toronto,1.08,DEV_047,Online,Grocery,0
TXN_006655,USR_0080,2026-01-11 03:25:18,115.8,Paris,7.12,DEV_080,POS,Transfer,0
TXN_006656,USR_0066,2026-02-20 21:57:55,29.17,Tokyo,0.14,DEV_066,POS,Grocery,0
TXN_006657,USR_0029,2026-02-14 17:47:36,122.09,Tokyo,6.31,DEV_029,Online,Gaming,0
TXN_006658,USR_0002,2026-01-29 13:37:58,67.48,Tokyo,4.3,DEV_002,ATM,Luxury,0
TXN_006659,USR_0040,2026-01-29 06:11:28,38.47,New York,1.14,DEV_040,POS,Gaming,0
TXN_006660,USR_0080,2026-01-25 01:21:52,10.9,New York,0.13,DEV_090,Wire Transfer,Luxury,0
TXN_006661,USR_0054,2026-03-15 12:31:16,76.62,Paris,3.76,DEV_054,POS,Grocery,0
TXN_006662,USR_0085,2026-02-24 06:07:58,37.13,Berlin,2.62,DEV_085,POS,Utilities,0
TXN_006663,USR_0004,2026-01-15 08:29:53,167.78,Mumbai,2.67,DEV_004,Online,Utilities,0
TXN_006664,USR_0057,2026-02-25 01:26:21,51.18,London,2.54,DEV_057,POS,Grocery,0
TXN_006665,USR_0021,2026-01-17 22:37:10,54.82,Berlin,7.07,DEV_021,Online,Luxury,0
TXN_006666,USR_0022,2026-01-13 13:44:06,324.11,Toronto,2.39,DEV_022,ATM,Travel,0
TXN_006667,USR_0034,2026-02-05 04:10:10,55.11,Tokyo,0.32,DEV_034,Online,Electronics,0
TXN_006668,USR_0006,2026-03-17 08:04:03,72.32,Sydney,0.02,DEV_006,Online,Luxury,0
TXN_006669,USR_0045,2026-01-12 02:02:59,31.76,Berlin,3.89,DEV_045,Online,Grocery,0
TXN_006670,USR_0045,2026-03-04 05:36:59,44.7,Berlin,1.04,DEV_045,POS,Luxury,0
TXN_006671,USR_0018,2026-02-24 13:18:26,130.88,Tokyo,2.75,DEV_018,ATM,Transfer,0
TXN_006672,USR_0016,2026-03-17 06:40:47,73.65,New York,10.69,DEV_016,Online,Grocery,0
TXN_006673,USR_0085,2026-03-18 19:36:20,23.03,Berlin,0.82,DEV_104,ATM,Travel,0
TXN_006674,USR_0083,2026-01-12 16:40:46,164.24,Mumbai,5.97,DEV_083,Online,Gaming,0
TXN_006675,USR_0007,2026-01-09 21:31:01,40.2,Toronto,1.43,DEV_007,POS,Transfer,0
TXN_006676,USR_0082,2026-01-08 00:27:52,36.65,Sydney,1.87,DEV_082,Wire Transfer,Transfer,0
TXN_006677,USR_0023,2026-01-23 13:25:10,13.51,Toronto,12.16,DEV_072,POS,Electronics,0
TXN_006678,USR_0013,2026-02-08 00:24:05,38.59,Berlin,5.65,DEV_013,ATM,Transfer,0
TXN_006679,USR_0065,2026-03-26 17:05:24,36.98,London,3.06,DEV_105,Online,Transfer,0
TXN_006680,USR_0097,2026-03-05 11:52:33,49.98,London,3.41,DEV_097,POS,Electronics,0
TXN_006681,USR_0058,2026-03-09 04:30:45,113.95,Tokyo,0.08,DEV_058,POS,Electronics,0
TXN_006682,USR_0062,2026-02-04 14:06:01,119.2,Sydney,7.86,DEV_062,POS,Grocery,0
TXN_006683,USR_0044,2026-03-17 23:54:31,77.89,Paris,3.12,DEV_059,POS,Electronics,0
TXN_006684,USR_0052,2026-03-22 11:44:16,82.46,Paris,3.73,DEV_052,POS,Grocery,0
TXN_006685,USR_0071,2026-02-21 02:18:02,56.11,Toronto,6.41,DEV_071,Online,Transfer,0
TXN_006686,USR_0098,2026-03-31 04:53:18,47.32,Tokyo,5.68,DEV_098,ATM,Grocery,0
TXN_006687,USR_0002,2026-01-18 23:25:52,70.88,Tokyo,2.1,DEV_002,POS,Luxury,0
TXN_006688,USR_0073,2026-01-20 08:58:35,33.59,London,7.12,DEV_073,ATM,Utilities,0
TXN_006689,USR_0034,2026-02-18 22:17:37,47.23,Tokyo,11.1,DEV_034,POS,Travel,0
TXN_006690,USR_0003,2026-01-18 21:31:56,66.66,New York,1.09,DEV_093,POS,Grocery,0
TXN_006691,USR_0085,2026-01-31 15:22:41,26.27,Berlin,8.75,DEV_085,POS,Luxury,0
TXN_006692,USR_0044,2026-02-27 00:28:53,54.35,Paris,16.92,DEV_044,Online,Grocery,0
TXN_006693,USR_0041,2026-02-02 16:07:36,45.35,London,2.19,DEV_041,Online,Travel,0
TXN_006694,USR_0026,2026-02-01 00:06:12,68.47,Tokyo,10.88,DEV_026,POS,Grocery,0
TXN_006695,USR_0006,2026-01-30 09:41:11,12.93,Sydney,7.6,DEV_006,POS,Utilities,0
TXN_006696,USR_0042,2026-02-24 10:39:51,30.87,Tokyo,2.87,DEV_042,Online,Transfer,0
TXN_006697,USR_0039,2026-01-16 06:16:10,185.09,Toronto,7.94,DEV_039,POS,Utilities,0
TXN_006698,USR_0090,2026-03-01 04:30:05,97.24,Tokyo,7.14,DEV_090,POS,Utilities,0
TXN_006699,USR_0043,2026-01-16 04:47:31,119.66,Berlin,4.44,DEV_043,ATM,Electronics,0
TXN_006700,USR_0027,2026-01-03 05:39:34,40.52,Mumbai,1.01,DEV_027,ATM,Transfer,0
TXN_006701,USR_0082,2026-03-19 05:36:33,85.17,Tokyo,15.94,DEV_082,POS,Transfer,0
TXN_006702,USR_0017,2026-03-20 00:57:04,43.61,London,4.83,DEV_017,Online,Gaming,0
TXN_006703,USR_0034,2026-03-12 20:20:50,66.38,Tokyo,17.28,DEV_047,Online,Transfer,0
TXN_006704,USR_0017,2026-01-25 13:04:43,22.02,London,14.92,DEV_017,Online,Gaming,0
TXN_006705,USR_0075,2026-01-28 23:36:23,77.53,Mumbai,6.53,DEV_075,Online,Electronics,0
TXN_006706,USR_0099,2026-01-27 23:43:12,71.72,Mumbai,2.17,DEV_099,POS,Luxury,0
TXN_006707,USR_0016,2026-02-06 02:15:57,10.3,New York,2.9,DEV_016,ATM,Transfer,0
TXN_006708,USR_0078,2026-03-23 21:52:46,66.58,Sydney,0.11,DEV_078,POS,Transfer,0
TXN_006709,USR_0037,2026-01-21 03:15:58,185.43,Berlin,0.92,DEV_037,ATM,Luxury,0
TXN_006710,USR_0056,2026-01-01 22:37:13,61.56,New York,28.94,DEV_056,Wire Transfer,Utilities,0
TXN_006711,USR_0049,2026-03-03 17:53:46,33.66,Paris,5.52,DEV_049,POS,Gaming,0
TXN_006712,USR_0099,2026-01-03 07:01:38,62.07,Mumbai,0.12,DEV_099,Wire Transfer,Utilities,0
TXN_006713,USR_0092,2026-03-17 13:08:05,20.56,Paris,4.9,DEV_092,POS,Gaming,0
TXN_006714,USR_0017,2026-01-01 10:51:33,22.49,London,1.41,DEV_017,POS,Travel,0
TXN_006715,USR_0033,2026-02-20 23:19:22,10.82,Berlin,0.57,DEV_033,Wire Transfer,Utilities,0
TXN_006716,USR_0087,2026-02-03 21:02:38,44.82,Toronto,0.79,DEV_087,Online,Travel,0
TXN_006717,USR_0032,2026-02-19 08:08:38,145.07,New York,10.65,DEV_032,Online,Electronics,0
TXN_006718,USR_0084,2026-03-09 18:20:12,113.95,Paris,2.57,DEV_084,POS,Grocery,0
TXN_006719,USR_0008,2026-01-29 15:55:44,50.4,New York,5.07,DEV_008,POS,Utilities,0
TXN_006720,USR_0035,2026-02-01 15:39:23,22.98,Mumbai,0.84,DEV_035,Online,Electronics,0
TXN_006721,USR_0003,2026-01-13 03:17:55,48.24,Mumbai,0.05,DEV_024,Online,Travel,0
TXN_006722,USR_0014,2026-03-11 22:12:34,76.12,Berlin,7.76,DEV_014,Online,Transfer,0
TXN_006723,USR_0043,2026-02-23 03:34:50,67.25,Mumbai,0.58,DEV_043,POS,Luxury,0
TXN_006724,USR_0066,2026-03-09 15:41:09,12.77,Tokyo,4.47,DEV_066,Wire Transfer,Electronics,0
TXN_006725,USR_0048,2026-02-22 16:43:06,33.02,New York,2.69,DEV_048,Online,Grocery,0
TXN_006726,USR_0021,2026-03-18 04:16:46,11.44,Berlin,7.74,DEV_021,POS,Utilities,0
TXN_006727,USR_0010,2026-02-12 05:00:00,90.55,Tokyo,2.49,DEV_010,POS,Utilities,0
TXN_006728,USR_0082,2026-03-22 17:05:15,41.83,Tokyo,6.65,DEV_082,Wire Transfer,Grocery,0
TXN_006729,USR_0041,2026-02-11 08:47:59,22.87,London,1.75,DEV_041,Online,Electronics,0
TXN_006730,USR_0054,2026-01-03 08:01:05,13.62,Sydney,2.21,DEV_054,Online,Gaming,0
TXN_006731,USR_0009,2026-01-19 09:26:55,212.04,London,8.79,DEV_023,ATM,Gaming,0
TXN_006732,USR_0036,2026-02-15 01:02:05,72.17,Paris,3.5,DEV_121,Online,Electronics,0
TXN_006733,USR_0058,2026-02-21 07:12:44,43.58,Tokyo,2.68,DEV_058,Online,Utilities,0
TXN_006734,USR_0012,2026-02-23 01:40:46,1441.13,Mumbai,2504.61,DEV_148,Wire Transfer,Electronics,1
TXN_006735,USR_0034,2026-02-23 11:44:36,11.48,Tokyo,2.02,DEV_034,POS,Transfer,0
TXN_006736,USR_0084,2026-03-24 14:40:28,12.55,Paris,3.43,DEV_084,POS,Utilities,0
TXN_006737,USR_0098,2026-03-08 15:51:44,122.81,Tokyo,3.8,DEV_098,Online,Grocery,0
TXN_006738,USR_0050,2026-02-27 13:14:38,25.45,Tokyo,3.26,DEV_050,Online,Transfer,0
TXN_006739,USR_0001,2026-01-13 05:39:43,146.15,London,14.21,DEV_001,Online,Travel,0
TXN_006740,USR_0050,2026-03-20 20:59:38,54.11,Tokyo,1.02,DEV_043,Online,Gaming,0
TXN_006741,USR_0004,2026-03-18 21:04:10,49.87,Paris,0.25,DEV_004,ATM,Travel,0
TXN_006742,USR_0021,2026-02-06 05:21:00,157.45,Berlin,7.99,DEV_021,Online,Grocery,0
TXN_006743,USR_0089,2026-02-07 00:25:59,14.85,London,5.06,DEV_148,Online,Luxury,0
TXN_006744,USR_0078,2026-03-07 13:02:14,31.92,Sydney,3.5,DEV_078,ATM,Luxury,0
TXN_006745,USR_0100,2026-03-09 22:28:03,48.67,Paris,12.08,DEV_100,POS,Travel,0
TXN_006746,USR_0063,2026-01-22 18:35:47,59.56,Toronto,4.51,DEV_063,Online,Transfer,0
TXN_006747,USR_0040,2026-02-17 15:00:12,31.62,New York,4.86,DEV_040,POS,Utilities,0
TXN_006748,USR_0006,2026-01-24 04:44:33,103.85,Sydney,1.68,DEV_006,POS,Utilities,0
TXN_006749,USR_0071,2026-01-07 11:04:30,31.29,Toronto,0.84,DEV_071,Online,Utilities,0
TXN_006750,USR_0062,2026-03-26 00:39:10,69.42,Sydney,21.98,DEV_078,POS,Luxury,0
TXN_006751,USR_0038,2026-03-26 06:48:30,88.24,Sydney,2.32,DEV_038,POS,Travel,0
TXN_006752,USR_0046,2026-01-06 19:20:32,11.92,Sydney,1.5,DEV_046,POS,Travel,0
TXN_006753,USR_0033,2026-01-07 15:28:44,60.27,London,2.04,DEV_074,ATM,Transfer,0
TXN_006754,USR_0021,2026-01-17 22:16:27,160.77,Berlin,0.25,DEV_021,Online,Grocery,0
TXN_006755,USR_0085,2026-02-11 19:49:01,239.01,Berlin,1.45,DEV_085,Online,Travel,0
TXN_006756,USR_0096,2026-03-23 00:10:19,20.12,New York,3.23,DEV_096,Online,Transfer,0
TXN_006757,USR_0044,2026-03-10 06:42:43,1283.97,Tokyo,2594.12,DEV_141,ATM,Electronics,1
TXN_006758,USR_0013,2026-02-20 09:35:51,96.7,Berlin,2.95,DEV_013,POS,Electronics,0
TXN_006759,USR_0074,2026-02-21 00:12:09,28.79,Tokyo,7.45,DEV_074,POS,Transfer,0
TXN_006760,USR_0012,2026-03-17 13:48:59,27.27,Paris,5.77,DEV_092,Online,Electronics,0
TXN_006761,USR_0068,2026-03-28 04:15:38,99.79,Paris,1.65,DEV_100,Online,Gaming,0
TXN_006762,USR_0078,2026-02-07 00:46:33,32.74,Sydney,6.45,DEV_078,POS,Grocery,0
TXN_006763,USR_0060,2026-01-05 03:45:49,22.37,Paris,8.33,DEV_109,ATM,Grocery,0
TXN_006764,USR_0042,2026-02-26 11:07:30,26.97,Tokyo,0.54,DEV_042,POS,Grocery,0
TXN_006765,USR_0100,2026-01-14 15:03:05,3189.82,Tokyo,2954.7,DEV_139,Wire Transfer,Gaming,1
TXN_006766,USR_0099,2026-01-12 17:29:35,162.28,Mumbai,2.65,DEV_099,POS,Gaming,0
TXN_006767,USR_0093,2026-02-09 05:20:38,85.62,Berlin,3.33,DEV_093,Online,Electronics,0
TXN_006768,USR_0020,2026-01-15 11:13:54,30.67,Paris,0.11,DEV_020,Online,Gaming,0
TXN_006769,USR_0024,2026-02-14 07:15:28,94.53,Paris,7.7,DEV_024,Online,Travel,0
TXN_006770,USR_0078,2026-01-08 14:32:45,61.15,Sydney,4.38,DEV_078,POS,Gaming,0
TXN_006771,USR_0085,2026-03-27 15:02:26,53.79,Berlin,0.17,DEV_085,POS,Transfer,0
TXN_006772,USR_0095,2026-01-12 19:33:21,50.52,Toronto,2.08,DEV_095,Online,Luxury,0
TXN_006773,USR_0017,2026-02-04 15:45:01,12.69,London,0.15,DEV_017,ATM,Utilities,0
TXN_006774,USR_0043,2026-02-10 15:39:27,227.1,Mumbai,3.56,DEV_112,ATM,Utilities,0
TXN_006775,USR_0009,2026-01-07 07:35:38,194.18,Mumbai,0.73,DEV_009,POS,Grocery,0
TXN_006776,USR_0006,2026-01-04 19:49:43,55.51,Sydney,2.69,DEV_006,POS,Utilities,0
TXN_006777,USR_0058,2026-03-16 06:06:46,113.59,Tokyo,6.52,DEV_058,Online,Gaming,0
TXN_006778,USR_0062,2026-01-22 15:17:12,35.38,Sydney,6.03,DEV_062,POS,Transfer,0
TXN_006779,USR_0014,2026-03-29 20:01:26,34.87,Sydney,3.82,DEV_014,POS,Gaming,0
TXN_006780,USR_0092,2026-02-18 12:44:18,149.88,Paris,11.79,DEV_092,POS,Utilities,0
TXN_006781,USR_0065,2026-01-31 03:14:30,13.94,London,2.04,DEV_065,ATM,Gaming,0
TXN_006782,USR_0023,2026-03-24 00:30:17,84.75,Toronto,20.6,DEV_023,Online,Utilities,0
TXN_006783,USR_0084,2026-01-08 08:29:01,71.28,Paris,1.25,DEV_084,POS,Grocery,0
TXN_006784,USR_0051,2026-01-25 23:15:28,44.04,Mumbai,2.2,DEV_081,POS,Electronics,0
TXN_006785,USR_0048,2026-02-24 00:00:31,100.22,New York,0.92,DEV_048,Online,Electronics,0
TXN_006786,USR_0026,2026-01-19 06:15:53,107.5,Tokyo,1.7,DEV_076,Online,Electronics,0
TXN_006787,USR_0042,2026-03-23 02:47:47,109.55,Tokyo,2.77,DEV_042,Online,Travel,0
TXN_006788,USR_0039,2026-01-16 15:37:56,54.68,Toronto,9.99,DEV_039,Wire Transfer,Utilities,0
TXN_006789,USR_0041,2026-01-17 06:53:07,93.86,London,2.94,DEV_041,ATM,Electronics,0
TXN_006790,USR_0059,2026-03-03 11:28:21,25.6,Mumbai,2.21,DEV_059,POS,Utilities,0
TXN_006791,USR_0068,2026-01-11 07:18:37,24.81,Paris,5.58,DEV_068,Wire Transfer,Electronics,0
TXN_006792,USR_0078,2026-02-23 17:15:06,109.72,Sydney,9.51,DEV_078,POS,Gaming,0
TXN_006793,USR_0095,2026-03-02 00:34:54,104.84,Toronto,2.36,DEV_023,POS,Electronics,0
TXN_006794,USR_0042,2026-01-21 17:59:39,113.68,Tokyo,0.26,DEV_042,Online,Grocery,0
TXN_006795,USR_0027,2026-03-22 10:08:19,98.88,Mumbai,1.06,DEV_027,Online,Electronics,0
TXN_006796,USR_0047,2026-01-27 03:34:38,164.07,Toronto,8.5,DEV_047,Online,Utilities,0
TXN_006797,USR_0049,2026-03-07 17:59:04,17.87,London,7.97,DEV_049,POS,Transfer,0
TXN_006798,USR_0082,2026-03-28 23:23:44,13.0,Tokyo,0.74,DEV_082,POS,Utilities,0
TXN_006799,USR_0076,2026-02-01 12:53:12,189.28,Paris,3.53,DEV_076,POS,Utilities,0
TXN_006800,USR_0060,2026-01-12 08:38:17,47.41,Paris,1.91,DEV_060,ATM,Luxury,0
TXN_006801,USR_0063,2026-03-07 15:18:02,25.13,Toronto,13.66,DEV_063,Online,Transfer,0
TXN_006802,USR_0045,2026-03-10 00:39:18,40.79,Berlin,2.75,DEV_045,POS,Gaming,0
TXN_006803,USR_0047,2026-03-26 16:19:59,14.29,Toronto,10.05,DEV_047,Online,Travel,0
TXN_006804,USR_0070,2026-01-29 02:06:54,46.38,Sydney,0.19,DEV_070,Online,Transfer,0
TXN_006805,USR_0014,2026-02-16 16:12:55,43.58,Sydney,7.9,DEV_014,Online,Travel,0
TXN_006806,USR_0091,2026-03-15 10:33:02,11.11,Mumbai,14.9,DEV_091,POS,Utilities,0
TXN_006807,USR_0076,2026-01-22 17:15:48,41.09,Berlin,4.98,DEV_076,Online,Grocery,0
TXN_006808,USR_0037,2026-01-31 06:52:16,41.58,Berlin,2.71,DEV_037,Online,Luxury,0
TXN_006809,USR_0070,2026-01-30 21:53:02,48.13,Sydney,9.71,DEV_070,POS,Utilities,0
TXN_006810,USR_0017,2026-03-11 03:22:10,157.34,London,0.79,DEV_017,ATM,Luxury,0
TXN_006811,USR_0009,2026-02-26 01:43:53,17.97,London,6.74,DEV_009,POS,Luxury,0
TXN_006812,USR_0085,2026-01-28 13:06:27,30.11,Berlin,3.17,DEV_085,ATM,Transfer,0
TXN_006813,USR_0039,2026-01-19 04:49:48,22.84,Toronto,1.35,DEV_039,POS,Grocery,0
TXN_006814,USR_0072,2026-03-14 14:29:39,23.13,New York,2.68,DEV_072,POS,Electronics,0
TXN_006815,USR_0062,2026-03-28 10:21:18,89.24,Sydney,2.87,DEV_069,ATM,Travel,0
TXN_006816,USR_0025,2026-01-12 14:07:28,116.64,London,8.32,DEV_025,Online,Travel,0
TXN_006817,USR_0096,2026-02-21 10:36:11,64.21,New York,12.26,DEV_096,POS,Electronics,0
TXN_006818,USR_0009,2026-02-16 05:07:53,33.22,London,0.64,DEV_009,Online,Transfer,0
TXN_006819,USR_0077,2026-02-09 20:50:55,84.37,Berlin,0.48,DEV_077,POS,Grocery,0
TXN_006820,USR_0045,2026-01-13 02:53:16,21.17,Mumbai,2.0,DEV_045,ATM,Gaming,0
TXN_006821,USR_0055,2026-02-09 18:06:43,92.46,Toronto,1.88,DEV_055,POS,Grocery,0
TXN_006822,USR_0078,2026-03-08 06:19:57,90.12,Sydney,16.43,DEV_078,ATM,Luxury,0
TXN_006823,USR_0051,2026-01-29 00:13:06,108.87,Mumbai,0.03,DEV_051,Online,Grocery,0
TXN_006824,USR_0069,2026-03-13 22:44:34,64.59,Tokyo,6.83,DEV_069,Online,Travel,0
TXN_006825,USR_0030,2026-02-26 11:18:06,111.34,Sydney,3.78,DEV_030,ATM,Utilities,0
TXN_006826,USR_0083,2026-03-25 05:31:11,223.35,Berlin,0.18,DEV_083,POS,Electronics,0
TXN_006827,USR_0017,2026-01-06 16:17:36,88.83,Berlin,9.23,DEV_012,POS,Electronics,0
TXN_006828,USR_0082,2026-03-15 06:54:55,66.1,Tokyo,0.05,DEV_082,ATM,Transfer,0
TXN_006829,USR_0051,2026-01-07 07:18:24,99.04,Mumbai,6.89,DEV_051,ATM,Electronics,0
TXN_006830,USR_0074,2026-01-19 18:48:30,78.98,Mumbai,7.54,DEV_074,Online,Luxury,0
TXN_006831,USR_0015,2026-01-03 12:51:07,98.21,Toronto,3.57,DEV_015,Wire Transfer,Grocery,0
TXN_006832,USR_0066,2026-03-06 17:33:05,109.01,Tokyo,4.26,DEV_066,POS,Grocery,0
TXN_006833,USR_0093,2026-01-27 08:15:54,28.12,Mumbai,3.22,DEV_093,POS,Grocery,0
TXN_006834,USR_0087,2026-03-18 10:37:35,63.39,Toronto,1.7,DEV_087,Online,Grocery,0
TXN_006835,USR_0036,2026-01-02 09:37:43,58.83,Paris,6.14,DEV_036,POS,Electronics,0
TXN_006836,USR_0008,2026-03-05 19:42:13,111.36,New York,1.01,DEV_008,POS,Utilities,0
TXN_006837,USR_0073,2026-01-13 12:48:03,118.68,London,7.85,DEV_073,POS,Transfer,0
TXN_006838,USR_0072,2026-01-19 12:28:56,81.99,New York,6.32,DEV_072,ATM,Luxury,0
TXN_006839,USR_0008,2026-02-07 10:21:54,60.23,New York,3.28,DEV_088,Online,Utilities,0
TXN_006840,USR_0071,2026-02-17 02:18:49,98.81,Toronto,11.81,DEV_071,Online,Transfer,0
TXN_006841,USR_0013,2026-01-29 20:02:25,15.68,Berlin,8.22,DEV_013,Online,Gaming,0
TXN_006842,USR_0002,2026-02-15 18:50:25,75.85,Tokyo,0.63,DEV_091,Online,Grocery,0
TXN_006843,USR_0061,2026-02-12 10:20:30,102.66,Berlin,12.69,DEV_061,Online,Luxury,0
TXN_006844,USR_0080,2026-01-28 18:19:39,12.34,New York,2.5,DEV_107,Online,Grocery,0
TXN_006845,USR_0059,2026-03-07 07:09:48,13.76,Mumbai,2.23,DEV_059,Online,Grocery,0
TXN_006846,USR_0076,2026-03-27 05:33:32,28.33,Paris,4.52,DEV_076,POS,Travel,0
TXN_006847,USR_0005,2026-01-15 11:50:25,123.62,Berlin,13.1,DEV_005,Online,Electronics,0
TXN_006848,USR_0094,2026-01-24 01:56:44,83.71,Sydney,16.53,DEV_094,POS,Utilities,0
TXN_006849,USR_0064,2026-01-15 16:28:05,193.37,New York,2.1,DEV_121,ATM,Gaming,0
TXN_006850,USR_0100,2026-03-19 09:41:20,18.56,Mumbai,7.04,DEV_100,POS,Utilities,0
TXN_006851,USR_0096,2026-02-23 21:32:13,92.55,New York,0.42,DEV_096,POS,Electronics,0
TXN_006852,USR_0079,2026-03-31 07:30:32,88.48,Toronto,4.1,DEV_079,Online,Gaming,0
TXN_006853,USR_0066,2026-02-04 20:55:08,25.35,Tokyo,2.8,DEV_066,ATM,Utilities,0
TXN_006854,USR_0025,2026-03-01 01:14:59,64.53,London,5.9,DEV_025,POS,Utilities,0
TXN_006855,USR_0012,2026-02-01 06:22:19,27.24,Paris,2.86,DEV_012,Wire Transfer,Luxury,0
TXN_006856,USR_0045,2026-02-10 14:56:29,149.09,Berlin,11.12,DEV_045,POS,Transfer,0
TXN_006857,USR_0090,2026-02-19 04:20:37,94.2,Tokyo,1.57,DEV_090,Online,Gaming,0
TXN_006858,USR_0030,2026-01-02 19:00:41,74.32,Sydney,5.52,DEV_030,Online,Gaming,0
TXN_006859,USR_0042,2026-01-08 08:49:47,72.84,Tokyo,4.15,DEV_042,Online,Travel,0
TXN_006860,USR_0079,2026-03-21 19:25:15,40.08,Toronto,1.5,DEV_079,Online,Travel,0
TXN_006861,USR_0056,2026-01-06 18:52:34,105.39,New York,4.19,DEV_056,Wire Transfer,Gaming,0
TXN_006862,USR_0021,2026-03-12 01:51:46,105.58,Berlin,1.06,DEV_021,Online,Gaming,0
TXN_006863,USR_0100,2026-03-28 15:00:52,114.13,Paris,0.12,DEV_100,POS,Gaming,0
TXN_006864,USR_0012,2026-02-07 01:02:58,73.65,Paris,15.08,DEV_012,POS,Utilities,0
TXN_006865,USR_0082,2026-03-01 18:19:29,106.06,Tokyo,3.43,DEV_082,POS,Gaming,0
TXN_006866,USR_0001,2026-01-05 20:22:09,137.06,London,9.21,DEV_020,Online,Transfer,0
TXN_006867,USR_0095,2026-03-24 00:57:00,92.03,Toronto,0.38,DEV_095,ATM,Transfer,0
TXN_006868,USR_0016,2026-02-13 23:16:14,237.0,New York,6.28,DEV_016,POS,Utilities,0
TXN_006869,USR_0008,2026-03-24 09:27:29,15.52,New York,12.22,DEV_008,POS,Grocery,0
TXN_006870,USR_0056,2026-01-02 10:13:59,84.71,New York,7.09,DEV_056,POS,Travel,0
TXN_006871,USR_0098,2026-02-02 02:38:43,32.14,Tokyo,0.86,DEV_075,POS,Utilities,0
TXN_006872,USR_0094,2026-03-03 14:18:31,40.17,Sydney,0.62,DEV_068,POS,Travel,0
TXN_006873,USR_0098,2026-02-08 06:40:12,137.34,Tokyo,6.6,DEV_098,POS,Travel,0
TXN_006874,USR_0069,2026-02-15 23:25:09,298.62,Berlin,0.05,DEV_069,POS,Gaming,0
TXN_006875,USR_0094,2026-01-18 19:29:32,3674.0,London,4347.9,DEV_020,Online,Luxury,1
TXN_006876,USR_0041,2026-01-17 15:26:58,53.57,London,1.05,DEV_041,Online,Transfer,0
TXN_006877,USR_0033,2026-02-21 00:08:38,52.73,London,0.59,DEV_033,Online,Gaming,0
TXN_006878,USR_0037,2026-02-06 18:03:25,105.06,Berlin,12.98,DEV_037,Online,Gaming,0
TXN_006879,USR_0080,2026-01-21 11:28:11,94.08,Sydney,2.45,DEV_065,ATM,Gaming,0
TXN_006880,USR_0025,2026-03-30 17:48:42,186.83,London,7.32,DEV_025,POS,Grocery,0
TXN_006881,USR_0070,2026-03-06 09:23:18,112.84,Sydney,3.61,DEV_070,Online,Luxury,0
TXN_006882,USR_0008,2026-02-07 05:47:30,139.13,London,5.1,DEV_008,ATM,Transfer,0
TXN_006883,USR_0002,2026-03-08 16:49:37,80.68,Tokyo,2.13,DEV_002,Online,Utilities,0
TXN_006884,USR_0083,2026-02-09 03:22:06,56.98,Mumbai,3.78,DEV_083,Online,Luxury,0
TXN_006885,USR_0088,2026-02-18 14:53:06,116.2,New York,7.72,DEV_088,ATM,Gaming,0
TXN_006886,USR_0015,2026-01-29 06:55:12,80.63,Toronto,3.23,DEV_015,POS,Luxury,0
TXN_006887,USR_0090,2026-03-05 02:20:11,28.19,Tokyo,4.36,DEV_090,Online,Gaming,0
TXN_006888,USR_0087,2026-02-14 12:32:35,38.18,Toronto,8.59,DEV_087,POS,Electronics,0
TXN_006889,USR_0094,2026-02-10 01:11:32,36.8,Sydney,7.02,DEV_099,Online,Electronics,0
TXN_006890,USR_0014,2026-03-22 00:04:37,25.74,Sydney,1.81,DEV_014,Online,Electronics,0
TXN_006891,USR_0029,2026-02-19 14:30:49,46.44,Berlin,2.22,DEV_029,Online,Transfer,0
TXN_006892,USR_0013,2026-02-06 05:03:05,28.94,Berlin,0.12,DEV_013,ATM,Gaming,0
TXN_006893,USR_0030,2026-03-21 01:48:00,105.07,Sydney,8.82,DEV_030,Online,Utilities,0
TXN_006894,USR_0037,2026-03-14 07:46:33,17.13,Berlin,4.23,DEV_037,Online,Travel,0
TXN_006895,USR_0038,2026-01-12 23:29:23,90.98,Sydney,2.81,DEV_038,Online,Utilities,0
TXN_006896,USR_0020,2026-02-06 21:19:55,14.53,Paris,3.01,DEV_020,POS,Transfer,0
TXN_006897,USR_0082,2026-03-04 08:29:01,202.54,Tokyo,6.2,DEV_082,POS,Gaming,0
TXN_006898,USR_0099,2026-03-29 09:22:12,37.79,Mumbai,2.35,DEV_099,Online,Gaming,0
TXN_006899,USR_0058,2026-01-24 21:12:54,53.05,Tokyo,3.03,DEV_058,Wire Transfer,Grocery,0
TXN_006900,USR_0070,2026-02-16 15:59:42,66.1,Sydney,8.25,DEV_070,Online,Travel,0
TXN_006901,USR_0040,2026-01-31 02:42:39,70.35,New York,0.14,DEV_040,Online,Travel,0
TXN_006902,USR_0038,2026-01-22 10:42:25,98.41,Sydney,4.26,DEV_007,ATM,Utilities,0
TXN_006903,USR_0093,2026-02-17 11:41:36,31.22,Berlin,2.58,DEV_093,POS,Luxury,0
TXN_006904,USR_0063,2026-03-17 09:08:17,33.2,Toronto,3.3,DEV_063,POS,Utilities,0
TXN_006905,USR_0021,2026-03-12 07:26:08,31.85,Berlin,3.45,DEV_021,ATM,Grocery,0
TXN_006906,USR_0004,2026-01-16 13:06:55,207.56,Paris,5.69,DEV_004,Online,Travel,0
TXN_006907,USR_0014,2026-02-15 22:13:22,171.72,Sydney,20.49,DEV_014,ATM,Travel,0
TXN_006908,USR_0004,2026-03-04 08:19:05,57.96,Paris,18.68,DEV_004,POS,Electronics,0
TXN_006909,USR_0041,2026-02-03 20:16:48,34.43,London,3.65,DEV_041,POS,Luxury,0
TXN_006910,USR_0091,2026-02-28 07:41:52,275.13,Mumbai,7.22,DEV_091,Online,Utilities,0
TXN_006911,USR_0003,2026-03-30 23:27:01,54.08,Mumbai,3.81,DEV_003,POS,Grocery,0
TXN_006912,USR_0023,2026-02-01 07:05:30,75.23,Toronto,6.68,DEV_023,Online,Luxury,0
TXN_006913,USR_0001,2026-02-11 17:30:07,105.86,London,1.32,DEV_001,POS,Gaming,0
TXN_006914,USR_0067,2026-01-16 11:08:33,56.28,Mumbai,1.5,DEV_012,POS,Gaming,0
TXN_006915,USR_0061,2026-03-20 06:36:23,71.07,Berlin,0.03,DEV_061,POS,Transfer,0
TXN_006916,USR_0041,2026-03-21 00:12:53,156.61,London,5.06,DEV_041,ATM,Gaming,0
TXN_006917,USR_0019,2026-03-04 16:01:31,220.0,Mumbai,8.42,DEV_019,POS,Gaming,0
TXN_006918,USR_0084,2026-01-24 16:42:51,68.47,Paris,9.66,DEV_146,POS,Electronics,0
TXN_006919,USR_0024,2026-01-20 17:10:06,10.09,New York,8.39,DEV_024,Online,Luxury,0
TXN_006920,USR_0097,2026-02-21 19:46:57,36.27,London,1.02,DEV_097,POS,Gaming,0
TXN_006921,USR_0080,2026-01-15 12:28:33,22.64,New York,12.22,DEV_080,POS,Transfer,0
TXN_006922,USR_0072,2026-01-27 21:30:17,86.14,New York,1.72,DEV_072,POS,Utilities,0
TXN_006923,USR_0053,2026-01-26 03:39:05,13.31,Berlin,2.01,DEV_053,Online,Transfer,0
TXN_006924,USR_0061,2026-03-12 03:08:49,22.94,Berlin,8.93,DEV_061,POS,Utilities,0
TXN_006925,USR_0090,2026-03-19 20:18:54,71.84,Tokyo,9.57,DEV_132,Online,Travel,0
TXN_006926,USR_0053,2026-01-13 08:10:52,71.38,Berlin,7.78,DEV_053,Online,Electronics,0
TXN_006927,USR_0040,2026-03-19 00:50:37,117.6,New York,6.29,DEV_040,ATM,Electronics,0
TXN_006928,USR_0080,2026-02-08 17:31:28,43.17,New York,11.43,DEV_080,Wire Transfer,Transfer,0
TXN_006929,USR_0065,2026-03-30 20:54:27,71.79,London,3.59,DEV_065,Online,Transfer,0
TXN_006930,USR_0019,2026-02-02 12:23:06,61.47,Mumbai,0.21,DEV_019,Online,Gaming,0
TXN_006931,USR_0001,2026-01-25 04:59:19,10.8,London,5.41,DEV_001,Online,Gaming,0
TXN_006932,USR_0010,2026-01-31 05:41:04,16.15,Tokyo,6.28,DEV_010,POS,Transfer,0
TXN_006933,USR_0054,2026-03-31 16:14:45,41.2,Sydney,10.66,DEV_054,Wire Transfer,Travel,0
TXN_006934,USR_0026,2026-02-28 11:06:31,62.08,Tokyo,2.54,DEV_026,Wire Transfer,Luxury,0
TXN_006935,USR_0072,2026-03-09 02:42:42,12.28,New York,4.04,DEV_094,POS,Luxury,0
TXN_006936,USR_0037,2026-02-18 16:08:29,144.24,Berlin,0.12,DEV_037,POS,Luxury,0
TXN_006937,USR_0032,2026-02-23 15:08:31,185.75,New York,5.4,DEV_032,Online,Travel,0
TXN_006938,USR_0100,2026-02-09 02:25:21,37.85,Paris,3.16,DEV_075,POS,Travel,0
TXN_006939,USR_0030,2026-01-31 02:04:24,22.07,Sydney,10.45,DEV_095,Online,Luxury,0
TXN_006940,USR_0086,2026-01-01 11:05:17,38.43,Sydney,1.31,DEV_057,Online,Travel,0
TXN_006941,USR_0080,2026-03-03 16:17:37,65.3,New York,1.37,DEV_080,Online,Transfer,0
TXN_006942,USR_0090,2026-03-26 01:53:07,27.72,Tokyo,7.72,DEV_090,ATM,Travel,0
TXN_006943,USR_0031,2026-02-14 12:25:11,29.56,Toronto,4.4,DEV_080,POS,Electronics,0
TXN_006944,USR_0048,2026-01-20 23:25:32,27.81,New York,2.12,DEV_048,POS,Utilities,0
TXN_006945,USR_0046,2026-01-02 21:05:41,22.98,Sydney,7.35,DEV_046,Online,Electronics,0
TXN_006946,USR_0081,2026-02-25 00:51:49,116.5,London,0.12,DEV_081,POS,Electronics,0
TXN_006947,USR_0078,2026-03-09 10:17:48,37.59,Sydney,5.88,DEV_078,Online,Utilities,0
TXN_006948,USR_0081,2026-03-22 12:03:50,22.36,Toronto,9.12,DEV_081,POS,Electronics,0
TXN_006949,USR_0018,2026-03-15 14:05:23,35.22,Tokyo,0.04,DEV_018,Online,Gaming,0
TXN_006950,USR_0079,2026-01-12 02:55:25,75.87,Toronto,8.82,DEV_079,Online,Electronics,0
TXN_006951,USR_0043,2026-01-12 19:21:46,25.52,Mumbai,4.03,DEV_077,POS,Utilities,0
TXN_006952,USR_0100,2026-02-27 12:17:22,479.43,New York,4323.49,DEV_098,Online,Transfer,1
TXN_006953,USR_0071,2026-03-10 23:43:04,136.9,Toronto,3.16,DEV_054,ATM,Electronics,0
TXN_006954,USR_0049,2026-02-07 18:11:51,21.64,London,2.11,DEV_065,ATM,Gaming,0
TXN_006955,USR_0035,2026-01-14 00:58:47,61.92,Mumbai,1.38,DEV_035,Online,Transfer,0
TXN_006956,USR_0054,2026-01-30 05:43:29,20.27,Sydney,1.48,DEV_054,ATM,Utilities,0
TXN_006957,USR_0033,2026-01-04 14:16:43,129.6,London,0.81,DEV_033,Online,Transfer,0
TXN_006958,USR_0067,2026-02-24 21:08:45,57.09,Mumbai,0.73,DEV_108,POS,Utilities,0
TXN_006959,USR_0097,2026-01-08 16:22:01,283.77,London,6.92,DEV_097,Online,Grocery,0
TXN_006960,USR_0006,2026-03-05 08:26:56,13.79,Sydney,0.05,DEV_006,Online,Transfer,0
TXN_006961,USR_0073,2026-03-14 17:18:41,11.0,London,2.28,DEV_073,ATM,Electronics,0
TXN_006962,USR_0041,2026-02-17 23:49:00,167.62,London,1.3,DEV_041,ATM,Travel,0
TXN_006963,USR_0006,2026-01-01 12:51:02,69.15,Sydney,1.66,DEV_006,Online,Utilities,0
TXN_006964,USR_0056,2026-02-14 22:14:37,49.06,New York,3.09,DEV_056,ATM,Utilities,0
TXN_006965,USR_0072,2026-01-28 05:18:15,286.76,New York,1.85,DEV_072,Online,Utilities,0
TXN_006966,USR_0094,2026-02-23 10:44:47,673.75,Mumbai,2427.08,DEV_003,ATM,Transfer,1
TXN_006967,USR_0033,2026-03-03 21:33:41,52.72,London,3.46,DEV_033,Online,Transfer,0
TXN_006968,USR_0060,2026-01-15 05:32:44,42.71,Paris,1.34,DEV_060,ATM,Transfer,0
TXN_006969,USR_0013,2026-03-18 10:19:05,31.82,Berlin,3.85,DEV_013,POS,Transfer,0
TXN_006970,USR_0020,2026-02-01 06:56:46,52.32,Paris,9.72,DEV_020,POS,Transfer,0
TXN_006971,USR_0054,2026-01-26 07:26:25,62.3,Sydney,6.68,DEV_054,Wire Transfer,Gaming,0
TXN_006972,USR_0087,2026-03-16 01:24:55,156.45,Toronto,3.09,DEV_087,Online,Electronics,0
TXN_006973,USR_0022,2026-01-28 12:58:01,83.05,Sydney,1.28,DEV_022,POS,Electronics,0
TXN_006974,USR_0018,2026-03-22 11:16:58,23.22,Tokyo,4.01,DEV_018,Online,Grocery,0
TXN_006975,USR_0045,2026-01-27 17:12:09,55.36,Berlin,5.81,DEV_045,Online,Utilities,0
TXN_006976,USR_0071,2026-01-16 04:37:18,131.94,Paris,4.2,DEV_071,POS,Gaming,0
TXN_006977,USR_0007,2026-03-10 10:28:32,10.08,Toronto,6.75,DEV_007,Online,Gaming,0
TXN_006978,USR_0077,2026-03-29 20:31:19,1990.97,London,1456.18,DEV_094,Online,Luxury,1
TXN_006979,USR_0085,2026-02-12 19:57:32,14.1,Berlin,9.81,DEV_085,POS,Electronics,0
TXN_006980,USR_0047,2026-01-25 00:51:12,61.79,Toronto,17.43,DEV_047,POS,Gaming,0
TXN_006981,USR_0037,2026-03-11 23:29:42,94.82,Berlin,6.88,DEV_037,ATM,Gaming,0
TXN_006982,USR_0051,2026-01-29 00:56:22,112.22,Mumbai,3.39,DEV_051,Online,Grocery,0
TXN_006983,USR_0010,2026-01-19 11:54:24,67.18,Tokyo,2.59,DEV_010,Wire Transfer,Travel,0
TXN_006984,USR_0042,2026-03-28 01:07:51,18.31,Tokyo,1.95,DEV_084,Online,Utilities,0
TXN_006985,USR_0092,2026-02-10 10:48:54,41.23,Paris,3.41,DEV_092,ATM,Electronics,0
TXN_006986,USR_0007,2026-03-13 16:22:30,14.36,Toronto,0.29,DEV_107,POS,Electronics,0
TXN_006987,USR_0040,2026-03-28 10:58:14,38.16,New York,7.45,DEV_148,ATM,Grocery,0
TXN_006988,USR_0013,2026-03-18 00:37:30,231.74,Berlin,7.48,DEV_013,ATM,Electronics,0
TXN_006989,USR_0067,2026-03-28 17:13:17,63.19,Mumbai,7.76,DEV_067,POS,Utilities,0
TXN_006990,USR_0065,2026-01-25 09:36:50,173.04,London,4.42,DEV_065,POS,Utilities,0
TXN_006991,USR_0087,2026-01-07 20:30:49,41.58,Toronto,1.71,DEV_087,POS,Travel,0
TXN_006992,USR_0016,2026-03-28 11:21:07,78.29,New York,1.14,DEV_016,Online,Luxury,0
TXN_006993,USR_0008,2026-03-18 13:14:46,118.11,New York,1.73,DEV_008,POS,Gaming,0
TXN_006994,USR_0064,2026-03-07 12:05:06,18.09,New York,0.16,DEV_064,Online,Grocery,0
TXN_006995,USR_0012,2026-02-07 23:31:12,22.46,Paris,12.34,DEV_012,POS,Grocery,0
TXN_006996,USR_0074,2026-01-25 13:21:00,20.18,New York,0.34,DEV_074,ATM,Transfer,0
TXN_006997,USR_0081,2026-01-03 16:14:00,17.78,London,1.12,DEV_081,ATM,Grocery,0
TXN_006998,USR_0015,2026-03-14 19:14:59,359.29,Toronto,10.73,DEV_015,POS,Transfer,0
TXN_006999,USR_0040,2026-01-15 07:33:16,14.91,New York,12.31,DEV_025,POS,Luxury,0
TXN_007000,USR_0053,2026-03-12 06:45:38,24.52,Berlin,4.11,DEV_053,ATM,Luxury,0
TXN_007001,USR_0024,2026-03-03 19:07:45,36.21,New York,0.38,DEV_024,ATM,Utilities,0
TXN_007002,USR_0093,2026-03-28 00:55:37,15.53,Toronto,1.77,DEV_093,Online,Gaming,0
TXN_007003,USR_0094,2026-02-02 00:00:31,13.4,Berlin,7.3,DEV_033,ATM,Electronics,0
TXN_007004,USR_0083,2026-02-11 01:14:53,48.51,Mumbai,2.06,DEV_112,ATM,Luxury,0
TXN_007005,USR_0073,2026-01-17 06:20:30,89.4,London,0.37,DEV_073,POS,Electronics,0
TXN_007006,USR_0060,2026-03-09 22:42:29,138.42,Paris,24.55,DEV_020,ATM,Grocery,0
TXN_007007,USR_0095,2026-03-10 15:56:44,84.95,Toronto,8.06,DEV_095,ATM,Luxury,0
TXN_007008,USR_0075,2026-01-18 17:36:00,37.35,Sydney,3.89,DEV_075,POS,Electronics,0
TXN_007009,USR_0037,2026-02-15 18:13:18,29.66,Berlin,3.68,DEV_029,POS,Electronics,0
TXN_007010,USR_0097,2026-02-06 02:50:51,55.87,New York,4.63,DEV_097,POS,Utilities,0
TXN_007011,USR_0003,2026-03-22 05:15:52,144.24,Mumbai,0.52,DEV_003,POS,Transfer,0
TXN_007012,USR_0049,2026-03-31 03:54:13,25.94,London,3.75,DEV_049,POS,Grocery,0
TXN_007013,USR_0033,2026-03-28 17:16:08,66.74,London,6.14,DEV_033,Online,Utilities,0
TXN_007014,USR_0028,2026-01-06 18:11:38,20.98,Paris,8.47,DEV_028,POS,Utilities,0
TXN_007015,USR_0070,2026-02-02 11:34:35,164.02,Sydney,15.84,DEV_070,Online,Luxury,0
TXN_007016,USR_0092,2026-02-20 23:52:18,175.63,Paris,2.65,DEV_117,Wire Transfer,Gaming,0
TXN_007017,USR_0086,2026-01-05 04:49:47,43.35,Sydney,2.71,DEV_081,POS,Gaming,0
TXN_007018,USR_0052,2026-03-03 00:21:08,106.99,Paris,0.83,DEV_052,ATM,Gaming,0
TXN_007019,USR_0069,2026-02-10 03:59:00,19.98,London,14.11,DEV_069,POS,Transfer,0
TXN_007020,USR_0003,2026-01-04 19:06:49,21.88,Mumbai,0.85,DEV_003,POS,Gaming,0
TXN_007021,USR_0061,2026-01-21 05:26:55,67.89,Berlin,7.14,DEV_061,ATM,Luxury,0
TXN_007022,USR_0083,2026-03-04 17:37:39,26.15,Mumbai,3.1,DEV_081,ATM,Grocery,0
TXN_007023,USR_0073,2026-03-22 10:23:22,40.33,London,3.62,DEV_073,Online,Transfer,0
TXN_007024,USR_0041,2026-02-13 16:03:20,143.85,London,1.6,DEV_041,POS,Utilities,0
TXN_007025,USR_0014,2026-01-25 10:37:54,83.88,Sydney,17.58,DEV_014,POS,Luxury,0
TXN_007026,USR_0062,2026-01-03 09:09:01,114.8,Sydney,0.08,DEV_062,Online,Electronics,0
TXN_007027,USR_0039,2026-03-14 18:50:27,46.07,Toronto,3.5,DEV_039,Online,Luxury,0
TXN_007028,USR_0073,2026-03-28 18:11:46,11.66,London,1.1,DEV_073,ATM,Transfer,0
TXN_007029,USR_0010,2026-02-01 19:56:03,128.77,Tokyo,3.92,DEV_110,Online,Travel,0
TXN_007030,USR_0024,2026-03-06 10:11:41,16.7,New York,10.38,DEV_092,Wire Transfer,Travel,0
TXN_007031,USR_0007,2026-02-27 20:58:56,26.45,Toronto,1.52,DEV_016,Wire Transfer,Luxury,0
TXN_007032,USR_0059,2026-03-31 22:39:36,43.17,Mumbai,17.67,DEV_058,ATM,Transfer,0
TXN_007033,USR_0048,2026-02-24 22:59:37,77.58,New York,10.39,DEV_132,Online,Luxury,0
TXN_007034,USR_0051,2026-02-22 11:03:37,135.46,Mumbai,0.99,DEV_051,ATM,Transfer,0
TXN_007035,USR_0096,2026-02-28 18:47:37,38.88,New York,8.59,DEV_096,Online,Gaming,0
TXN_007036,USR_0077,2026-03-16 08:34:55,42.03,Mumbai,9.21,DEV_072,Online,Gaming,0
TXN_007037,USR_0049,2026-02-18 20:37:16,23.61,London,0.1,DEV_049,POS,Luxury,0
TXN_007038,USR_0050,2026-03-03 17:49:16,57.97,Tokyo,1.41,DEV_116,Online,Luxury,0
TXN_007039,USR_0007,2026-01-14 18:05:25,69.28,Toronto,2.41,DEV_100,POS,Transfer,0
TXN_007040,USR_0082,2026-01-24 08:31:33,24.53,Tokyo,0.54,DEV_082,Online,Utilities,0
TXN_007041,USR_0095,2026-03-22 10:04:32,99.1,Toronto,2.47,DEV_041,Online,Transfer,0
TXN_007042,USR_0094,2026-01-27 22:14:12,41.25,Sydney,2.9,DEV_094,Online,Grocery,0
TXN_007043,USR_0072,2026-01-09 14:42:12,49.38,New York,7.49,DEV_072,POS,Transfer,0
TXN_007044,USR_0011,2026-03-11 19:54:11,208.91,Mumbai,3.7,DEV_011,Online,Electronics,0
TXN_007045,USR_0099,2026-03-10 05:58:21,14.15,New York,4.97,DEV_099,POS,Luxury,0
TXN_007046,USR_0056,2026-01-15 05:43:52,19.69,New York,0.62,DEV_056,Online,Utilities,0
TXN_007047,USR_0045,2026-02-10 05:35:04,58.62,Berlin,0.71,DEV_045,Wire Transfer,Travel,0
TXN_007048,USR_0002,2026-03-09 07:32:46,200.07,Tokyo,3.46,DEV_002,POS,Gaming,0
TXN_007049,USR_0088,2026-01-14 06:48:43,231.97,New York,5.09,DEV_088,Online,Luxury,0
TXN_007050,USR_0004,2026-01-31 12:10:37,36.45,Paris,1.45,DEV_004,POS,Utilities,0
TXN_007051,USR_0072,2026-03-22 12:25:54,16.94,New York,11.29,DEV_072,ATM,Travel,0
TXN_007052,USR_0014,2026-01-02 11:31:13,18.76,Sydney,0.86,DEV_108,Wire Transfer,Grocery,0
TXN_007053,USR_0064,2026-03-15 20:23:51,23.61,Sydney,4.19,DEV_009,ATM,Electronics,0
TXN_007054,USR_0047,2026-03-21 04:55:13,109.91,Toronto,6.51,DEV_047,POS,Transfer,0
TXN_007055,USR_0008,2026-01-06 05:38:54,152.37,New York,13.33,DEV_008,POS,Gaming,0
TXN_007056,USR_0096,2026-02-04 05:55:48,83.45,Paris,9.69,DEV_096,Online,Transfer,0
TXN_007057,USR_0095,2026-01-21 05:54:18,80.78,Toronto,0.53,DEV_095,POS,Utilities,0
TXN_007058,USR_0030,2026-03-31 11:35:56,33.77,Sydney,1.07,DEV_030,POS,Travel,0
TXN_007059,USR_0063,2026-02-19 13:54:11,125.29,Toronto,3.09,DEV_063,POS,Gaming,0
TXN_007060,USR_0015,2026-01-27 11:32:02,74.05,Toronto,3.71,DEV_015,POS,Transfer,0
TXN_007061,USR_0095,2026-01-03 06:55:25,77.95,Toronto,0.43,DEV_095,POS,Transfer,0
TXN_007062,USR_0100,2026-02-23 08:14:44,176.74,Toronto,0.02,DEV_100,POS,Electronics,0
TXN_007063,USR_0084,2026-02-28 12:54:28,37.43,Paris,0.77,DEV_122,Online,Luxury,0
TXN_007064,USR_0022,2026-03-04 00:32:08,58.9,Sydney,8.28,DEV_022,POS,Gaming,0
TXN_007065,USR_0088,2026-01-23 14:38:33,42.48,New York,4.38,DEV_088,POS,Gaming,0
TXN_007066,USR_0069,2026-01-04 13:54:01,13.93,Berlin,0.58,DEV_069,Online,Luxury,0
TXN_007067,USR_0100,2026-01-05 12:17:15,17.76,Paris,14.03,DEV_100,ATM,Grocery,0
TXN_007068,USR_0036,2026-02-01 12:33:38,82.37,Paris,1.68,DEV_036,POS,Luxury,0
TXN_007069,USR_0062,2026-01-17 02:31:21,58.05,Sydney,4.18,DEV_062,POS,Electronics,0
TXN_007070,USR_0026,2026-03-01 10:23:53,75.66,Tokyo,1.13,DEV_026,ATM,Transfer,0
TXN_007071,USR_0063,2026-01-16 08:44:02,80.5,Toronto,7.63,DEV_063,POS,Grocery,0
TXN_007072,USR_0037,2026-01-31 13:23:47,544.34,Toronto,4398.87,DEV_104,ATM,Electronics,1
TXN_007073,USR_0026,2026-01-06 14:51:20,25.9,Tokyo,8.8,DEV_026,POS,Travel,0
TXN_007074,USR_0060,2026-03-14 07:31:08,108.89,Paris,4.32,DEV_143,Online,Luxury,0
TXN_007075,USR_0029,2026-03-17 09:25:22,36.52,Berlin,1.08,DEV_029,POS,Luxury,0
TXN_007076,USR_0013,2026-03-09 09:26:16,21.51,Berlin,14.06,DEV_013,ATM,Grocery,0
TXN_007077,USR_0049,2026-03-21 23:27:58,40.26,Mumbai,1.72,DEV_049,POS,Luxury,0
TXN_007078,USR_0006,2026-01-22 23:26:59,92.97,Sydney,3.46,DEV_006,POS,Utilities,0
TXN_007079,USR_0058,2026-02-26 02:10:41,15.52,Tokyo,10.98,DEV_058,POS,Gaming,0
TXN_007080,USR_0030,2026-03-06 18:17:58,23.67,New York,12.44,DEV_030,ATM,Luxury,0
TXN_007081,USR_0050,2026-01-26 20:11:43,51.08,Tokyo,2.55,DEV_050,Online,Travel,0
TXN_007082,USR_0081,2026-03-02 17:02:36,121.85,New York,5.03,DEV_081,ATM,Luxury,0
TXN_007083,USR_0088,2026-01-31 04:33:12,21.13,New York,2.44,DEV_088,Online,Transfer,0
TXN_007084,USR_0060,2026-03-06 19:45:11,44.84,Paris,1.37,DEV_060,Online,Transfer,0
TXN_007085,USR_0024,2026-01-13 12:45:53,4164.69,Paris,1059.79,DEV_114,Online,Luxury,1
TXN_007086,USR_0055,2026-03-05 21:02:46,13.73,Toronto,1.41,DEV_055,Online,Luxury,0
TXN_007087,USR_0086,2026-01-15 19:52:08,62.18,New York,9.18,DEV_086,Online,Travel,0
TXN_007088,USR_0080,2026-01-01 21:29:45,13.79,Paris,0.42,DEV_080,Online,Gaming,0
TXN_007089,USR_0020,2026-01-11 17:40:59,116.78,New York,0.74,DEV_020,ATM,Gaming,0
TXN_007090,USR_0013,2026-03-06 01:35:16,126.21,Berlin,17.23,DEV_013,POS,Gaming,0
TXN_007091,USR_0072,2026-01-13 10:21:14,107.96,New York,3.68,DEV_072,POS,Utilities,0
TXN_007092,USR_0002,2026-03-09 13:18:43,158.0,Tokyo,10.94,DEV_002,Online,Transfer,0
TXN_007093,USR_0078,2026-03-06 07:23:21,21.97,Sydney,6.41,DEV_078,POS,Gaming,0
TXN_007094,USR_0084,2026-03-11 03:52:10,19.02,Paris,9.63,DEV_084,Online,Utilities,0
TXN_007095,USR_0091,2026-03-06 22:17:10,37.55,Mumbai,1.9,DEV_091,POS,Luxury,0
TXN_007096,USR_0091,2026-02-13 12:43:42,10.81,London,0.87,DEV_091,Online,Electronics,0
TXN_007097,USR_0052,2026-01-14 10:48:59,385.57,Paris,5.07,DEV_052,POS,Travel,0
TXN_007098,USR_0040,2026-03-15 05:53:16,17.54,New York,14.84,DEV_040,Online,Utilities,0
TXN_007099,USR_0084,2026-02-25 14:42:28,208.13,Paris,5.21,DEV_084,POS,Luxury,0
TXN_007100,USR_0017,2026-03-10 05:36:35,281.54,London,2.61,DEV_017,Online,Utilities,0
TXN_007101,USR_0083,2026-01-01 06:13:27,20.12,Mumbai,35.11,DEV_083,Online,Electronics,0
TXN_007102,USR_0070,2026-03-05 08:42:43,119.96,Sydney,2.26,DEV_070,Online,Electronics,0
TXN_007103,USR_0030,2026-02-15 04:13:23,59.3,Sydney,7.34,DEV_030,Online,Electronics,0
TXN_007104,USR_0073,2026-01-03 02:47:28,84.6,London,7.61,DEV_073,Online,Utilities,0
TXN_007105,USR_0058,2026-03-09 05:23:36,95.63,Tokyo,6.85,DEV_038,POS,Gaming,0
TXN_007106,USR_0023,2026-03-16 00:15:51,49.01,Toronto,7.49,DEV_023,POS,Grocery,0
TXN_007107,USR_0021,2026-03-22 12:44:37,136.63,Berlin,6.25,DEV_021,Wire Transfer,Grocery,0
TXN_007108,USR_0006,2026-03-02 11:17:50,66.76,Sydney,10.79,DEV_006,POS,Travel,0
TXN_007109,USR_0037,2026-03-26 08:58:46,65.69,Berlin,2.6,DEV_037,ATM,Electronics,0
TXN_007110,USR_0067,2026-01-12 23:03:42,41.9,Mumbai,5.45,DEV_067,POS,Gaming,0
TXN_007111,USR_0002,2026-02-01 23:39:01,13.73,Mumbai,1.47,DEV_002,POS,Travel,0
TXN_007112,USR_0059,2026-02-27 23:44:36,87.32,Mumbai,5.21,DEV_011,POS,Gaming,0
TXN_007113,USR_0062,2026-02-09 08:24:10,57.39,Sydney,0.01,DEV_062,Online,Gaming,0
TXN_007114,USR_0073,2026-03-15 14:25:41,65.85,London,0.1,DEV_073,ATM,Travel,0
TXN_007115,USR_0007,2026-01-13 18:37:09,79.54,Toronto,0.85,DEV_007,ATM,Utilities,0
TXN_007116,USR_0025,2026-02-02 10:27:05,113.69,London,0.83,DEV_025,Online,Transfer,0
TXN_007117,USR_0014,2026-02-28 10:34:38,26.66,Sydney,12.68,DEV_014,ATM,Electronics,0
TXN_007118,USR_0072,2026-02-16 19:46:06,298.77,New York,0.35,DEV_072,Online,Travel,0
TXN_007119,USR_0030,2026-01-26 21:25:51,140.08,Sydney,0.48,DEV_030,Online,Transfer,0
TXN_007120,USR_0013,2026-03-27 16:58:15,862.7,Sydney,2394.53,DEV_016,Wire Transfer,Gaming,1
TXN_007121,USR_0055,2026-01-09 11:08:32,97.52,Toronto,2.09,DEV_041,ATM,Travel,0
TXN_007122,USR_0090,2026-02-12 02:57:29,311.19,Tokyo,1.41,DEV_090,Online,Electronics,0
TXN_007123,USR_0075,2026-02-27 20:47:41,41.7,Sydney,1.18,DEV_075,Online,Gaming,0
TXN_007124,USR_0037,2026-03-16 06:31:59,54.7,Berlin,0.13,DEV_037,Online,Luxury,0
TXN_007125,USR_0023,2026-01-24 05:30:36,286.49,Toronto,2.05,DEV_023,Online,Utilities,0
TXN_007126,USR_0099,2026-03-29 01:15:38,17.55,Mumbai,8.58,DEV_099,POS,Utilities,0
TXN_007127,USR_0085,2026-01-03 03:11:44,22.99,Berlin,6.1,DEV_085,Online,Grocery,0
TXN_007128,USR_0026,2026-02-17 16:36:40,17.36,Tokyo,11.68,DEV_026,ATM,Luxury,0
TXN_007129,USR_0093,2026-03-08 08:34:06,22.35,Berlin,3.12,DEV_093,Online,Electronics,0
TXN_007130,USR_0073,2026-03-03 19:57:12,14.69,London,2.72,DEV_028,ATM,Transfer,0
TXN_007131,USR_0015,2026-02-11 21:24:18,91.89,Toronto,1.75,DEV_140,Online,Electronics,0
TXN_007132,USR_0016,2026-02-19 18:14:25,173.6,New York,0.44,DEV_016,Online,Grocery,0
TXN_007133,USR_0009,2026-03-05 14:19:56,28.57,London,3.23,DEV_009,ATM,Travel,0
TXN_007134,USR_0075,2026-03-10 23:45:51,75.45,Mumbai,14.32,DEV_075,ATM,Electronics,0
TXN_007135,USR_0020,2026-01-22 14:51:33,32.2,Paris,3.38,DEV_129,ATM,Transfer,0
TXN_007136,USR_0033,2026-03-09 10:48:12,44.98,Berlin,2.17,DEV_033,POS,Transfer,0
TXN_007137,USR_0030,2026-01-03 21:36:39,106.59,Sydney,14.53,DEV_030,ATM,Transfer,0
TXN_007138,USR_0096,2026-01-15 05:09:03,66.94,New York,5.64,DEV_001,Online,Travel,0
TXN_007139,USR_0018,2026-01-07 15:14:30,37.15,Tokyo,0.41,DEV_018,POS,Grocery,0
TXN_007140,USR_0057,2026-02-01 14:21:26,29.09,London,4.82,DEV_057,POS,Grocery,0
TXN_007141,USR_0045,2026-02-27 18:19:02,99.72,Berlin,2.83,DEV_045,Online,Travel,0
TXN_007142,USR_0015,2026-02-07 09:21:40,221.51,Toronto,7.03,DEV_015,Online,Utilities,0
TXN_007143,USR_0036,2026-01-29 00:49:56,22.03,Paris,1.13,DEV_079,Online,Electronics,0
TXN_007144,USR_0029,2026-01-08 21:06:01,80.28,Berlin,11.74,DEV_026,POS,Utilities,0
TXN_007145,USR_0094,2026-03-21 20:53:41,11.27,Sydney,0.53,DEV_094,Online,Grocery,0
TXN_007146,USR_0091,2026-03-09 12:54:07,167.4,Mumbai,0.23,DEV_091,Online,Luxury,0
TXN_007147,USR_0004,2026-03-22 05:42:56,21.2,Mumbai,4.53,DEV_004,Online,Utilities,0
TXN_007148,USR_0089,2026-01-17 18:11:13,101.43,London,4.46,DEV_089,Online,Utilities,0
TXN_007149,USR_0035,2026-01-28 12:45:22,113.47,Mumbai,40.86,DEV_035,Online,Travel,0
TXN_007150,USR_0007,2026-03-03 20:11:41,49.58,Toronto,3.02,DEV_007,POS,Grocery,0
TXN_007151,USR_0046,2026-01-05 01:00:41,53.48,Sydney,1.39,DEV_046,POS,Gaming,0
TXN_007152,USR_0052,2026-02-25 02:44:32,16.59,Paris,1.25,DEV_052,POS,Utilities,0
TXN_007153,USR_0097,2026-02-20 06:19:43,65.82,London,11.68,DEV_016,POS,Electronics,0
TXN_007154,USR_0099,2026-02-26 14:43:18,32.39,Mumbai,7.61,DEV_129,ATM,Luxury,0
TXN_007155,USR_0087,2026-01-01 03:54:43,199.76,Toronto,2.88,DEV_087,Online,Travel,0
TXN_007156,USR_0058,2026-03-19 13:57:45,126.33,Tokyo,6.67,DEV_005,POS,Grocery,0
TXN_007157,USR_0017,2026-03-12 15:46:58,575.17,Toronto,1755.04,DEV_133,Wire Transfer,Luxury,1
TXN_007158,USR_0004,2026-03-14 01:25:50,15.58,Paris,5.68,DEV_090,Wire Transfer,Grocery,0
TXN_007159,USR_0081,2026-01-19 11:46:49,226.86,London,7.34,DEV_081,Online,Travel,0
TXN_007160,USR_0063,2026-01-05 12:49:09,113.35,London,8.43,DEV_063,POS,Travel,0
TXN_007161,USR_0067,2026-01-09 21:50:37,42.5,Mumbai,0.62,DEV_044,ATM,Gaming,0
TXN_007162,USR_0077,2026-03-09 11:18:37,164.47,Berlin,10.46,DEV_077,POS,Grocery,0
TXN_007163,USR_0027,2026-02-20 05:09:59,115.55,Mumbai,2.74,DEV_097,POS,Electronics,0
TXN_007164,USR_0032,2026-02-19 04:01:54,2833.83,Paris,4458.77,DEV_008,Wire Transfer,Electronics,1
TXN_007165,USR_0091,2026-02-18 02:39:34,54.17,Mumbai,9.01,DEV_091,ATM,Luxury,0
TXN_007166,USR_0094,2026-01-22 23:18:33,2801.24,London,4395.54,DEV_030,ATM,Electronics,1
TXN_007167,USR_0047,2026-02-08 14:14:02,65.57,Toronto,5.35,DEV_047,Online,Luxury,0
TXN_007168,USR_0031,2026-02-12 01:22:47,60.66,Toronto,1.46,DEV_138,POS,Grocery,0
TXN_007169,USR_0084,2026-02-20 06:40:55,62.05,Paris,3.58,DEV_084,Online,Utilities,0
TXN_007170,USR_0070,2026-03-23 05:34:49,53.78,Sydney,1.13,DEV_079,POS,Travel,0
TXN_007171,USR_0059,2026-01-18 00:13:44,12.58,Mumbai,7.63,DEV_059,POS,Grocery,0
TXN_007172,USR_0053,2026-03-05 00:21:39,100.57,Berlin,15.19,DEV_053,POS,Grocery,0
TXN_007173,USR_0059,2026-01-13 01:28:12,36.6,Mumbai,24.92,DEV_059,Online,Grocery,0
TXN_007174,USR_0026,2026-02-03 10:50:40,109.33,Tokyo,2.87,DEV_137,POS,Gaming,0
TXN_007175,USR_0065,2026-02-02 18:58:45,13.95,London,1.04,DEV_065,Online,Grocery,0
TXN_007176,USR_0054,2026-01-26 06:41:15,16.78,Sydney,8.78,DEV_054,Online,Transfer,0
TXN_007177,USR_0028,2026-03-18 15:29:16,156.03,Paris,3.84,DEV_028,ATM,Utilities,0
TXN_007178,USR_0096,2026-02-11 08:47:29,52.56,Tokyo,18.01,DEV_096,POS,Travel,0
TXN_007179,USR_0090,2026-03-04 22:02:36,293.27,Tokyo,7.33,DEV_090,POS,Transfer,0
TXN_007180,USR_0086,2026-02-15 02:00:17,82.29,Sydney,14.06,DEV_086,POS,Luxury,0
TXN_007181,USR_0071,2026-01-30 03:26:44,114.87,Toronto,4.42,DEV_071,POS,Gaming,0
TXN_007182,USR_0055,2026-02-25 21:56:14,78.28,Paris,0.63,DEV_055,POS,Utilities,0
TXN_007183,USR_0014,2026-03-02 06:06:10,145.52,Sydney,3.62,DEV_014,POS,Grocery,0
TXN_007184,USR_0002,2026-02-28 21:19:01,24.28,Tokyo,4.23,DEV_002,ATM,Luxury,0
TXN_007185,USR_0063,2026-03-08 18:29:42,81.91,Toronto,6.67,DEV_063,Online,Utilities,0
TXN_007186,USR_0090,2026-01-29 06:03:10,43.82,Tokyo,3.02,DEV_096,Online,Grocery,0
TXN_007187,USR_0075,2026-02-06 20:04:00,77.12,Mumbai,11.7,DEV_075,POS,Grocery,0
TXN_007188,USR_0080,2026-02-20 13:34:39,125.69,Tokyo,4.38,DEV_080,Online,Utilities,0
TXN_007189,USR_0012,2026-03-03 11:06:57,42.87,Paris,0.73,DEV_012,Online,Utilities,0
TXN_007190,USR_0060,2026-03-09 04:28:25,126.54,Paris,12.29,DEV_060,POS,Luxury,0
TXN_007191,USR_0069,2026-01-10 01:13:24,67.51,Berlin,6.86,DEV_069,Online,Electronics,0
TXN_007192,USR_0092,2026-01-07 15:49:54,73.52,Paris,1.37,DEV_092,Online,Electronics,0
TXN_007193,USR_0072,2026-02-20 21:38:47,188.3,New York,8.27,DEV_013,POS,Gaming,0
TXN_007194,USR_0078,2026-01-09 14:46:11,47.49,Sydney,3.25,DEV_042,POS,Electronics,0
TXN_007195,USR_0069,2026-03-16 13:05:36,44.18,Berlin,6.35,DEV_069,ATM,Luxury,0
TXN_007196,USR_0062,2026-03-07 21:20:42,66.41,Sydney,5.64,DEV_062,POS,Grocery,0
TXN_007197,USR_0086,2026-01-30 17:49:15,148.02,Sydney,7.23,DEV_086,POS,Utilities,0
TXN_007198,USR_0078,2026-02-12 14:30:24,41.18,Sydney,5.89,DEV_078,Online,Travel,0
TXN_007199,USR_0043,2026-02-09 22:22:42,61.8,Mumbai,3.79,DEV_043,Online,Transfer,0
TXN_007200,USR_0041,2026-01-31 15:59:41,84.79,London,36.96,DEV_041,Online,Electronics,0
TXN_007201,USR_0065,2026-02-04 17:53:31,196.86,Tokyo,1.27,DEV_065,POS,Grocery,0
TXN_007202,USR_0054,2026-01-09 02:49:45,97.63,Sydney,2.64,DEV_054,Online,Transfer,0
TXN_007203,USR_0016,2026-03-07 01:02:13,62.34,New York,17.41,DEV_016,Online,Utilities,0
TXN_007204,USR_0030,2026-01-02 00:51:41,242.54,Sydney,3.79,DEV_030,POS,Gaming,0
TXN_007205,USR_0063,2026-02-19 23:40:50,35.0,Toronto,0.46,DEV_009,Online,Luxury,0
TXN_007206,USR_0072,2026-03-27 01:36:57,11.41,New York,0.92,DEV_108,POS,Transfer,0
TXN_007207,USR_0003,2026-02-15 10:47:52,2233.23,New York,1018.68,DEV_028,ATM,Electronics,1
TXN_007208,USR_0013,2026-01-21 12:25:15,10.72,Toronto,0.07,DEV_013,Online,Electronics,0
TXN_007209,USR_0052,2026-02-11 07:33:40,120.28,Paris,4.88,DEV_052,POS,Utilities,0
TXN_007210,USR_0066,2026-03-04 01:53:44,65.86,Tokyo,13.28,DEV_066,Online,Gaming,0
TXN_007211,USR_0018,2026-01-04 10:41:31,82.86,Tokyo,0.39,DEV_018,POS,Luxury,0
TXN_007212,USR_0095,2026-01-24 06:09:40,114.25,Toronto,25.1,DEV_095,Online,Electronics,0
TXN_007213,USR_0059,2026-03-14 05:44:19,331.88,Mumbai,1.68,DEV_059,Online,Travel,0
TXN_007214,USR_0049,2026-02-27 04:47:45,43.85,London,14.48,DEV_049,ATM,Utilities,0
TXN_007215,USR_0093,2026-01-07 23:16:06,65.8,Berlin,17.11,DEV_093,POS,Luxury,0
TXN_007216,USR_0048,2026-01-16 11:41:36,77.59,New York,14.71,DEV_048,POS,Utilities,0
TXN_007217,USR_0032,2026-02-06 18:33:37,79.61,New York,8.85,DEV_032,Online,Travel,0
TXN_007218,USR_0100,2026-02-07 11:25:49,21.95,Paris,1.75,DEV_100,Online,Transfer,0
TXN_007219,USR_0021,2026-02-19 09:00:37,152.76,Berlin,0.2,DEV_021,POS,Grocery,0
TXN_007220,USR_0072,2026-03-27 09:10:04,69.5,Mumbai,0.94,DEV_072,ATM,Grocery,0
TXN_007221,USR_0006,2026-02-09 14:21:26,4448.25,Tokyo,2611.23,DEV_011,Online,Gaming,1
TXN_007222,USR_0007,2026-01-11 14:06:32,14.4,Toronto,2.49,DEV_142,POS,Grocery,0
TXN_007223,USR_0002,2026-03-20 02:56:43,63.54,Tokyo,3.47,DEV_043,Online,Grocery,0
TXN_007224,USR_0036,2026-01-16 11:50:42,55.84,New York,6.48,DEV_081,Wire Transfer,Electronics,0
TXN_007225,USR_0046,2026-03-03 08:05:58,25.18,Sydney,2.8,DEV_046,Online,Gaming,0
TXN_007226,USR_0077,2026-03-29 13:19:31,104.61,Berlin,7.81,DEV_077,Online,Grocery,0
TXN_007227,USR_0072,2026-03-07 05:05:17,132.91,New York,2.39,DEV_072,Online,Transfer,0
TXN_007228,USR_0011,2026-03-10 21:08:25,21.23,Mumbai,0.93,DEV_011,ATM,Travel,0
TXN_007229,USR_0073,2026-02-06 23:36:34,48.93,London,0.22,DEV_073,POS,Grocery,0
TXN_007230,USR_0071,2026-01-07 13:25:54,21.26,Toronto,7.31,DEV_071,ATM,Luxury,0
TXN_007231,USR_0060,2026-03-04 22:14:18,291.14,Paris,4.74,DEV_060,POS,Grocery,0
TXN_007232,USR_0046,2026-03-01 08:07:07,1150.61,London,3662.45,DEV_034,Wire Transfer,Gaming,1
TXN_007233,USR_0069,2026-01-06 10:53:52,32.79,Berlin,10.39,DEV_058,ATM,Travel,0
TXN_007234,USR_0042,2026-01-25 07:54:56,73.79,Tokyo,5.47,DEV_042,Online,Travel,0
TXN_007235,USR_0078,2026-02-12 04:25:34,80.09,Sydney,8.01,DEV_078,Online,Utilities,0
TXN_007236,USR_0097,2026-01-07 11:58:33,68.17,New York,21.25,DEV_097,POS,Travel,0
TXN_007237,USR_0017,2026-03-13 04:39:46,34.55,London,1.21,DEV_017,ATM,Electronics,0
TXN_007238,USR_0050,2026-03-28 13:25:19,46.0,Tokyo,12.3,DEV_050,Online,Utilities,0
TXN_007239,USR_0032,2026-03-16 02:27:55,45.67,New York,1.39,DEV_101,POS,Grocery,0
TXN_007240,USR_0086,2026-01-07 20:33:33,181.35,Sydney,5.67,DEV_086,POS,Luxury,0
TXN_007241,USR_0019,2026-02-26 00:40:18,37.02,Mumbai,1.72,DEV_019,Wire Transfer,Travel,0
TXN_007242,USR_0088,2026-02-02 14:50:18,11.33,New York,6.22,DEV_126,Online,Luxury,0
TXN_007243,USR_0002,2026-03-30 06:30:33,92.55,Tokyo,1.22,DEV_002,POS,Grocery,0
TXN_007244,USR_0088,2026-01-28 01:12:31,58.64,New York,14.8,DEV_088,POS,Utilities,0
TXN_007245,USR_0006,2026-03-18 01:47:07,58.7,Sydney,1.44,DEV_006,Online,Travel,0
TXN_007246,USR_0038,2026-03-25 14:53:53,55.44,Sydney,10.39,DEV_038,Online,Grocery,0
TXN_007247,USR_0081,2026-01-23 08:54:27,48.82,London,1.38,DEV_081,POS,Transfer,0
TXN_007248,USR_0078,2026-01-10 04:55:31,37.31,Sydney,3.53,DEV_078,POS,Travel,0
TXN_007249,USR_0064,2026-01-23 09:51:01,124.87,New York,9.41,DEV_064,Online,Utilities,0
TXN_007250,USR_0077,2026-02-01 14:32:37,44.6,Berlin,17.86,DEV_077,POS,Travel,0
TXN_007251,USR_0088,2026-01-01 01:48:15,250.14,New York,5.46,DEV_088,Online,Electronics,0
TXN_007252,USR_0049,2026-01-27 04:34:30,26.32,London,2.06,DEV_049,POS,Grocery,0
TXN_007253,USR_0028,2026-01-15 08:40:34,22.99,Paris,2.4,DEV_046,POS,Travel,0
TXN_007254,USR_0095,2026-02-15 16:42:55,28.23,Toronto,2.09,DEV_095,POS,Travel,0
TXN_007255,USR_0012,2026-01-07 14:59:12,112.71,Paris,1.44,DEV_012,Online,Electronics,0
TXN_007256,USR_0100,2026-02-13 19:32:42,11.79,Paris,9.79,DEV_100,Online,Gaming,0
TXN_007257,USR_0072,2026-03-18 06:58:54,57.77,New York,6.46,DEV_072,Online,Travel,0
TXN_007258,USR_0091,2026-02-09 14:50:05,121.55,Mumbai,13.77,DEV_091,POS,Gaming,0
TXN_007259,USR_0014,2026-03-28 05:09:44,89.41,Sydney,6.92,DEV_014,POS,Luxury,0
TXN_007260,USR_0009,2026-01-13 16:15:56,201.79,Paris,6.09,DEV_009,Online,Travel,0
TXN_007261,USR_0051,2026-01-01 13:15:22,10.21,Mumbai,12.96,DEV_023,Online,Travel,0
TXN_007262,USR_0016,2026-02-26 05:51:51,33.7,New York,7.17,DEV_016,ATM,Transfer,0
TXN_007263,USR_0099,2026-01-12 07:51:59,47.47,Mumbai,2.78,DEV_090,POS,Luxury,0
TXN_007264,USR_0037,2026-03-03 07:01:55,3998.51,London,3933.99,DEV_111,Wire Transfer,Transfer,1
TXN_007265,USR_0063,2026-02-28 22:07:33,50.29,Toronto,4.72,DEV_063,Online,Travel,0
TXN_007266,USR_0096,2026-01-29 07:05:11,127.98,New York,0.82,DEV_096,POS,Utilities,0
TXN_007267,USR_0026,2026-01-15 13:18:38,14.67,Tokyo,0.98,DEV_026,POS,Gaming,0
TXN_007268,USR_0082,2026-02-28 02:12:38,105.39,Tokyo,17.91,DEV_085,Online,Utilities,0
TXN_007269,USR_0048,2026-01-25 20:49:51,77.44,Tokyo,1.32,DEV_048,Online,Gaming,0
TXN_007270,USR_0061,2026-03-02 11:09:26,49.02,Berlin,8.58,DEV_061,POS,Electronics,0
TXN_007271,USR_0014,2026-03-28 19:04:34,92.03,Sydney,1.61,DEV_014,POS,Transfer,0
TXN_007272,USR_0054,2026-01-06 15:05:10,20.51,Sydney,2.73,DEV_054,POS,Luxury,0
TXN_007273,USR_0084,2026-01-10 12:55:21,12.12,Paris,0.72,DEV_008,ATM,Grocery,0
TXN_007274,USR_0029,2026-01-16 03:34:18,56.09,Berlin,3.56,DEV_029,POS,Electronics,0
TXN_007275,USR_0018,2026-01-31 18:21:18,90.0,Tokyo,1.06,DEV_018,Online,Gaming,0
TXN_007276,USR_0015,2026-02-03 23:10:55,1073.54,London,3561.04,DEV_117,Wire Transfer,Luxury,1
TXN_007277,USR_0065,2026-01-31 14:18:01,794.25,New York,2442.11,DEV_129,Wire Transfer,Luxury,1
TXN_007278,USR_0018,2026-01-14 11:27:25,27.3,Tokyo,0.06,DEV_018,POS,Electronics,0
TXN_007279,USR_0034,2026-03-17 20:16:20,92.05,Paris,0.81,DEV_034,POS,Grocery,0
TXN_007280,USR_0028,2026-03-29 08:02:01,52.07,Paris,1.49,DEV_028,ATM,Utilities,0
TXN_007281,USR_0040,2026-02-16 20:30:47,16.45,New York,2.41,DEV_040,POS,Utilities,0
TXN_007282,USR_0080,2026-03-01 14:20:39,60.14,Tokyo,4.98,DEV_080,POS,Electronics,0
TXN_007283,USR_0095,2026-03-08 03:06:56,23.74,Toronto,6.59,DEV_095,Online,Gaming,0
TXN_007284,USR_0036,2026-01-05 02:39:57,150.51,Paris,6.57,DEV_036,Online,Utilities,0
TXN_007285,USR_0059,2026-03-28 11:15:24,153.64,Mumbai,4.06,DEV_145,Wire Transfer,Utilities,0
TXN_007286,USR_0096,2026-01-06 18:50:33,39.84,New York,3.44,DEV_096,POS,Transfer,0
TXN_007287,USR_0006,2026-03-14 03:04:13,1087.61,Toronto,2653.69,DEV_031,Online,Gaming,1
TXN_007288,USR_0086,2026-01-11 13:12:04,237.54,Sydney,4.93,DEV_131,POS,Transfer,0
TXN_007289,USR_0061,2026-01-18 20:34:50,103.63,Berlin,2.72,DEV_061,POS,Luxury,0
TXN_007290,USR_0068,2026-01-03 03:54:07,97.55,Paris,0.37,DEV_109,Online,Utilities,0
TXN_007291,USR_0072,2026-03-08 02:55:22,191.1,New York,8.31,DEV_072,ATM,Utilities,0
TXN_007292,USR_0066,2026-02-04 19:13:38,75.26,Tokyo,1.96,DEV_066,Online,Transfer,0
TXN_007293,USR_0012,2026-01-11 09:57:27,109.35,Paris,3.44,DEV_005,POS,Utilities,0
TXN_007294,USR_0004,2026-01-09 12:20:53,42.81,Paris,15.99,DEV_004,POS,Travel,0
TXN_007295,USR_0100,2026-02-12 03:36:58,34.94,Paris,6.59,DEV_100,POS,Travel,0
TXN_007296,USR_0069,2026-02-20 20:39:00,120.95,Tokyo,3.35,DEV_069,Online,Utilities,0
TXN_007297,USR_0003,2026-03-14 06:50:24,74.77,Sydney,0.55,DEV_055,Online,Travel,0
TXN_007298,USR_0048,2026-01-08 05:04:20,26.29,New York,1.58,DEV_048,Wire Transfer,Utilities,0
TXN_007299,USR_0068,2026-01-14 05:19:11,122.57,Paris,7.94,DEV_068,ATM,Travel,0
TXN_007300,USR_0020,2026-01-15 17:11:45,30.98,Paris,8.33,DEV_020,POS,Electronics,0
TXN_007301,USR_0015,2026-02-28 21:44:42,138.59,Toronto,9.45,DEV_015,POS,Grocery,0
TXN_007302,USR_0052,2026-02-12 01:23:02,34.32,Paris,16.52,DEV_052,Online,Utilities,0
TXN_007303,USR_0028,2026-03-26 13:33:42,60.22,Paris,3.25,DEV_088,Online,Transfer,0
TXN_007304,USR_0087,2026-02-21 12:55:32,12.51,Toronto,2.08,DEV_087,Online,Grocery,0
TXN_007305,USR_0088,2026-03-11 17:21:37,43.85,New York,2.42,DEV_088,POS,Grocery,0
TXN_007306,USR_0027,2026-02-16 06:16:28,28.91,London,10.83,DEV_027,POS,Travel,0
TXN_007307,USR_0014,2026-01-09 09:10:42,708.55,Paris,1539.62,DEV_101,Wire Transfer,Luxury,1
TXN_007308,USR_0097,2026-03-25 00:32:40,32.45,London,12.6,DEV_097,POS,Electronics,0
TXN_007309,USR_0083,2026-03-27 03:05:40,29.21,Mumbai,2.5,DEV_083,POS,Electronics,0
TXN_007310,USR_0092,2026-01-26 07:02:23,91.23,Paris,2.39,DEV_092,POS,Grocery,0
TXN_007311,USR_0051,2026-02-10 00:56:55,48.0,Mumbai,15.83,DEV_076,Online,Luxury,0
TXN_007312,USR_0011,2026-01-17 08:24:43,64.4,Mumbai,6.09,DEV_011,POS,Travel,0
TXN_007313,USR_0038,2026-03-14 16:54:17,13.59,Berlin,2.84,DEV_037,ATM,Grocery,0
TXN_007314,USR_0055,2026-01-01 15:31:48,109.27,Toronto,0.51,DEV_055,POS,Transfer,0
TXN_007315,USR_0003,2026-03-19 18:56:58,59.49,Mumbai,2.01,DEV_003,POS,Electronics,0
TXN_007316,USR_0097,2026-01-05 15:38:04,34.67,London,3.5,DEV_097,POS,Gaming,0
TXN_007317,USR_0071,2026-02-27 01:33:48,18.83,Toronto,4.05,DEV_071,Online,Electronics,0
TXN_007318,USR_0002,2026-03-02 19:53:54,10.21,Tokyo,1.23,DEV_002,Wire Transfer,Electronics,0
TXN_007319,USR_0063,2026-02-19 01:18:46,12.17,Toronto,5.03,DEV_063,POS,Electronics,0
TXN_007320,USR_0075,2026-03-12 05:48:56,269.99,Mumbai,2.44,DEV_075,POS,Transfer,0
TXN_007321,USR_0033,2026-02-24 06:42:51,2584.59,Paris,4623.18,DEV_147,ATM,Gaming,1
TXN_007322,USR_0057,2026-03-30 14:00:03,148.27,London,8.66,DEV_057,ATM,Grocery,0
TXN_007323,USR_0084,2026-02-01 14:44:34,28.08,Paris,0.69,DEV_084,POS,Gaming,0
TXN_007324,USR_0015,2026-02-16 11:32:42,18.2,Toronto,0.43,DEV_015,Online,Gaming,0
TXN_007325,USR_0052,2026-03-11 22:17:03,113.45,Paris,2.41,DEV_052,POS,Gaming,0
TXN_007326,USR_0025,2026-02-01 11:31:21,95.72,London,0.86,DEV_025,Online,Grocery,0
TXN_007327,USR_0076,2026-03-13 12:55:20,157.49,Paris,5.61,DEV_076,Online,Utilities,0
TXN_007328,USR_0055,2026-01-02 03:34:16,18.01,Toronto,6.31,DEV_055,ATM,Travel,0
TXN_007329,USR_0012,2026-01-10 14:50:30,21.89,Paris,6.57,DEV_012,ATM,Transfer,0
TXN_007330,USR_0068,2026-02-20 06:28:04,28.03,Paris,27.43,DEV_068,Online,Gaming,0
TXN_007331,USR_0067,2026-03-29 08:04:44,45.12,Mumbai,8.46,DEV_067,Online,Luxury,0
TXN_007332,USR_0063,2026-01-14 13:58:45,21.71,Toronto,3.93,DEV_063,POS,Luxury,0
TXN_007333,USR_0043,2026-01-18 12:36:13,32.85,Berlin,4.64,DEV_043,POS,Grocery,0
TXN_007334,USR_0026,2026-03-29 22:31:12,33.23,Tokyo,2.06,DEV_026,ATM,Electronics,0
TXN_007335,USR_0008,2026-01-07 23:19:02,223.41,New York,3.4,DEV_008,Online,Utilities,0
TXN_007336,USR_0029,2026-02-07 04:31:37,51.5,Berlin,1.63,DEV_029,Online,Luxury,0
TXN_007337,USR_0001,2026-02-26 05:58:20,73.64,Toronto,15.37,DEV_001,Online,Utilities,0
TXN_007338,USR_0093,2026-02-17 02:14:46,103.87,Berlin,6.95,DEV_093,ATM,Utilities,0
TXN_007339,USR_0010,2026-01-21 20:21:21,69.17,Tokyo,2.28,DEV_010,Online,Luxury,0
TXN_007340,USR_0047,2026-03-17 15:28:59,16.07,Toronto,2.75,DEV_083,Online,Electronics,0
TXN_007341,USR_0086,2026-02-07 17:03:30,13.78,Sydney,8.77,DEV_086,Online,Electronics,0
TXN_007342,USR_0020,2026-03-15 07:30:59,92.64,Paris,2.57,DEV_020,ATM,Travel,0
TXN_007343,USR_0083,2026-01-16 05:51:06,30.56,Mumbai,0.52,DEV_083,Online,Utilities,0
TXN_007344,USR_0082,2026-02-15 19:31:52,80.93,Tokyo,0.35,DEV_082,Online,Utilities,0
TXN_007345,USR_0085,2026-02-02 16:02:49,335.3,Berlin,3.63,DEV_085,POS,Gaming,0
TXN_007346,USR_0079,2026-02-23 06:29:04,42.72,Toronto,3.09,DEV_079,POS,Travel,0
TXN_007347,USR_0092,2026-03-20 14:31:38,10.27,Paris,4.36,DEV_092,Online,Travel,0
TXN_007348,USR_0033,2026-01-28 15:26:21,12.81,London,0.96,DEV_033,Online,Luxury,0
TXN_007349,USR_0043,2026-02-23 01:02:02,28.36,Mumbai,1.07,DEV_043,Wire Transfer,Travel,0
TXN_007350,USR_0027,2026-01-04 13:16:00,61.54,Mumbai,0.17,DEV_027,Online,Gaming,0
TXN_007351,USR_0096,2026-01-15 02:31:59,17.98,New York,4.18,DEV_096,POS,Transfer,0
TXN_007352,USR_0042,2026-02-23 15:49:15,126.75,Tokyo,2.53,DEV_042,ATM,Travel,0
TXN_007353,USR_0023,2026-01-02 19:18:14,54.28,Toronto,0.72,DEV_023,Online,Electronics,0
TXN_007354,USR_0027,2026-02-24 19:08:33,153.34,Mumbai,9.87,DEV_070,Wire Transfer,Utilities,0
TXN_007355,USR_0002,2026-03-23 22:02:08,15.89,Sydney,2.33,DEV_002,POS,Gaming,0
TXN_007356,USR_0040,2026-02-14 06:16:55,17.21,New York,0.68,DEV_040,POS,Gaming,0
TXN_007357,USR_0002,2026-02-16 04:28:09,67.46,Tokyo,20.54,DEV_002,Online,Utilities,0
TXN_007358,USR_0092,2026-03-17 15:37:35,15.75,Paris,13.77,DEV_092,Online,Luxury,0
TXN_007359,USR_0073,2026-01-20 21:26:16,86.18,London,2.29,DEV_073,Online,Luxury,0
TXN_007360,USR_0082,2026-01-26 21:37:32,45.63,London,16.88,DEV_024,POS,Electronics,0
TXN_007361,USR_0018,2026-02-20 04:49:39,138.7,Tokyo,2.2,DEV_018,Online,Gaming,0
TXN_007362,USR_0011,2026-01-09 20:37:22,63.38,Mumbai,4.87,DEV_011,POS,Electronics,0
TXN_007363,USR_0019,2026-01-30 17:41:02,48.95,Mumbai,0.7,DEV_118,Online,Grocery,0
TXN_007364,USR_0006,2026-01-10 02:52:16,43.4,Sydney,0.42,DEV_006,ATM,Utilities,0
TXN_007365,USR_0059,2026-02-04 09:23:04,38.64,Mumbai,6.55,DEV_059,Online,Transfer,0
TXN_007366,USR_0042,2026-01-30 00:03:55,11.7,Tokyo,0.04,DEV_042,Online,Gaming,0
TXN_007367,USR_0039,2026-01-15 17:52:28,41.54,Toronto,10.93,DEV_133,Online,Grocery,0
TXN_007368,USR_0009,2026-01-23 17:04:31,32.34,Sydney,6.5,DEV_009,POS,Electronics,0
TXN_007369,USR_0062,2026-01-26 21:06:54,54.31,Sydney,6.42,DEV_062,Online,Travel,0
TXN_007370,USR_0093,2026-02-17 17:51:27,12.99,Berlin,1.99,DEV_093,POS,Luxury,0
TXN_007371,USR_0050,2026-03-18 12:14:26,63.43,New York,2.48,DEV_050,Online,Luxury,0
TXN_007372,USR_0015,2026-03-30 00:44:28,110.66,Toronto,3.26,DEV_072,POS,Travel,0
TXN_007373,USR_0092,2026-02-24 17:07:18,52.68,Paris,0.71,DEV_092,Online,Electronics,0
TXN_007374,USR_0090,2026-01-09 01:06:54,48.13,Tokyo,5.37,DEV_090,Online,Grocery,0
TXN_007375,USR_0059,2026-03-18 04:32:11,17.72,Mumbai,7.81,DEV_001,POS,Gaming,0
TXN_007376,USR_0046,2026-03-11 09:05:16,55.67,Sydney,0.04,DEV_046,POS,Grocery,0
TXN_007377,USR_0087,2026-01-24 16:16:15,53.99,Toronto,0.59,DEV_087,Online,Luxury,0
TXN_007378,USR_0032,2026-01-05 16:53:23,159.78,New York,7.82,DEV_032,Online,Gaming,0
TXN_007379,USR_0011,2026-02-19 04:02:15,74.76,Mumbai,0.47,DEV_105,POS,Utilities,0
TXN_007380,USR_0010,2026-01-26 19:14:12,45.0,Berlin,0.68,DEV_010,POS,Luxury,0
TXN_007381,USR_0032,2026-03-09 10:00:53,144.69,New York,3.01,DEV_032,Online,Transfer,0
TXN_007382,USR_0072,2026-03-15 16:46:12,48.54,New York,4.16,DEV_072,Online,Electronics,0
TXN_007383,USR_0072,2026-03-21 22:26:54,43.67,New York,6.08,DEV_072,Wire Transfer,Gaming,0
TXN_007384,USR_0026,2026-01-18 14:06:16,41.11,Tokyo,3.24,DEV_086,ATM,Utilities,0
TXN_007385,USR_0018,2026-02-24 21:15:26,51.91,Tokyo,0.35,DEV_018,ATM,Luxury,0
TXN_007386,USR_0040,2026-02-04 17:22:19,131.08,New York,8.64,DEV_040,Online,Gaming,0
TXN_007387,USR_0001,2026-01-27 08:40:42,76.72,London,0.87,DEV_001,POS,Luxury,0
TXN_007388,USR_0089,2026-01-20 10:25:44,1463.2,Berlin,882.34,DEV_143,ATM,Electronics,1
TXN_007389,USR_0086,2026-01-17 16:25:10,149.04,Sydney,1.79,DEV_086,Online,Grocery,0
TXN_007390,USR_0051,2026-03-19 10:28:07,224.86,Mumbai,3.38,DEV_051,POS,Electronics,0
TXN_007391,USR_0094,2026-02-13 21:06:00,24.54,Sydney,5.56,DEV_094,POS,Gaming,0
TXN_007392,USR_0038,2026-03-02 23:11:26,65.08,Sydney,5.36,DEV_133,Online,Travel,0
TXN_007393,USR_0018,2026-03-18 23:39:36,38.74,Tokyo,6.48,DEV_018,POS,Electronics,0
TXN_007394,USR_0023,2026-03-30 02:32:26,90.84,Toronto,1.11,DEV_023,Online,Electronics,0
TXN_007395,USR_0004,2026-03-22 19:43:13,272.49,Paris,7.22,DEV_004,ATM,Gaming,0
TXN_007396,USR_0043,2026-02-01 16:29:17,67.19,Mumbai,0.95,DEV_008,POS,Gaming,0
TXN_007397,USR_0085,2026-02-28 22:14:55,79.27,Berlin,10.06,DEV_085,POS,Transfer,0
TXN_007398,USR_0010,2026-03-22 04:31:34,48.26,Tokyo,0.65,DEV_010,ATM,Travel,0
TXN_007399,USR_0001,2026-01-03 04:52:04,157.23,London,5.7,DEV_001,POS,Utilities,0
TXN_007400,USR_0038,2026-01-05 16:38:55,12.74,Sydney,5.28,DEV_038,Online,Utilities,0
TXN_007401,USR_0060,2026-03-12 09:48:46,37.3,Paris,4.79,DEV_007,POS,Grocery,0
TXN_007402,USR_0004,2026-03-29 12:28:49,99.78,Paris,8.28,DEV_004,ATM,Travel,0
TXN_007403,USR_0091,2026-01-16 13:37:52,53.21,Mumbai,1.63,DEV_091,ATM,Grocery,0
TXN_007404,USR_0085,2026-01-30 06:25:58,28.02,Berlin,0.51,DEV_085,POS,Grocery,0
TXN_007405,USR_0020,2026-03-05 00:18:48,58.77,Paris,0.93,DEV_020,Online,Grocery,0
TXN_007406,USR_0063,2026-01-09 10:40:37,95.47,Mumbai,0.66,DEV_063,POS,Gaming,0
TXN_007407,USR_0099,2026-01-15 12:35:54,79.99,Mumbai,4.66,DEV_099,Online,Grocery,0
TXN_007408,USR_0015,2026-03-07 03:28:57,21.44,Toronto,1.06,DEV_015,ATM,Transfer,0
TXN_007409,USR_0042,2026-03-27 13:39:39,90.31,Tokyo,4.85,DEV_042,POS,Transfer,0
TXN_007410,USR_0008,2026-03-23 03:13:23,46.25,New York,4.53,DEV_008,POS,Travel,0
TXN_007411,USR_0013,2026-02-25 12:55:08,68.81,Berlin,6.14,DEV_013,Online,Transfer,0
TXN_007412,USR_0080,2026-01-17 07:25:42,576.23,Toronto,377.95,DEV_117,Wire Transfer,Transfer,1
TXN_007413,USR_0043,2026-02-20 22:42:33,141.72,Paris,0.18,DEV_043,POS,Electronics,0
TXN_007414,USR_0067,2026-01-04 19:03:45,26.75,Mumbai,6.99,DEV_067,ATM,Transfer,0
TXN_007415,USR_0060,2026-01-10 07:18:09,73.84,Paris,0.14,DEV_060,Online,Travel,0
TXN_007416,USR_0036,2026-01-15 04:26:41,67.26,Paris,1.77,DEV_036,POS,Grocery,0
TXN_007417,USR_0089,2026-02-25 19:07:57,187.51,London,13.85,DEV_027,Online,Gaming,0
TXN_007418,USR_0004,2026-02-26 02:59:37,60.49,Paris,3.07,DEV_073,POS,Electronics,0
TXN_007419,USR_0094,2026-02-13 20:22:26,18.07,Sydney,2.82,DEV_094,Online,Transfer,0
TXN_007420,USR_0021,2026-01-01 13:34:49,46.99,Berlin,11.47,DEV_021,POS,Utilities,0
TXN_007421,USR_0008,2026-01-16 06:13:40,461.08,Toronto,381.6,DEV_006,ATM,Transfer,1
TXN_007422,USR_0064,2026-02-02 18:10:49,28.22,New York,1.76,DEV_064,Online,Transfer,0
TXN_007423,USR_0080,2026-01-01 20:54:00,20.22,New York,1.33,DEV_080,POS,Grocery,0
TXN_007424,USR_0029,2026-01-03 22:17:33,95.73,Berlin,0.91,DEV_029,POS,Luxury,0
TXN_007425,USR_0007,2026-02-17 18:08:05,459.7,New York,1252.98,DEV_019,Wire Transfer,Luxury,1
TXN_007426,USR_0051,2026-03-19 02:19:13,274.94,Tokyo,14.99,DEV_051,Online,Travel,0
TXN_007427,USR_0044,2026-02-11 05:41:47,50.45,Paris,4.74,DEV_044,ATM,Utilities,0
TXN_007428,USR_0026,2026-01-12 13:09:59,83.91,Tokyo,7.24,DEV_026,POS,Electronics,0
TXN_007429,USR_0032,2026-01-25 00:07:41,56.56,New York,6.95,DEV_032,ATM,Grocery,0
TXN_007430,USR_0033,2026-01-26 17:55:29,41.42,London,4.59,DEV_033,POS,Electronics,0
TXN_007431,USR_0036,2026-03-03 09:31:24,112.79,Paris,8.96,DEV_036,Online,Grocery,0
TXN_007432,USR_0090,2026-01-11 12:31:11,88.39,Tokyo,12.33,DEV_090,Online,Travel,0
TXN_007433,USR_0082,2026-01-05 01:53:24,16.93,Tokyo,2.71,DEV_104,POS,Transfer,0
TXN_007434,USR_0025,2026-01-27 22:35:47,24.56,London,5.15,DEV_025,Online,Luxury,0
TXN_007435,USR_0035,2026-03-29 04:03:34,68.57,Mumbai,19.51,DEV_087,POS,Utilities,0
TXN_007436,USR_0093,2026-01-02 03:38:28,50.26,Berlin,0.07,DEV_093,Online,Transfer,0
TXN_007437,USR_0080,2026-02-05 13:39:09,2439.71,Sydney,2801.19,DEV_011,Wire Transfer,Gaming,1
TXN_007438,USR_0087,2026-01-19 02:38:39,117.98,Toronto,4.9,DEV_087,POS,Luxury,0
TXN_007439,USR_0014,2026-01-18 19:42:27,92.81,Sydney,6.16,DEV_014,POS,Transfer,0
TXN_007440,USR_0009,2026-01-30 05:18:45,109.46,Toronto,2.67,DEV_009,ATM,Luxury,0
TXN_007441,USR_0061,2026-01-16 09:34:35,95.42,Berlin,0.95,DEV_061,POS,Travel,0
TXN_007442,USR_0074,2026-03-05 08:02:18,23.93,Tokyo,1.66,DEV_074,Online,Luxury,0
TXN_007443,USR_0079,2026-02-27 07:38:09,114.01,Toronto,5.93,DEV_079,Online,Gaming,0
TXN_007444,USR_0030,2026-01-02 03:23:39,136.41,Sydney,0.29,DEV_030,Online,Grocery,0
TXN_007445,USR_0033,2026-02-09 22:09:48,59.33,London,3.0,DEV_033,Wire Transfer,Luxury,0
TXN_007446,USR_0048,2026-01-25 09:49:16,57.78,New York,1.88,DEV_048,Online,Electronics,0
TXN_007447,USR_0008,2026-03-27 19:58:41,15.56,New York,5.8,DEV_008,POS,Transfer,0
TXN_007448,USR_0018,2026-03-14 10:47:39,69.91,Tokyo,1.85,DEV_018,Online,Utilities,0
TXN_007449,USR_0023,2026-01-15 19:02:47,51.26,Toronto,0.5,DEV_023,POS,Travel,0
TXN_007450,USR_0089,2026-03-04 04:36:38,28.84,London,5.78,DEV_089,Online,Gaming,0
TXN_007451,USR_0025,2026-01-17 02:07:47,126.34,Paris,10.79,DEV_134,Online,Electronics,0
TXN_007452,USR_0019,2026-01-24 13:50:52,65.2,Mumbai,4.88,DEV_019,POS,Travel,0
TXN_007453,USR_0098,2026-01-08 10:54:48,1176.29,Toronto,4055.77,DEV_137,Online,Luxury,1
TXN_007454,USR_0088,2026-02-16 04:38:08,26.46,New York,4.39,DEV_107,POS,Transfer,0
TXN_007455,USR_0067,2026-02-06 01:56:17,47.06,Mumbai,5.3,DEV_067,Online,Grocery,0
TXN_007456,USR_0059,2026-03-21 17:54:20,154.71,Sydney,12.01,DEV_059,POS,Utilities,0
TXN_007457,USR_0059,2026-03-10 04:50:44,51.32,Mumbai,5.06,DEV_059,Wire Transfer,Utilities,0
TXN_007458,USR_0094,2026-01-31 20:58:49,104.68,Sydney,5.9,DEV_094,Online,Luxury,0
TXN_007459,USR_0022,2026-03-17 21:58:31,1266.98,Paris,4617.94,DEV_045,ATM,Gaming,1
TXN_007460,USR_0073,2026-03-06 07:16:14,80.83,London,1.78,DEV_073,ATM,Luxury,0
TXN_007461,USR_0098,2026-03-08 05:55:10,85.37,Tokyo,3.6,DEV_098,Online,Utilities,0
TXN_007462,USR_0050,2026-02-10 19:39:11,124.8,Tokyo,3.76,DEV_050,POS,Gaming,0
TXN_007463,USR_0054,2026-02-07 22:00:11,109.13,Sydney,3.68,DEV_094,POS,Electronics,0
TXN_007464,USR_0071,2026-02-27 20:47:39,22.75,Toronto,3.55,DEV_071,Online,Electronics,0
TXN_007465,USR_0079,2026-03-02 04:24:06,159.19,Toronto,3.82,DEV_079,POS,Luxury,0
TXN_007466,USR_0099,2026-03-04 08:22:17,10.61,Mumbai,1.86,DEV_099,Online,Transfer,0
TXN_007467,USR_0038,2026-03-29 18:21:58,36.28,Sydney,14.11,DEV_038,POS,Travel,0
TXN_007468,USR_0028,2026-02-15 07:14:01,77.57,Berlin,7.95,DEV_028,POS,Gaming,0
TXN_007469,USR_0001,2026-02-22 22:38:09,166.5,London,5.46,DEV_001,Online,Luxury,0
TXN_007470,USR_0030,2026-03-11 09:41:51,62.18,Sydney,1.56,DEV_030,Online,Grocery,0
TXN_007471,USR_0037,2026-01-04 03:20:10,13.6,Berlin,0.45,DEV_073,ATM,Electronics,0
TXN_007472,USR_0040,2026-01-17 04:27:17,224.4,Tokyo,1.07,DEV_040,POS,Electronics,0
TXN_007473,USR_0055,2026-03-10 19:11:06,133.83,Toronto,1.06,DEV_055,POS,Electronics,0
TXN_007474,USR_0008,2026-02-09 20:49:42,246.19,New York,7.05,DEV_008,POS,Utilities,0
TXN_007475,USR_0044,2026-03-03 05:51:26,142.58,Paris,7.62,DEV_044,Online,Gaming,0
TXN_007476,USR_0020,2026-02-02 00:33:29,97.85,Paris,8.28,DEV_020,Online,Electronics,0
TXN_007477,USR_0041,2026-03-10 02:27:35,1426.12,Tokyo,2345.7,DEV_103,ATM,Electronics,1
TXN_007478,USR_0088,2026-02-23 14:44:24,89.29,Mumbai,0.44,DEV_088,POS,Grocery,0
TXN_007479,USR_0068,2026-03-05 10:58:56,124.88,Paris,1.12,DEV_127,Online,Transfer,0
TXN_007480,USR_0034,2026-03-09 18:45:01,1058.78,Mumbai,3792.39,DEV_115,Wire Transfer,Transfer,1
TXN_007481,USR_0086,2026-01-17 06:46:34,20.85,Sydney,1.07,DEV_086,Online,Grocery,0
TXN_007482,USR_0008,2026-01-14 11:06:06,145.26,New York,7.16,DEV_008,Online,Grocery,0
TXN_007483,USR_0032,2026-03-15 01:24:38,107.26,London,4.19,DEV_032,Online,Grocery,0
TXN_007484,USR_0009,2026-02-20 20:45:46,21.42,London,7.0,DEV_009,Online,Luxury,0
TXN_007485,USR_0041,2026-02-06 15:09:41,115.01,London,9.61,DEV_041,Wire Transfer,Electronics,0
TXN_007486,USR_0077,2026-02-21 20:30:09,85.51,Berlin,5.18,DEV_077,POS,Grocery,0
TXN_007487,USR_0079,2026-01-23 09:14:26,145.3,Toronto,1.09,DEV_079,ATM,Electronics,0
TXN_007488,USR_0075,2026-03-20 13:38:23,39.08,Mumbai,2.71,DEV_075,ATM,Luxury,0
TXN_007489,USR_0062,2026-01-13 00:54:45,33.83,Sydney,0.21,DEV_062,Online,Electronics,0
TXN_007490,USR_0012,2026-01-20 13:41:26,29.01,Paris,0.44,DEV_012,Online,Electronics,0
TXN_007491,USR_0044,2026-03-08 02:01:54,231.77,London,14.11,DEV_044,Online,Utilities,0
TXN_007492,USR_0094,2026-02-20 19:17:43,31.32,Sydney,16.76,DEV_143,Online,Gaming,0
TXN_007493,USR_0080,2026-01-08 23:10:12,89.73,New York,5.2,DEV_080,Online,Transfer,0
TXN_007494,USR_0056,2026-03-13 02:22:49,15.37,New York,5.04,DEV_056,Online,Luxury,0
TXN_007495,USR_0061,2026-02-21 02:56:30,61.9,Berlin,3.49,DEV_061,Online,Luxury,0
TXN_007496,USR_0027,2026-02-17 16:27:44,18.44,Mumbai,15.97,DEV_027,POS,Grocery,0
TXN_007497,USR_0026,2026-02-18 07:37:59,88.54,Tokyo,14.33,DEV_026,ATM,Luxury,0
TXN_007498,USR_0064,2026-02-18 15:08:32,65.62,New York,2.29,DEV_064,Wire Transfer,Gaming,0
TXN_007499,USR_0019,2026-01-29 22:34:09,73.12,Mumbai,3.75,DEV_019,Online,Electronics,0
TXN_007500,USR_0034,2026-03-09 14:53:34,60.59,Tokyo,1.95,DEV_034,Online,Transfer,0
TXN_007501,USR_0083,2026-01-09 18:21:58,46.63,Mumbai,4.65,DEV_083,Online,Utilities,0
TXN_007502,USR_0004,2026-03-27 14:09:48,63.8,Paris,9.78,DEV_004,ATM,Grocery,0
TXN_007503,USR_0053,2026-03-04 01:15:59,83.12,Berlin,5.71,DEV_053,ATM,Utilities,0
TXN_007504,USR_0012,2026-03-15 08:20:13,69.59,Paris,5.17,DEV_012,ATM,Luxury,0
TXN_007505,USR_0043,2026-03-07 17:53:36,12.53,Mumbai,11.52,DEV_043,Online,Grocery,0
TXN_007506,USR_0090,2026-01-13 11:01:07,77.84,Tokyo,3.11,DEV_064,Wire Transfer,Travel,0
TXN_007507,USR_0023,2026-02-22 13:00:25,17.79,Toronto,3.88,DEV_023,Online,Luxury,0
TXN_007508,USR_0100,2026-02-25 03:58:21,41.14,Paris,3.91,DEV_100,POS,Electronics,0
TXN_007509,USR_0035,2026-03-31 06:48:01,27.48,Mumbai,0.59,DEV_035,POS,Luxury,0
TXN_007510,USR_0030,2026-03-11 06:31:12,16.08,Sydney,3.02,DEV_098,POS,Transfer,0
TXN_007511,USR_0017,2026-01-04 16:23:16,60.71,Mumbai,1.81,DEV_017,POS,Luxury,0
TXN_007512,USR_0033,2026-02-24 07:05:10,32.31,London,2.25,DEV_033,Wire Transfer,Luxury,0
TXN_007513,USR_0090,2026-03-09 18:29:07,17.39,Tokyo,4.67,DEV_090,POS,Grocery,0
TXN_007514,USR_0070,2026-03-30 17:20:55,401.82,Berlin,4693.79,DEV_136,ATM,Luxury,1
TXN_007515,USR_0071,2026-01-15 17:19:55,39.29,Toronto,6.15,DEV_071,ATM,Luxury,0
TXN_007516,USR_0006,2026-03-03 14:49:50,100.33,Mumbai,15.05,DEV_006,POS,Gaming,0
TXN_007517,USR_0070,2026-01-09 21:15:38,104.45,Sydney,3.24,DEV_070,POS,Gaming,0
TXN_007518,USR_0077,2026-02-03 17:04:38,54.96,Berlin,6.83,DEV_081,Online,Travel,0
TXN_007519,USR_0028,2026-01-01 18:57:11,22.69,Paris,10.9,DEV_028,Online,Utilities,0
TXN_007520,USR_0068,2026-02-08 03:03:18,34.6,Paris,2.3,DEV_056,POS,Gaming,0
TXN_007521,USR_0051,2026-02-25 10:10:23,56.04,Mumbai,0.44,DEV_057,ATM,Grocery,0
TXN_007522,USR_0033,2026-01-16 01:12:59,260.95,London,1.18,DEV_033,Online,Utilities,0
TXN_007523,USR_0050,2026-03-13 02:04:34,86.18,Sydney,10.85,DEV_050,POS,Electronics,0
TXN_007524,USR_0008,2026-03-18 17:50:20,42.93,New York,25.38,DEV_008,Online,Travel,0
TXN_007525,USR_0026,2026-02-06 08:48:09,109.91,Tokyo,1.61,DEV_118,POS,Grocery,0
TXN_007526,USR_0017,2026-03-12 17:44:35,200.97,London,6.78,DEV_017,Online,Luxury,0
TXN_007527,USR_0054,2026-02-28 14:48:19,14.24,Sydney,0.96,DEV_054,ATM,Utilities,0
TXN_007528,USR_0078,2026-02-13 20:33:06,35.12,Sydney,2.58,DEV_115,ATM,Gaming,0
TXN_007529,USR_0048,2026-02-20 04:21:35,36.87,New York,0.74,DEV_137,POS,Electronics,0
TXN_007530,USR_0092,2026-02-26 09:06:25,36.68,Paris,11.2,DEV_092,Online,Utilities,0
TXN_007531,USR_0065,2026-03-08 10:15:44,49.74,London,1.21,DEV_065,POS,Luxury,0
TXN_007532,USR_0036,2026-02-04 04:24:36,41.37,Paris,3.98,DEV_036,Online,Utilities,0
TXN_007533,USR_0080,2026-03-31 01:42:02,32.05,New York,13.11,DEV_080,Online,Grocery,0
TXN_007534,USR_0012,2026-03-12 06:23:40,53.87,Paris,1.7,DEV_012,POS,Transfer,0
TXN_007535,USR_0075,2026-01-07 10:42:11,70.49,Mumbai,0.7,DEV_075,Wire Transfer,Travel,0
TXN_007536,USR_0010,2026-03-29 08:31:01,26.75,Tokyo,1.04,DEV_119,POS,Travel,0
TXN_007537,USR_0031,2026-01-17 15:24:26,137.22,Toronto,18.1,DEV_127,POS,Travel,0
TXN_007538,USR_0077,2026-03-08 02:12:49,88.46,Berlin,1.22,DEV_077,Online,Utilities,0
TXN_007539,USR_0040,2026-01-26 21:35:01,243.6,New York,7.16,DEV_040,Online,Utilities,0
TXN_007540,USR_0053,2026-03-12 10:14:18,86.2,Berlin,8.27,DEV_053,POS,Grocery,0
TXN_007541,USR_0008,2026-03-21 13:38:21,145.0,New York,3.0,DEV_008,Online,Electronics,0
TXN_007542,USR_0070,2026-02-08 21:22:23,98.73,Sydney,3.95,DEV_070,POS,Gaming,0
TXN_007543,USR_0080,2026-02-19 19:07:06,11.56,New York,1.16,DEV_080,POS,Transfer,0
TXN_007544,USR_0008,2026-02-16 21:09:05,16.46,New York,1.56,DEV_008,ATM,Gaming,0
TXN_007545,USR_0056,2026-03-21 07:09:24,40.87,New York,0.07,DEV_056,ATM,Transfer,0
TXN_007546,USR_0095,2026-03-05 06:43:23,53.09,Toronto,1.52,DEV_095,POS,Utilities,0
TXN_007547,USR_0025,2026-01-30 12:12:14,33.89,Sydney,21.2,DEV_025,ATM,Electronics,0
TXN_007548,USR_0071,2026-02-05 14:06:12,174.41,Toronto,0.74,DEV_071,POS,Gaming,0
TXN_007549,USR_0076,2026-03-26 06:44:23,37.4,Paris,14.61,DEV_076,Online,Grocery,0
TXN_007550,USR_0063,2026-01-13 05:06:35,50.28,Toronto,0.41,DEV_019,Online,Transfer,0
TXN_007551,USR_0009,2026-02-20 07:32:48,40.31,London,6.44,DEV_009,POS,Utilities,0
TXN_007552,USR_0044,2026-03-30 19:56:24,185.19,Paris,6.89,DEV_044,POS,Transfer,0
TXN_007553,USR_0044,2026-02-22 11:11:29,18.33,Tokyo,0.54,DEV_044,POS,Luxury,0
TXN_007554,USR_0084,2026-01-14 09:40:11,11.83,Paris,9.83,DEV_084,POS,Luxury,0
TXN_007555,USR_0023,2026-01-21 11:22:37,37.2,Toronto,12.51,DEV_023,Online,Grocery,0
TXN_007556,USR_0063,2026-03-20 20:47:50,23.11,Toronto,1.49,DEV_063,POS,Travel,0
TXN_007557,USR_0082,2026-01-03 07:17:48,16.43,Tokyo,2.98,DEV_022,POS,Utilities,0
TXN_007558,USR_0054,2026-03-31 06:12:34,74.66,Sydney,0.46,DEV_054,Online,Travel,0
TXN_007559,USR_0064,2026-02-06 20:29:34,32.58,New York,0.16,DEV_064,POS,Travel,0
TXN_007560,USR_0096,2026-01-28 19:48:12,38.9,New York,10.72,DEV_096,Online,Luxury,0
TXN_007561,USR_0051,2026-01-04 06:44:42,1540.78,New York,3404.59,DEV_055,Online,Gaming,1
TXN_007562,USR_0002,2026-01-27 07:31:55,294.45,Tokyo,0.18,DEV_002,Online,Transfer,0
TXN_007563,USR_0031,2026-01-22 22:34:28,113.2,Toronto,9.72,DEV_031,POS,Utilities,0
TXN_007564,USR_0028,2026-01-28 15:12:34,48.87,Paris,2.48,DEV_028,Online,Transfer,0
TXN_007565,USR_0008,2026-02-20 13:44:29,152.37,New York,15.77,DEV_113,POS,Luxury,0
TXN_007566,USR_0092,2026-03-04 11:55:07,34.73,Paris,1.74,DEV_092,Online,Gaming,0
TXN_007567,USR_0011,2026-01-20 21:21:24,16.55,Mumbai,3.41,DEV_011,Online,Luxury,0
TXN_007568,USR_0094,2026-01-30 16:26:35,30.78,Sydney,2.0,DEV_094,POS,Luxury,0
TXN_007569,USR_0013,2026-02-09 18:55:30,157.07,Berlin,6.78,DEV_013,Online,Travel,0
TXN_007570,USR_0023,2026-03-29 02:19:38,17.49,Toronto,0.9,DEV_023,POS,Travel,0
TXN_007571,USR_0077,2026-02-25 16:51:52,64.46,Berlin,6.66,DEV_077,Wire Transfer,Travel,0
TXN_007572,USR_0084,2026-01-26 19:16:22,53.61,Paris,1.05,DEV_084,POS,Electronics,0
TXN_007573,USR_0047,2026-03-17 08:03:22,14.79,London,12.73,DEV_047,ATM,Luxury,0
TXN_007574,USR_0062,2026-01-10 22:03:51,34.44,Sydney,3.0,DEV_062,ATM,Gaming,0
TXN_007575,USR_0099,2026-01-12 15:59:15,45.63,Mumbai,11.18,DEV_099,POS,Grocery,0
TXN_007576,USR_0084,2026-03-31 08:34:56,23.99,Paris,0.35,DEV_084,ATM,Transfer,0
TXN_007577,USR_0082,2026-03-21 17:59:28,72.78,Tokyo,14.54,DEV_082,Online,Gaming,0
TXN_007578,USR_0088,2026-01-10 23:58:23,11.67,New York,0.33,DEV_088,Online,Travel,0
TXN_007579,USR_0041,2026-01-15 06:56:52,58.55,London,1.15,DEV_041,Online,Utilities,0
TXN_007580,USR_0100,2026-02-04 04:54:43,79.8,Toronto,9.98,DEV_100,POS,Luxury,0
TXN_007581,USR_0019,2026-03-10 11:03:11,46.34,Mumbai,2.76,DEV_032,ATM,Electronics,0
TXN_007582,USR_0054,2026-02-24 20:33:19,50.48,London,0.62,DEV_054,ATM,Electronics,0
TXN_007583,USR_0059,2026-03-07 19:31:36,31.27,Mumbai,0.02,DEV_059,POS,Utilities,0
TXN_007584,USR_0053,2026-01-25 15:21:03,82.15,Berlin,3.05,DEV_053,ATM,Grocery,0
TXN_007585,USR_0099,2026-03-01 04:22:39,47.7,Mumbai,9.33,DEV_099,ATM,Transfer,0
TXN_007586,USR_0054,2026-02-10 05:15:42,87.11,Sydney,5.46,DEV_054,Online,Luxury,0
TXN_007587,USR_0062,2026-02-12 02:36:38,22.45,London,0.15,DEV_062,POS,Luxury,0
TXN_007588,USR_0038,2026-01-25 14:06:49,43.66,Tokyo,1.07,DEV_038,POS,Electronics,0
TXN_007589,USR_0017,2026-01-17 23:31:22,39.34,London,8.66,DEV_017,Online,Grocery,0
TXN_007590,USR_0087,2026-02-02 18:28:31,67.46,Toronto,4.06,DEV_087,Online,Luxury,0
TXN_007591,USR_0054,2026-03-19 09:53:54,112.67,Sydney,6.73,DEV_031,Online,Grocery,0
TXN_007592,USR_0006,2026-02-12 18:27:06,11.47,Sydney,5.18,DEV_006,Online,Utilities,0
TXN_007593,USR_0053,2026-03-21 02:46:31,108.6,Berlin,6.33,DEV_018,Online,Transfer,0
TXN_007594,USR_0005,2026-02-17 20:12:50,13.41,Berlin,16.72,DEV_005,Online,Travel,0
TXN_007595,USR_0042,2026-01-30 02:46:58,72.57,Tokyo,7.83,DEV_042,POS,Gaming,0
TXN_007596,USR_0035,2026-01-24 22:41:17,119.17,Mumbai,1.56,DEV_127,POS,Travel,0
TXN_007597,USR_0048,2026-01-26 03:11:45,45.62,New York,7.79,DEV_048,Online,Travel,0
TXN_007598,USR_0032,2026-02-06 07:06:48,104.47,New York,20.56,DEV_032,ATM,Luxury,0
TXN_007599,USR_0050,2026-03-22 02:53:05,242.26,Tokyo,10.68,DEV_050,POS,Electronics,0
TXN_007600,USR_0072,2026-03-30 22:10:29,705.45,Tokyo,287.46,DEV_148,Online,Electronics,1
TXN_007601,USR_0077,2026-02-25 06:18:31,25.64,Berlin,1.15,DEV_077,Online,Electronics,0
TXN_007602,USR_0004,2026-01-12 19:45:02,115.92,Sydney,8.92,DEV_004,POS,Travel,0
TXN_007603,USR_0071,2026-03-29 17:55:16,55.27,Toronto,0.82,DEV_071,Online,Transfer,0
TXN_007604,USR_0071,2026-02-09 02:26:17,22.64,Toronto,3.28,DEV_071,ATM,Utilities,0
TXN_007605,USR_0010,2026-01-04 21:48:01,22.61,Tokyo,10.94,DEV_010,Online,Utilities,0
TXN_007606,USR_0060,2026-01-11 21:38:21,58.41,Paris,0.98,DEV_060,POS,Luxury,0
TXN_007607,USR_0018,2026-01-23 13:21:39,27.71,Tokyo,12.45,DEV_018,Online,Gaming,0
TXN_007608,USR_0065,2026-01-12 21:53:52,16.34,London,3.0,DEV_065,Wire Transfer,Utilities,0
TXN_007609,USR_0079,2026-01-02 18:21:04,87.08,Toronto,7.57,DEV_079,Online,Luxury,0
TXN_007610,USR_0098,2026-01-06 21:57:26,18.95,Tokyo,1.9,DEV_098,Wire Transfer,Gaming,0
TXN_007611,USR_0071,2026-01-01 01:31:56,33.62,Toronto,2.62,DEV_071,ATM,Utilities,0
TXN_007612,USR_0079,2026-01-06 18:40:02,111.62,Toronto,7.38,DEV_079,Online,Gaming,0
TXN_007613,USR_0040,2026-03-22 03:33:54,39.76,New York,3.91,DEV_040,POS,Transfer,0
TXN_007614,USR_0041,2026-02-05 03:44:05,117.03,London,2.67,DEV_041,POS,Electronics,0
TXN_007615,USR_0032,2026-02-21 07:27:45,41.33,New York,2.61,DEV_032,Online,Gaming,0
TXN_007616,USR_0016,2026-01-18 19:03:42,22.2,New York,0.78,DEV_016,Online,Travel,0
TXN_007617,USR_0058,2026-01-22 02:47:34,37.74,Tokyo,1.2,DEV_058,Online,Travel,0
TXN_007618,USR_0023,2026-01-07 19:17:12,81.78,Toronto,0.13,DEV_023,Online,Utilities,0
TXN_007619,USR_0076,2026-01-16 10:11:12,31.85,Paris,7.0,DEV_076,Online,Transfer,0
TXN_007620,USR_0069,2026-01-18 08:02:06,73.16,Berlin,1.86,DEV_069,Online,Travel,0
TXN_007621,USR_0014,2026-01-15 21:56:21,57.93,Sydney,10.02,DEV_014,Online,Gaming,0
TXN_007622,USR_0018,2026-01-24 01:22:44,112.03,Tokyo,2.43,DEV_018,Online,Transfer,0
TXN_007623,USR_0070,2026-03-03 01:07:31,93.69,Sydney,3.58,DEV_070,POS,Grocery,0
TXN_007624,USR_0096,2026-02-20 06:54:10,45.9,New York,0.9,DEV_096,ATM,Gaming,0
TXN_007625,USR_0002,2026-02-18 23:30:46,159.81,Tokyo,0.12,DEV_002,ATM,Utilities,0
TXN_007626,USR_0074,2026-01-12 00:43:44,66.18,Tokyo,1.89,DEV_074,ATM,Transfer,0
TXN_007627,USR_0026,2026-01-27 08:31:13,15.7,Tokyo,3.8,DEV_026,POS,Travel,0
TXN_007628,USR_0058,2026-02-23 19:42:31,108.65,Tokyo,4.01,DEV_058,Online,Utilities,0
TXN_007629,USR_0028,2026-01-30 17:59:13,30.09,Paris,28.52,DEV_028,ATM,Grocery,0
TXN_007630,USR_0054,2026-03-13 07:46:54,39.84,Berlin,1.11,DEV_054,POS,Gaming,0
TXN_007631,USR_0026,2026-02-08 13:25:14,105.49,Tokyo,3.52,DEV_026,POS,Luxury,0
TXN_007632,USR_0025,2026-02-15 09:23:42,72.93,London,1.34,DEV_131,ATM,Gaming,0
TXN_007633,USR_0065,2026-03-23 20:58:25,41.07,London,0.05,DEV_065,POS,Gaming,0
TXN_007634,USR_0068,2026-03-07 12:09:26,44.8,Paris,11.28,DEV_016,Online,Grocery,0
TXN_007635,USR_0084,2026-03-31 07:49:19,127.08,Paris,2.44,DEV_084,POS,Electronics,0
TXN_007636,USR_0035,2026-03-07 09:01:46,133.48,Mumbai,1.44,DEV_035,ATM,Electronics,0
TXN_007637,USR_0013,2026-01-14 14:33:59,150.19,Berlin,2.01,DEV_013,ATM,Utilities,0
TXN_007638,USR_0036,2026-03-30 10:54:04,66.1,Sydney,2.58,DEV_036,Wire Transfer,Luxury,0
TXN_007639,USR_0077,2026-02-06 06:23:31,11.07,Berlin,8.45,DEV_077,Online,Gaming,0
TXN_007640,USR_0006,2026-03-29 16:07:34,21.41,Sydney,7.94,DEV_006,Online,Luxury,0
TXN_007641,USR_0069,2026-01-17 18:40:44,14.16,Berlin,3.79,DEV_069,POS,Utilities,0
TXN_007642,USR_0093,2026-01-08 04:14:29,49.9,Berlin,1.82,DEV_093,POS,Gaming,0
TXN_007643,USR_0040,2026-01-21 20:06:37,31.1,New York,2.57,DEV_075,Online,Utilities,0
TXN_007644,USR_0005,2026-01-15 19:53:55,51.93,Berlin,1.21,DEV_108,POS,Luxury,0
TXN_007645,USR_0026,2026-02-05 01:40:27,69.64,Tokyo,2.7,DEV_026,Online,Electronics,0
TXN_007646,USR_0027,2026-01-08 02:38:01,294.74,Mumbai,0.24,DEV_027,POS,Utilities,0
TXN_007647,USR_0093,2026-02-19 23:06:30,139.7,Berlin,2.32,DEV_093,Online,Luxury,0
TXN_007648,USR_0098,2026-02-22 07:26:38,211.72,Berlin,9.89,DEV_098,POS,Gaming,0
TXN_007649,USR_0042,2026-02-26 10:59:24,293.66,Tokyo,12.84,DEV_042,ATM,Utilities,0
TXN_007650,USR_0081,2026-03-14 15:50:01,25.52,London,2.06,DEV_081,Online,Luxury,0
TXN_007651,USR_0049,2026-01-09 06:30:49,120.51,London,2.68,DEV_049,ATM,Gaming,0
TXN_007652,USR_0029,2026-01-13 12:40:17,24.64,Berlin,2.54,DEV_029,Online,Gaming,0
TXN_007653,USR_0083,2026-01-16 22:47:55,76.5,Mumbai,5.18,DEV_083,Online,Transfer,0
TXN_007654,USR_0085,2026-02-21 19:22:26,88.37,Berlin,1.33,DEV_085,ATM,Gaming,0
TXN_007655,USR_0091,2026-02-24 15:40:50,124.22,Mumbai,1.21,DEV_091,Online,Electronics,0
TXN_007656,USR_0076,2026-01-29 01:03:33,30.64,Paris,0.17,DEV_089,ATM,Transfer,0
TXN_007657,USR_0038,2026-03-07 12:13:12,22.12,Sydney,3.83,DEV_038,Online,Transfer,0
TXN_007658,USR_0060,2026-01-24 23:55:38,17.12,Paris,18.15,DEV_060,Online,Luxury,0
TXN_007659,USR_0082,2026-01-27 17:09:27,75.82,Tokyo,1.76,DEV_082,ATM,Transfer,0
TXN_007660,USR_0095,2026-01-23 20:34:12,34.94,Toronto,5.73,DEV_095,Online,Electronics,0
TXN_007661,USR_0096,2026-01-23 16:06:52,152.46,New York,1.05,DEV_096,Online,Luxury,0
TXN_007662,USR_0054,2026-03-08 23:48:26,43.94,Sydney,5.58,DEV_054,ATM,Electronics,0
TXN_007663,USR_0006,2026-01-11 18:35:44,38.14,Sydney,6.59,DEV_006,POS,Luxury,0
TXN_007664,USR_0082,2026-03-15 16:55:07,163.42,Tokyo,4.6,DEV_082,Online,Transfer,0
TXN_007665,USR_0004,2026-01-08 18:20:09,33.95,Paris,2.75,DEV_004,Online,Utilities,0
TXN_007666,USR_0092,2026-02-15 12:10:13,82.04,Paris,1.55,DEV_092,Online,Transfer,0
TXN_007667,USR_0021,2026-02-17 21:01:41,38.87,Berlin,0.85,DEV_021,POS,Gaming,0
TXN_007668,USR_0082,2026-03-26 18:36:36,12.39,Tokyo,0.81,DEV_082,POS,Grocery,0
TXN_007669,USR_0031,2026-03-12 10:40:32,21.45,Berlin,6.79,DEV_031,ATM,Gaming,0
TXN_007670,USR_0094,2026-03-26 00:56:46,28.63,London,2.73,DEV_094,Online,Transfer,0
TXN_007671,USR_0075,2026-02-28 05:15:37,279.26,Mumbai,3.95,DEV_075,POS,Travel,0
TXN_007672,USR_0093,2026-03-28 05:39:11,23.5,Berlin,7.87,DEV_093,Online,Utilities,0
TXN_007673,USR_0096,2026-03-23 18:19:10,67.7,New York,12.65,DEV_096,POS,Gaming,0
TXN_007674,USR_0080,2026-02-09 02:58:01,1292.83,Sydney,4437.86,DEV_034,Wire Transfer,Luxury,1
TXN_007675,USR_0065,2026-03-28 16:23:11,67.58,London,3.52,DEV_065,POS,Luxury,0
TXN_007676,USR_0039,2026-01-23 19:09:24,68.94,Toronto,20.64,DEV_039,ATM,Luxury,0
TXN_007677,USR_0045,2026-03-19 20:01:34,71.94,Berlin,0.71,DEV_045,ATM,Travel,0
TXN_007678,USR_0092,2026-03-23 16:11:00,108.91,Berlin,1.12,DEV_092,ATM,Electronics,0
TXN_007679,USR_0063,2026-01-22 19:01:05,63.88,Toronto,7.41,DEV_063,ATM,Transfer,0
TXN_007680,USR_0034,2026-02-21 09:23:32,51.47,Tokyo,17.98,DEV_034,POS,Travel,0
TXN_007681,USR_0089,2026-02-08 18:09:16,78.1,London,16.73,DEV_030,Online,Utilities,0
TXN_007682,USR_0030,2026-02-16 05:39:02,45.05,Sydney,5.76,DEV_030,POS,Gaming,0
TXN_007683,USR_0079,2026-01-15 18:44:28,28.66,Toronto,10.32,DEV_035,Online,Travel,0
TXN_007684,USR_0034,2026-03-03 03:07:51,41.54,Tokyo,2.53,DEV_034,ATM,Grocery,0
TXN_007685,USR_0097,2026-01-12 04:27:34,41.85,London,0.32,DEV_063,Online,Grocery,0
TXN_007686,USR_0040,2026-01-04 11:02:52,159.23,London,7.28,DEV_103,POS,Electronics,0
TXN_007687,USR_0094,2026-03-26 14:51:18,24.28,Sydney,17.68,DEV_094,Online,Luxury,0
TXN_007688,USR_0014,2026-03-10 03:54:25,66.82,Sydney,0.25,DEV_014,POS,Transfer,0
TXN_007689,USR_0036,2026-01-29 04:46:20,36.52,Paris,5.56,DEV_036,Wire Transfer,Electronics,0
TXN_007690,USR_0077,2026-01-27 14:48:01,36.14,Berlin,1.49,DEV_077,Online,Travel,0
TXN_007691,USR_0077,2026-02-23 22:50:47,71.79,Berlin,6.79,DEV_077,POS,Electronics,0
TXN_007692,USR_0002,2026-03-06 01:59:11,129.47,Tokyo,3.88,DEV_002,Online,Transfer,0
TXN_007693,USR_0045,2026-02-01 07:08:48,18.42,Berlin,5.4,DEV_045,POS,Gaming,0
TXN_007694,USR_0049,2026-03-24 09:14:52,42.55,London,3.68,DEV_049,Online,Travel,0
TXN_007695,USR_0008,2026-01-11 15:37:27,34.12,New York,0.98,DEV_008,Wire Transfer,Gaming,0
TXN_007696,USR_0095,2026-03-18 09:58:20,113.14,Toronto,10.33,DEV_063,Online,Transfer,0
TXN_007697,USR_0058,2026-02-13 14:08:54,45.09,Tokyo,0.41,DEV_109,POS,Transfer,0
TXN_007698,USR_0072,2026-01-31 13:43:32,84.59,Sydney,5.25,DEV_072,Online,Transfer,0
TXN_007699,USR_0081,2026-01-09 18:36:34,12.11,London,7.61,DEV_081,POS,Grocery,0
TXN_007700,USR_0010,2026-01-10 03:47:40,61.39,Tokyo,0.46,DEV_010,Wire Transfer,Travel,0
TXN_007701,USR_0049,2026-02-11 03:41:42,17.99,London,4.72,DEV_049,Online,Electronics,0
TXN_007702,USR_0019,2026-01-11 22:00:49,42.27,Mumbai,7.18,DEV_019,Online,Grocery,0
TXN_007703,USR_0022,2026-02-08 19:25:43,18.62,Sydney,0.24,DEV_022,POS,Electronics,0
TXN_007704,USR_0048,2026-02-05 04:38:50,23.25,New York,1.71,DEV_048,Online,Transfer,0
TXN_007705,USR_0094,2026-02-27 08:38:48,264.12,Sydney,0.58,DEV_094,ATM,Grocery,0
TXN_007706,USR_0076,2026-02-08 14:30:14,259.81,Paris,0.15,DEV_076,POS,Gaming,0
TXN_007707,USR_0017,2026-02-10 02:33:16,70.31,London,4.09,DEV_017,Online,Travel,0
TXN_007708,USR_0041,2026-02-19 01:10:18,113.84,London,3.83,DEV_041,Online,Transfer,0
TXN_007709,USR_0087,2026-01-07 10:47:09,49.71,Toronto,13.23,DEV_087,Online,Electronics,0
TXN_007710,USR_0007,2026-03-11 06:22:13,78.76,Toronto,6.26,DEV_007,Online,Travel,0
TXN_007711,USR_0077,2026-01-20 17:28:24,77.42,Berlin,12.58,DEV_077,POS,Travel,0
TXN_007712,USR_0030,2026-01-27 13:52:23,61.16,Sydney,2.45,DEV_030,POS,Travel,0
TXN_007713,USR_0028,2026-03-23 19:41:47,111.74,Paris,1.65,DEV_028,POS,Grocery,0
TXN_007714,USR_0088,2026-01-31 19:13:34,159.47,New York,3.92,DEV_005,POS,Electronics,0
TXN_007715,USR_0082,2026-01-27 07:07:54,106.13,Tokyo,11.14,DEV_082,Wire Transfer,Transfer,0
TXN_007716,USR_0040,2026-03-14 13:42:37,23.9,New York,3.12,DEV_040,Online,Transfer,0
TXN_007717,USR_0006,2026-03-26 12:04:23,42.82,Sydney,7.48,DEV_006,ATM,Utilities,0
TXN_007718,USR_0083,2026-01-11 04:29:51,52.21,Mumbai,1.71,DEV_135,POS,Transfer,0
TXN_007719,USR_0049,2026-02-12 10:28:48,97.49,London,0.07,DEV_049,POS,Grocery,0
TXN_007720,USR_0022,2026-02-23 23:27:10,31.46,Sydney,2.43,DEV_022,ATM,Grocery,0
TXN_007721,USR_0004,2026-02-08 06:58:45,38.61,Paris,3.12,DEV_004,POS,Travel,0
TXN_007722,USR_0021,2026-02-28 15:27:58,19.47,Berlin,10.58,DEV_021,Online,Luxury,0
TXN_007723,USR_0006,2026-01-29 13:02:34,25.76,New York,6.08,DEV_006,POS,Utilities,0
TXN_007724,USR_0096,2026-02-14 11:19:46,20.97,New York,4.56,DEV_030,Online,Luxury,0
TXN_007725,USR_0049,2026-02-28 16:50:27,60.2,London,3.0,DEV_049,ATM,Transfer,0
TXN_007726,USR_0068,2026-03-30 03:55:26,397.61,Paris,5.36,DEV_068,Online,Transfer,0
TXN_007727,USR_0060,2026-02-05 21:18:16,20.49,Paris,2.51,DEV_060,Online,Utilities,0
TXN_007728,USR_0017,2026-03-19 16:06:21,17.76,London,13.16,DEV_017,Online,Transfer,0
TXN_007729,USR_0016,2026-03-07 14:44:32,42.48,Mumbai,4.44,DEV_016,Online,Luxury,0
TXN_007730,USR_0007,2026-02-16 22:58:29,37.54,Toronto,5.91,DEV_007,Online,Luxury,0
TXN_007731,USR_0071,2026-01-17 05:11:46,72.38,Berlin,0.55,DEV_071,Wire Transfer,Electronics,0
TXN_007732,USR_0096,2026-03-06 21:24:15,37.75,New York,2.81,DEV_096,ATM,Utilities,0
TXN_007733,USR_0051,2026-01-24 17:31:54,134.94,Mumbai,9.73,DEV_051,Online,Grocery,0
TXN_007734,USR_0017,2026-02-04 06:08:02,51.24,London,1.77,DEV_017,ATM,Utilities,0
TXN_007735,USR_0023,2026-03-04 09:44:54,156.22,Toronto,1.31,DEV_108,Online,Electronics,0
TXN_007736,USR_0034,2026-01-02 05:42:19,102.58,Tokyo,1.48,DEV_034,POS,Travel,0
TXN_007737,USR_0025,2026-03-07 21:22:07,70.27,London,9.68,DEV_025,POS,Utilities,0
TXN_007738,USR_0074,2026-01-26 07:51:19,64.17,Tokyo,1.1,DEV_074,Online,Travel,0
TXN_007739,USR_0006,2026-01-01 15:54:56,82.93,Sydney,7.62,DEV_089,Online,Travel,0
TXN_007740,USR_0041,2026-02-18 19:10:55,684.11,Sydney,1046.46,DEV_045,ATM,Gaming,1
TXN_007741,USR_0024,2026-02-02 17:43:20,756.86,London,321.87,DEV_129,Wire Transfer,Transfer,1
TXN_007742,USR_0045,2026-01-06 01:32:14,132.54,Berlin,4.27,DEV_045,Online,Electronics,0
TXN_007743,USR_0011,2026-02-12 14:08:49,69.27,Mumbai,0.44,DEV_011,Online,Gaming,0
TXN_007744,USR_0053,2026-03-09 11:32:55,44.77,Berlin,10.52,DEV_053,Online,Gaming,0
TXN_007745,USR_0044,2026-03-03 06:23:41,10.17,Paris,0.41,DEV_044,Online,Transfer,0
TXN_007746,USR_0068,2026-02-23 04:58:32,42.09,Paris,5.91,DEV_068,POS,Electronics,0
TXN_007747,USR_0045,2026-01-22 17:11:11,21.31,Berlin,2.0,DEV_045,POS,Travel,0
TXN_007748,USR_0075,2026-01-26 09:52:58,27.91,Mumbai,1.92,DEV_075,Online,Utilities,0
TXN_007749,USR_0070,2026-02-17 02:53:34,49.03,Sydney,3.73,DEV_070,ATM,Gaming,0
TXN_007750,USR_0057,2026-03-04 19:36:08,51.83,London,7.54,DEV_057,Online,Electronics,0
TXN_007751,USR_0010,2026-01-19 21:09:01,31.07,Tokyo,5.04,DEV_010,POS,Grocery,0
TXN_007752,USR_0069,2026-01-29 12:55:39,72.9,Berlin,0.68,DEV_069,POS,Grocery,0
TXN_007753,USR_0051,2026-03-11 18:45:42,34.99,Mumbai,16.23,DEV_051,Online,Utilities,0
TXN_007754,USR_0012,2026-01-13 16:29:26,44.88,Paris,10.23,DEV_012,POS,Travel,0
TXN_007755,USR_0040,2026-03-28 06:34:18,175.57,New York,8.14,DEV_097,POS,Electronics,0
TXN_007756,USR_0044,2026-01-03 08:28:03,20.97,Paris,26.99,DEV_044,POS,Gaming,0
TXN_007757,USR_0032,2026-01-23 16:12:22,119.13,New York,2.94,DEV_032,Online,Luxury,0
TXN_007758,USR_0048,2026-03-23 15:36:25,124.9,New York,0.93,DEV_048,POS,Gaming,0
TXN_007759,USR_0018,2026-01-31 10:22:34,37.61,Tokyo,16.82,DEV_018,POS,Electronics,0
TXN_007760,USR_0009,2026-02-08 00:35:31,48.8,London,2.77,DEV_009,POS,Utilities,0
TXN_007761,USR_0037,2026-02-25 05:59:19,43.09,Berlin,7.0,DEV_037,Online,Utilities,0
TXN_007762,USR_0066,2026-01-13 23:43:13,15.18,Tokyo,7.72,DEV_066,Online,Electronics,0
TXN_007763,USR_0100,2026-01-07 04:00:01,172.02,Paris,9.02,DEV_100,POS,Electronics,0
TXN_007764,USR_0069,2026-03-02 18:04:45,20.79,Berlin,3.95,DEV_069,Wire Transfer,Grocery,0
TXN_007765,USR_0076,2026-02-22 14:54:18,30.92,London,2.8,DEV_076,POS,Luxury,0
TXN_007766,USR_0090,2026-02-09 09:29:55,165.4,Tokyo,17.77,DEV_057,Online,Gaming,0
TXN_007767,USR_0079,2026-01-09 01:51:41,175.97,Toronto,17.48,DEV_079,POS,Electronics,0
TXN_007768,USR_0074,2026-01-24 18:23:02,34.36,Tokyo,4.07,DEV_062,POS,Grocery,0
TXN_007769,USR_0094,2026-01-19 18:16:14,57.07,Sydney,19.35,DEV_094,Online,Gaming,0
TXN_007770,USR_0039,2026-01-26 20:27:29,83.69,Toronto,6.22,DEV_092,POS,Travel,0
TXN_007771,USR_0023,2026-03-10 17:35:41,133.2,Toronto,10.42,DEV_023,POS,Grocery,0
TXN_007772,USR_0026,2026-01-02 08:48:45,257.15,Tokyo,0.59,DEV_026,POS,Utilities,0
TXN_007773,USR_0064,2026-02-04 23:11:27,29.25,New York,10.71,DEV_064,Online,Electronics,0
TXN_007774,USR_0043,2026-03-23 15:47:34,94.13,Mumbai,8.5,DEV_043,POS,Grocery,0
TXN_007775,USR_0056,2026-03-23 18:58:02,194.3,New York,1.2,DEV_056,ATM,Grocery,0
TXN_007776,USR_0026,2026-03-27 23:47:11,1789.65,New York,1305.31,DEV_025,ATM,Transfer,1
TXN_007777,USR_0082,2026-01-23 04:09:28,100.04,Tokyo,4.13,DEV_082,POS,Utilities,0
TXN_007778,USR_0034,2026-01-14 10:03:56,64.92,Tokyo,5.17,DEV_034,POS,Travel,0
TXN_007779,USR_0003,2026-03-19 05:41:31,216.93,Mumbai,7.1,DEV_021,Online,Travel,0
TXN_007780,USR_0067,2026-01-05 23:32:52,11.26,Mumbai,3.23,DEV_067,Online,Gaming,0
TXN_007781,USR_0016,2026-02-15 07:57:14,10.43,New York,2.57,DEV_016,Online,Travel,0
TXN_007782,USR_0067,2026-02-12 18:50:44,31.33,Mumbai,1.66,DEV_067,Online,Transfer,0
TXN_007783,USR_0071,2026-02-26 08:52:51,23.06,Toronto,0.74,DEV_147,POS,Grocery,0
TXN_007784,USR_0037,2026-01-12 02:08:51,113.8,Berlin,5.8,DEV_037,ATM,Utilities,0
TXN_007785,USR_0044,2026-01-24 22:26:45,38.13,Paris,4.06,DEV_044,Online,Transfer,0
TXN_007786,USR_0005,2026-01-15 10:54:36,1174.94,London,1604.52,DEV_118,Online,Electronics,1
TXN_007787,USR_0094,2026-02-16 06:51:29,15.27,Sydney,2.52,DEV_094,POS,Electronics,0
TXN_007788,USR_0022,2026-02-18 09:51:45,142.58,Sydney,3.62,DEV_022,Online,Luxury,0
TXN_007789,USR_0056,2026-01-31 13:35:13,496.68,London,4828.96,DEV_116,ATM,Luxury,1
TXN_007790,USR_0094,2026-01-19 20:33:04,65.21,Sydney,2.14,DEV_079,POS,Electronics,0
TXN_007791,USR_0093,2026-01-08 09:48:46,45.49,Berlin,0.39,DEV_093,Online,Utilities,0
TXN_007792,USR_0077,2026-01-25 11:44:39,85.91,Berlin,4.31,DEV_077,Online,Luxury,0
TXN_007793,USR_0025,2026-01-11 02:26:31,16.1,London,6.8,DEV_108,POS,Grocery,0
TXN_007794,USR_0002,2026-03-02 08:38:15,180.16,Tokyo,4.23,DEV_011,Online,Utilities,0
TXN_007795,USR_0097,2026-01-15 06:49:51,20.92,London,5.45,DEV_097,Online,Grocery,0
TXN_007796,USR_0021,2026-01-17 21:55:59,30.12,Berlin,12.77,DEV_041,Online,Luxury,0
TXN_007797,USR_0065,2026-01-13 06:12:37,20.22,Berlin,5.35,DEV_065,Online,Gaming,0
TXN_007798,USR_0092,2026-03-12 17:27:57,38.75,Paris,14.34,DEV_078,POS,Grocery,0
TXN_007799,USR_0091,2026-01-14 09:20:00,74.52,Mumbai,1.79,DEV_091,Online,Travel,0
TXN_007800,USR_0059,2026-01-25 23:21:34,245.49,Mumbai,3.73,DEV_098,POS,Grocery,0
TXN_007801,USR_0066,2026-03-06 21:33:13,24.44,Paris,6.38,DEV_066,POS,Luxury,0
TXN_007802,USR_0004,2026-02-22 13:36:04,45.27,Paris,0.03,DEV_058,POS,Luxury,0
TXN_007803,USR_0051,2026-03-18 09:58:37,31.81,Mumbai,3.53,DEV_067,Online,Utilities,0
TXN_007804,USR_0067,2026-01-30 01:50:08,551.63,Tokyo,3496.98,DEV_104,ATM,Gaming,1
TXN_007805,USR_0030,2026-01-19 12:05:34,42.72,Sydney,0.25,DEV_058,POS,Transfer,0
TXN_007806,USR_0037,2026-03-11 14:39:20,78.02,Berlin,7.81,DEV_037,POS,Utilities,0
TXN_007807,USR_0044,2026-01-18 23:04:41,65.33,Paris,1.42,DEV_044,ATM,Transfer,0
TXN_007808,USR_0092,2026-02-21 19:42:05,114.41,Paris,1.1,DEV_092,Online,Gaming,0
TXN_007809,USR_0018,2026-01-22 04:39:01,34.82,London,14.16,DEV_018,Online,Gaming,0
TXN_007810,USR_0080,2026-01-08 01:36:39,39.76,New York,2.17,DEV_080,Online,Grocery,0
TXN_007811,USR_0007,2026-02-14 10:29:48,36.47,Toronto,2.4,DEV_007,Online,Gaming,0
TXN_007812,USR_0010,2026-01-26 20:12:44,45.15,Tokyo,8.56,DEV_010,Online,Utilities,0
TXN_007813,USR_0094,2026-03-02 16:59:31,75.08,Sydney,0.0,DEV_094,POS,Transfer,0
TXN_007814,USR_0026,2026-02-06 10:11:18,183.75,Tokyo,2.83,DEV_026,Online,Travel,0
TXN_007815,USR_0056,2026-03-25 13:22:54,61.72,New York,1.19,DEV_056,Online,Electronics,0
TXN_007816,USR_0003,2026-03-14 04:33:46,1579.11,New York,1795.98,DEV_141,Wire Transfer,Luxury,1
TXN_007817,USR_0022,2026-01-28 07:01:43,205.72,Sydney,1.24,DEV_022,ATM,Gaming,0
TXN_007818,USR_0059,2026-03-15 00:12:40,204.97,Mumbai,10.55,DEV_059,ATM,Electronics,0
TXN_007819,USR_0011,2026-03-13 10:20:38,35.44,Mumbai,0.85,DEV_011,Online,Electronics,0
TXN_007820,USR_0070,2026-03-03 12:21:01,104.01,Sydney,1.13,DEV_070,Wire Transfer,Luxury,0
TXN_007821,USR_0012,2026-03-13 19:55:49,67.08,Paris,9.47,DEV_012,ATM,Travel,0
TXN_007822,USR_0004,2026-02-11 04:41:57,39.94,Paris,17.64,DEV_004,POS,Transfer,0
TXN_007823,USR_0093,2026-02-11 18:38:01,48.62,Berlin,10.94,DEV_093,POS,Transfer,0
TXN_007824,USR_0041,2026-02-28 04:47:39,43.96,London,4.33,DEV_041,ATM,Transfer,0
TXN_007825,USR_0058,2026-03-06 23:16:34,34.61,Tokyo,1.4,DEV_058,Online,Gaming,0
TXN_007826,USR_0065,2026-02-16 12:28:29,274.08,London,22.21,DEV_065,Wire Transfer,Travel,0
TXN_007827,USR_0049,2026-02-20 10:48:29,19.09,London,0.05,DEV_049,POS,Travel,0
TXN_007828,USR_0045,2026-01-16 13:46:22,12.56,Berlin,2.06,DEV_045,POS,Grocery,0
TXN_007829,USR_0046,2026-02-08 17:36:28,13.71,Toronto,2.02,DEV_046,POS,Gaming,0
TXN_007830,USR_0078,2026-01-19 16:12:37,101.25,Sydney,7.65,DEV_078,POS,Electronics,0
TXN_007831,USR_0012,2026-03-06 23:41:44,47.2,Paris,0.9,DEV_012,ATM,Luxury,0
TXN_007832,USR_0007,2026-01-08 01:30:36,71.0,Toronto,0.18,DEV_007,ATM,Transfer,0
TXN_007833,USR_0059,2026-03-08 07:29:00,97.0,Mumbai,1.05,DEV_059,POS,Grocery,0
TXN_007834,USR_0045,2026-02-20 01:20:15,63.14,Berlin,1.68,DEV_045,Online,Travel,0
TXN_007835,USR_0013,2026-02-12 14:57:37,69.64,Berlin,6.17,DEV_013,ATM,Transfer,0
TXN_007836,USR_0004,2026-01-28 21:31:04,33.54,Paris,16.65,DEV_004,POS,Electronics,0
TXN_007837,USR_0044,2026-01-26 01:21:35,55.13,Paris,4.7,DEV_071,POS,Grocery,0
TXN_007838,USR_0044,2026-03-29 16:10:23,73.67,Paris,5.29,DEV_044,Online,Luxury,0
TXN_007839,USR_0088,2026-02-08 20:57:55,97.56,New York,6.38,DEV_088,Online,Electronics,0
TXN_007840,USR_0088,2026-03-11 11:08:36,22.17,New York,0.25,DEV_088,POS,Utilities,0
TXN_007841,USR_0035,2026-01-25 07:13:50,64.06,Mumbai,13.71,DEV_035,POS,Electronics,0
TXN_007842,USR_0004,2026-03-27 00:52:23,179.57,London,2.83,DEV_004,Wire Transfer,Electronics,0
TXN_007843,USR_0096,2026-02-13 15:13:44,87.04,New York,8.42,DEV_096,Online,Grocery,0
TXN_007844,USR_0092,2026-01-01 22:26:54,78.33,Paris,4.28,DEV_028,Online,Utilities,0
TXN_007845,USR_0001,2026-01-22 06:50:42,77.4,London,10.08,DEV_001,Online,Electronics,0
TXN_007846,USR_0040,2026-03-16 02:02:42,63.23,New York,0.15,DEV_040,POS,Electronics,0
TXN_007847,USR_0086,2026-02-25 17:10:33,33.92,Sydney,0.54,DEV_130,POS,Transfer,0
TXN_007848,USR_0070,2026-02-17 20:59:47,1377.21,Tokyo,3521.32,DEV_115,Wire Transfer,Luxury,1
TXN_007849,USR_0034,2026-01-18 21:40:46,95.91,Tokyo,6.1,DEV_034,ATM,Travel,0
TXN_007850,USR_0026,2026-02-19 17:34:08,37.26,Tokyo,1.8,DEV_022,Online,Transfer,0
TXN_007851,USR_0010,2026-03-02 21:02:25,67.79,Tokyo,0.02,DEV_010,Online,Grocery,0
TXN_007852,USR_0028,2026-01-13 01:45:57,79.9,Paris,5.21,DEV_028,POS,Electronics,0
TXN_007853,USR_0018,2026-01-24 03:08:17,48.81,Tokyo,3.8,DEV_018,ATM,Grocery,0
TXN_007854,USR_0097,2026-03-07 23:00:56,47.09,London,5.72,DEV_097,POS,Utilities,0
TXN_007855,USR_0090,2026-01-18 20:19:08,79.18,Tokyo,6.07,DEV_090,Online,Utilities,0
TXN_007856,USR_0066,2026-01-30 01:20:37,33.03,Tokyo,1.07,DEV_066,Online,Electronics,0
TXN_007857,USR_0034,2026-03-03 16:17:59,52.63,Tokyo,4.57,DEV_047,POS,Transfer,0
TXN_007858,USR_0074,2026-02-16 03:04:40,33.06,Tokyo,9.53,DEV_069,ATM,Grocery,0
TXN_007859,USR_0083,2026-02-19 10:33:24,61.2,Mumbai,1.79,DEV_083,Online,Luxury,0
TXN_007860,USR_0034,2026-02-22 02:17:01,52.89,Tokyo,6.3,DEV_034,Online,Grocery,0
TXN_007861,USR_0022,2026-01-08 21:40:51,14.81,Sydney,1.08,DEV_022,Online,Luxury,0
TXN_007862,USR_0030,2026-03-27 05:45:54,143.65,Sydney,11.46,DEV_030,POS,Luxury,0
TXN_007863,USR_0099,2026-02-04 17:42:05,53.68,Berlin,0.55,DEV_099,Wire Transfer,Electronics,0
TXN_007864,USR_0083,2026-01-21 22:25:57,33.94,Sydney,2.37,DEV_026,ATM,Travel,0
TXN_007865,USR_0041,2026-03-20 08:22:41,41.91,London,9.41,DEV_041,POS,Gaming,0
TXN_007866,USR_0099,2026-01-19 05:04:22,33.44,Mumbai,6.85,DEV_099,Online,Luxury,0
TXN_007867,USR_0054,2026-02-26 21:08:22,28.45,Sydney,3.2,DEV_054,Online,Grocery,0
TXN_007868,USR_0013,2026-02-14 01:18:46,52.26,Berlin,1.77,DEV_013,Online,Luxury,0
TXN_007869,USR_0051,2026-01-08 03:23:19,87.52,Mumbai,18.32,DEV_084,Online,Electronics,0
TXN_007870,USR_0065,2026-01-06 10:53:19,55.08,London,0.77,DEV_065,Online,Travel,0
TXN_007871,USR_0053,2026-01-02 05:25:48,209.22,Berlin,0.5,DEV_053,ATM,Utilities,0
TXN_007872,USR_0069,2026-03-07 08:50:40,231.58,Berlin,5.4,DEV_069,POS,Utilities,0
TXN_007873,USR_0006,2026-03-12 17:14:09,65.02,Sydney,7.3,DEV_006,Online,Transfer,0
TXN_007874,USR_0009,2026-01-31 23:57:20,41.92,London,0.13,DEV_009,Online,Travel,0
TXN_007875,USR_0088,2026-01-27 18:10:54,98.28,New York,3.46,DEV_088,Online,Transfer,0
TXN_007876,USR_0052,2026-03-09 20:24:53,22.94,Paris,0.07,DEV_052,Online,Utilities,0
TXN_007877,USR_0039,2026-01-06 02:28:24,944.22,Sydney,4845.53,DEV_012,Wire Transfer,Gaming,1
TXN_007878,USR_0099,2026-02-09 10:19:10,43.38,Mumbai,9.26,DEV_099,ATM,Transfer,0
TXN_007879,USR_0073,2026-01-13 16:10:51,33.85,London,4.76,DEV_073,Online,Luxury,0
TXN_007880,USR_0056,2026-02-27 13:09:28,112.87,New York,6.27,DEV_056,POS,Transfer,0
TXN_007881,USR_0008,2026-03-26 11:21:25,59.96,Mumbai,5.17,DEV_008,POS,Luxury,0
TXN_007882,USR_0016,2026-03-20 18:37:28,149.6,Paris,2.11,DEV_016,Online,Electronics,0
TXN_007883,USR_0059,2026-02-21 05:49:03,170.36,Tokyo,3.34,DEV_069,ATM,Travel,0
TXN_007884,USR_0087,2026-03-03 01:42:36,285.75,Toronto,3.94,DEV_087,Online,Luxury,0
TXN_007885,USR_0038,2026-02-06 14:59:01,69.18,Sydney,1.65,DEV_038,Online,Utilities,0
TXN_007886,USR_0017,2026-02-23 09:19:09,72.43,London,2.81,DEV_017,Online,Utilities,0
TXN_007887,USR_0033,2026-02-22 12:58:44,107.95,London,0.02,DEV_033,POS,Transfer,0
TXN_007888,USR_0088,2026-01-15 14:57:23,53.4,New York,7.71,DEV_088,POS,Luxury,0
TXN_007889,USR_0033,2026-02-13 22:23:36,106.52,London,0.49,DEV_033,POS,Transfer,0
TXN_007890,USR_0095,2026-01-18 05:37:55,34.54,Toronto,4.74,DEV_095,Online,Grocery,0
TXN_007891,USR_0011,2026-02-15 21:22:33,28.53,Mumbai,1.36,DEV_011,ATM,Utilities,0
TXN_007892,USR_0028,2026-01-08 14:56:18,46.44,Paris,1.17,DEV_028,Online,Transfer,0
TXN_007893,USR_0001,2026-02-19 03:19:54,20.22,London,7.81,DEV_001,Online,Transfer,0
TXN_007894,USR_0043,2026-03-08 15:16:01,13.55,Mumbai,5.25,DEV_043,ATM,Luxury,0
TXN_007895,USR_0063,2026-01-01 03:42:02,66.9,Toronto,1.88,DEV_063,Online,Gaming,0
TXN_007896,USR_0082,2026-03-06 13:56:59,149.53,Tokyo,7.49,DEV_082,POS,Electronics,0
TXN_007897,USR_0019,2026-01-18 02:17:34,36.04,Mumbai,18.4,DEV_019,POS,Travel,0
TXN_007898,USR_0073,2026-01-07 03:23:27,91.75,London,1.94,DEV_073,Online,Luxury,0
TXN_007899,USR_0070,2026-02-05 15:18:39,426.33,Tokyo,4241.46,DEV_138,Online,Luxury,1
TXN_007900,USR_0037,2026-02-12 11:27:10,23.8,Berlin,2.48,DEV_037,POS,Transfer,0
TXN_007901,USR_0076,2026-03-16 04:23:36,33.35,Paris,5.25,DEV_076,POS,Electronics,0
TXN_007902,USR_0011,2026-03-24 16:26:52,56.47,Mumbai,3.39,DEV_011,POS,Transfer,0
TXN_007903,USR_0051,2026-03-01 03:55:26,122.59,Mumbai,5.85,DEV_051,POS,Travel,0
TXN_007904,USR_0045,2026-01-29 12:19:52,70.47,Berlin,2.06,DEV_045,POS,Gaming,0
TXN_007905,USR_0082,2026-01-15 03:37:28,155.12,Tokyo,7.19,DEV_082,ATM,Utilities,0
TXN_007906,USR_0050,2026-03-07 21:55:05,26.16,London,7.15,DEV_050,Online,Transfer,0
TXN_007907,USR_0051,2026-01-06 05:05:34,27.81,Mumbai,13.17,DEV_051,POS,Luxury,0
TXN_007908,USR_0079,2026-02-15 05:40:19,60.85,Toronto,5.47,DEV_079,POS,Luxury,0
TXN_007909,USR_0075,2026-02-08 10:42:04,183.27,Mumbai,7.86,DEV_075,ATM,Travel,0
TXN_007910,USR_0018,2026-02-07 22:15:30,17.43,Tokyo,0.58,DEV_018,Online,Utilities,0
TXN_007911,USR_0011,2026-02-26 14:22:24,24.89,Mumbai,0.37,DEV_011,POS,Utilities,0
TXN_007912,USR_0037,2026-01-18 14:09:10,99.25,Berlin,7.45,DEV_037,Online,Travel,0
TXN_007913,USR_0030,2026-03-09 09:51:21,50.88,Sydney,0.54,DEV_125,Online,Transfer,0
TXN_007914,USR_0018,2026-03-14 03:03:36,10.15,Tokyo,0.19,DEV_018,ATM,Grocery,0
TXN_007915,USR_0036,2026-02-10 04:26:47,69.56,Paris,1.31,DEV_036,POS,Luxury,0
TXN_007916,USR_0065,2026-02-28 23:56:57,64.49,London,2.03,DEV_065,POS,Gaming,0
TXN_007917,USR_0098,2026-01-31 20:51:39,121.9,Tokyo,3.15,DEV_098,Online,Travel,0
TXN_007918,USR_0099,2026-03-31 16:24:52,43.64,Mumbai,1.8,DEV_099,POS,Utilities,0
TXN_007919,USR_0089,2026-02-08 18:06:42,640.52,Paris,3045.43,DEV_033,Online,Electronics,1
TXN_007920,USR_0042,2026-02-19 07:36:34,135.6,Tokyo,2.08,DEV_042,Wire Transfer,Electronics,0
TXN_007921,USR_0057,2026-02-22 14:43:18,58.82,London,2.68,DEV_057,POS,Grocery,0
TXN_007922,USR_0100,2026-03-14 03:51:34,30.38,London,1.51,DEV_012,ATM,Gaming,0
TXN_007923,USR_0020,2026-03-15 13:07:04,218.55,Paris,1.93,DEV_020,Online,Travel,0
TXN_007924,USR_0086,2026-02-16 07:59:53,11.47,Sydney,12.13,DEV_086,Online,Gaming,0
TXN_007925,USR_0062,2026-01-26 17:15:38,110.23,Sydney,7.23,DEV_062,POS,Transfer,0
TXN_007926,USR_0022,2026-03-15 18:33:08,50.3,Sydney,4.02,DEV_022,POS,Transfer,0
TXN_007927,USR_0052,2026-03-13 16:01:21,11.06,Paris,1.26,DEV_052,POS,Transfer,0
TXN_007928,USR_0046,2026-02-11 12:42:08,2088.09,Paris,4930.75,DEV_081,ATM,Electronics,1
TXN_007929,USR_0035,2026-02-08 23:56:19,22.41,Mumbai,0.23,DEV_035,POS,Gaming,0
TXN_007930,USR_0086,2026-03-12 10:43:18,25.6,Sydney,1.94,DEV_086,POS,Grocery,0
TXN_007931,USR_0012,2026-02-25 15:45:06,62.36,Paris,3.3,DEV_012,Online,Transfer,0
TXN_007932,USR_0050,2026-01-18 01:04:46,15.86,Tokyo,4.55,DEV_067,POS,Luxury,0
TXN_007933,USR_0051,2026-02-12 16:45:35,39.03,Mumbai,7.32,DEV_051,Online,Utilities,0
TXN_007934,USR_0095,2026-03-30 20:12:29,28.05,Toronto,21.46,DEV_095,ATM,Utilities,0
TXN_007935,USR_0060,2026-03-26 13:04:14,87.91,Paris,1.92,DEV_004,POS,Travel,0
TXN_007936,USR_0003,2026-03-28 16:33:53,170.42,Mumbai,9.94,DEV_003,ATM,Electronics,0
TXN_007937,USR_0088,2026-02-06 03:12:25,1285.53,London,3986.35,DEV_142,ATM,Gaming,1
TXN_007938,USR_0038,2026-02-15 01:59:34,105.83,Sydney,8.5,DEV_038,POS,Travel,0
TXN_007939,USR_0096,2026-03-28 07:07:02,17.29,New York,2.33,DEV_091,ATM,Gaming,0
TXN_007940,USR_0022,2026-01-06 22:23:06,95.86,Sydney,5.03,DEV_022,POS,Gaming,0
TXN_007941,USR_0094,2026-02-06 00:42:21,11.26,Toronto,5.23,DEV_094,Online,Transfer,0
TXN_007942,USR_0066,2026-01-29 10:05:41,21.29,Tokyo,1.62,DEV_066,POS,Travel,0
TXN_007943,USR_0017,2026-01-16 16:34:29,101.94,London,7.81,DEV_017,ATM,Utilities,0
TXN_007944,USR_0034,2026-02-04 21:23:46,43.9,Tokyo,1.3,DEV_034,POS,Travel,0
TXN_007945,USR_0025,2026-02-14 14:18:39,23.15,London,3.23,DEV_025,Online,Electronics,0
TXN_007946,USR_0049,2026-01-06 07:24:48,149.13,London,10.7,DEV_049,POS,Electronics,0
TXN_007947,USR_0085,2026-01-08 23:10:18,30.27,Berlin,0.55,DEV_085,Online,Utilities,0
TXN_007948,USR_0041,2026-01-29 19:09:42,14.64,London,9.21,DEV_041,POS,Grocery,0
TXN_007949,USR_0048,2026-01-21 01:41:10,33.79,New York,20.43,DEV_129,ATM,Transfer,0
TXN_007950,USR_0064,2026-01-16 22:31:56,14.83,New York,7.46,DEV_074,POS,Gaming,0
TXN_007951,USR_0029,2026-01-03 02:12:50,23.08,Berlin,4.5,DEV_029,Online,Transfer,0
TXN_007952,USR_0030,2026-02-17 01:52:31,173.34,Sydney,12.99,DEV_030,Online,Grocery,0
TXN_007953,USR_0042,2026-01-28 16:36:21,83.14,Tokyo,1.18,DEV_042,Online,Gaming,0
TXN_007954,USR_0058,2026-01-28 14:44:13,75.5,Tokyo,0.09,DEV_058,Online,Electronics,0
TXN_007955,USR_0064,2026-02-09 07:49:53,136.91,New York,0.44,DEV_064,ATM,Gaming,0
TXN_007956,USR_0018,2026-03-05 06:25:00,37.27,Tokyo,2.62,DEV_018,POS,Transfer,0
TXN_007957,USR_0061,2026-02-15 05:17:39,29.24,Berlin,5.54,DEV_061,Online,Grocery,0
TXN_007958,USR_0046,2026-01-12 03:32:46,34.15,Sydney,3.92,DEV_046,ATM,Transfer,0
TXN_007959,USR_0033,2026-02-27 01:59:06,51.79,London,1.61,DEV_033,Online,Luxury,0
TXN_007960,USR_0054,2026-01-04 09:36:02,93.66,Sydney,8.15,DEV_054,Online,Grocery,0
TXN_007961,USR_0045,2026-03-06 16:05:36,20.89,Berlin,0.79,DEV_045,POS,Utilities,0
TXN_007962,USR_0053,2026-03-07 19:16:30,105.08,Berlin,0.55,DEV_053,Online,Grocery,0
TXN_007963,USR_0004,2026-03-22 09:39:42,2021.12,Berlin,3984.44,DEV_008,Wire Transfer,Transfer,1
TXN_007964,USR_0026,2026-03-24 16:34:52,1721.04,Paris,4675.55,DEV_051,Online,Gaming,1
TXN_007965,USR_0048,2026-03-26 20:27:57,315.04,New York,4.54,DEV_048,ATM,Travel,0
TXN_007966,USR_0059,2026-02-13 16:35:33,57.82,Mumbai,1.45,DEV_059,Online,Grocery,0
TXN_007967,USR_0005,2026-03-27 17:27:59,16.15,Berlin,11.01,DEV_005,Online,Transfer,0
TXN_007968,USR_0009,2026-02-08 01:54:28,22.08,London,9.55,DEV_028,POS,Transfer,0
TXN_007969,USR_0040,2026-03-01 19:13:03,89.54,New York,1.09,DEV_040,ATM,Travel,0
TXN_007970,USR_0062,2026-01-06 12:56:13,17.22,Sydney,0.53,DEV_062,Online,Luxury,0
TXN_007971,USR_0029,2026-01-27 17:28:30,45.67,Berlin,0.75,DEV_029,Online,Gaming,0
TXN_007972,USR_0088,2026-01-13 09:43:20,101.85,New York,0.31,DEV_088,ATM,Travel,0
TXN_007973,USR_0035,2026-03-17 04:52:49,53.9,Tokyo,11.35,DEV_035,POS,Gaming,0
TXN_007974,USR_0084,2026-03-03 14:48:54,72.76,Paris,5.73,DEV_084,Online,Grocery,0
TXN_007975,USR_0063,2026-03-28 13:19:20,67.96,Toronto,0.45,DEV_063,POS,Gaming,0
TXN_007976,USR_0097,2026-01-16 22:55:42,63.9,London,11.79,DEV_097,POS,Utilities,0
TXN_007977,USR_0049,2026-01-02 07:01:26,131.71,London,0.15,DEV_049,POS,Utilities,0
TXN_007978,USR_0067,2026-03-23 04:29:14,656.53,Toronto,3151.87,DEV_130,Wire Transfer,Electronics,1
TXN_007979,USR_0058,2026-03-12 19:15:28,77.72,Tokyo,2.28,DEV_058,POS,Transfer,0
TXN_007980,USR_0068,2026-03-07 17:41:01,142.23,Paris,1.97,DEV_068,Wire Transfer,Travel,0
TXN_007981,USR_0009,2026-01-03 15:29:22,29.9,London,5.73,DEV_009,Online,Electronics,0
TXN_007982,USR_0074,2026-03-27 05:41:37,64.2,Tokyo,2.63,DEV_074,POS,Electronics,0
TXN_007983,USR_0098,2026-02-26 06:05:51,96.41,Tokyo,2.63,DEV_098,POS,Luxury,0
TXN_007984,USR_0031,2026-03-19 11:20:36,26.15,Toronto,0.52,DEV_134,Online,Luxury,0
TXN_007985,USR_0071,2026-01-06 07:19:42,59.33,Toronto,0.21,DEV_071,POS,Utilities,0
TXN_007986,USR_0062,2026-03-23 18:17:09,22.7,Sydney,23.84,DEV_062,Online,Grocery,0
TXN_007987,USR_0035,2026-03-05 19:01:06,29.08,Mumbai,4.34,DEV_035,Online,Luxury,0
TXN_007988,USR_0096,2026-01-22 14:02:18,143.09,New York,2.28,DEV_096,POS,Utilities,0
TXN_007989,USR_0084,2026-03-13 15:02:47,33.23,Paris,3.25,DEV_084,ATM,Utilities,0
TXN_007990,USR_0020,2026-03-01 13:28:26,23.95,Paris,12.65,DEV_020,Online,Grocery,0
TXN_007991,USR_0061,2026-02-20 09:36:01,14.29,Berlin,4.23,DEV_061,POS,Luxury,0
TXN_007992,USR_0030,2026-02-17 20:37:01,70.94,New York,4.62,DEV_030,ATM,Transfer,0
TXN_007993,USR_0028,2026-02-13 03:54:41,35.01,Paris,6.24,DEV_028,Online,Travel,0
TXN_007994,USR_0087,2026-02-10 11:00:11,68.18,Berlin,0.3,DEV_087,ATM,Gaming,0
TXN_007995,USR_0100,2026-01-13 11:50:35,19.81,Paris,5.51,DEV_100,Online,Grocery,0
TXN_007996,USR_0093,2026-03-20 01:00:56,34.63,Berlin,10.01,DEV_093,Online,Electronics,0
TXN_007997,USR_0059,2026-03-20 15:55:51,67.51,Mumbai,6.8,DEV_146,POS,Gaming,0
TXN_007998,USR_0077,2026-02-22 03:46:46,29.11,Berlin,5.21,DEV_077,POS,Transfer,0
TXN_007999,USR_0030,2026-01-10 07:34:08,91.53,Sydney,0.02,DEV_030,POS,Transfer,0
TXN_008000,USR_0001,2026-02-13 14:27:32,61.81,London,4.66,DEV_001,ATM,Utilities,0
TXN_008001,USR_0029,2026-01-29 23:43:53,56.09,Berlin,6.35,DEV_029,Online,Luxury,0
TXN_008002,USR_0013,2026-02-12 14:38:59,205.28,Berlin,1.89,DEV_013,Online,Gaming,0
TXN_008003,USR_0003,2026-03-11 11:38:14,76.59,Mumbai,8.24,DEV_139,POS,Travel,0
TXN_008004,USR_0094,2026-03-12 02:02:13,24.24,Sydney,3.0,DEV_094,POS,Transfer,0
TXN_008005,USR_0006,2026-01-10 07:07:33,42.29,Sydney,0.32,DEV_006,ATM,Electronics,0
TXN_008006,USR_0058,2026-03-24 12:48:42,13.9,Tokyo,10.44,DEV_058,POS,Transfer,0
TXN_008007,USR_0076,2026-02-02 23:39:27,51.45,Paris,2.58,DEV_076,POS,Electronics,0
TXN_008008,USR_0085,2026-02-09 22:18:43,13.29,Berlin,15.57,DEV_075,Online,Utilities,0
TXN_008009,USR_0011,2026-02-23 13:08:24,90.88,Mumbai,0.06,DEV_011,POS,Transfer,0
TXN_008010,USR_0044,2026-01-24 10:03:27,50.31,Paris,1.64,DEV_044,POS,Gaming,0
TXN_008011,USR_0019,2026-03-29 19:33:15,24.38,Mumbai,2.11,DEV_019,Wire Transfer,Travel,0
TXN_008012,USR_0004,2026-03-08 03:19:17,79.09,Paris,22.8,DEV_004,POS,Utilities,0
TXN_008013,USR_0078,2026-03-20 05:23:48,17.11,Sydney,16.21,DEV_078,Online,Grocery,0
TXN_008014,USR_0001,2026-03-02 00:42:10,31.42,London,3.16,DEV_001,Online,Transfer,0
TXN_008015,USR_0044,2026-02-24 06:38:25,18.13,Paris,2.61,DEV_040,POS,Luxury,0
TXN_008016,USR_0020,2026-01-23 00:07:41,48.29,Sydney,1.08,DEV_020,Online,Luxury,0
TXN_008017,USR_0094,2026-03-22 15:47:46,80.39,London,4.27,DEV_094,Online,Electronics,0
TXN_008018,USR_0002,2026-01-09 19:21:24,34.36,Tokyo,2.21,DEV_002,Wire Transfer,Gaming,0
TXN_008019,USR_0095,2026-01-21 08:03:03,57.51,Toronto,3.2,DEV_095,POS,Gaming,0
TXN_008020,USR_0058,2026-02-04 07:52:40,22.47,Tokyo,3.01,DEV_058,ATM,Electronics,0
TXN_008021,USR_0011,2026-03-13 03:32:04,34.44,Mumbai,5.82,DEV_011,ATM,Luxury,0
TXN_008022,USR_0003,2026-03-20 20:28:18,15.59,Mumbai,0.16,DEV_086,POS,Transfer,0
TXN_008023,USR_0075,2026-02-05 15:10:13,13.44,Mumbai,12.22,DEV_075,ATM,Grocery,0
TXN_008024,USR_0013,2026-02-24 23:05:48,183.36,Berlin,4.18,DEV_044,ATM,Transfer,0
TXN_008025,USR_0008,2026-03-04 21:26:59,10.18,New York,12.7,DEV_008,Online,Electronics,0
TXN_008026,USR_0062,2026-01-28 17:55:27,12.67,Sydney,7.61,DEV_062,ATM,Travel,0
TXN_008027,USR_0064,2026-02-09 23:02:12,65.89,New York,1.96,DEV_064,Wire Transfer,Electronics,0
TXN_008028,USR_0058,2026-03-19 09:38:08,110.81,Toronto,17.46,DEV_058,POS,Transfer,0
TXN_008029,USR_0028,2026-02-02 20:03:42,2245.97,Mumbai,3662.35,DEV_053,Online,Gaming,1
TXN_008030,USR_0016,2026-01-24 15:23:55,86.99,New York,0.74,DEV_076,POS,Electronics,0
TXN_008031,USR_0058,2026-03-13 02:47:32,133.52,New York,4.53,DEV_058,Online,Transfer,0
TXN_008032,USR_0052,2026-03-19 08:27:22,104.48,Paris,0.52,DEV_052,Online,Transfer,0
TXN_008033,USR_0039,2026-02-06 15:59:33,4300.03,Paris,1019.28,DEV_010,Wire Transfer,Luxury,1
TXN_008034,USR_0009,2026-01-18 17:09:25,172.23,London,7.6,DEV_067,Online,Luxury,0
TXN_008035,USR_0043,2026-03-10 08:18:09,10.07,Mumbai,13.78,DEV_043,POS,Transfer,0
TXN_008036,USR_0032,2026-03-06 18:30:59,24.66,New York,0.27,DEV_032,POS,Grocery,0
TXN_008037,USR_0082,2026-03-25 13:32:16,10.29,Tokyo,5.45,DEV_082,Online,Luxury,0
TXN_008038,USR_0006,2026-03-25 04:37:18,10.61,Sydney,3.0,DEV_006,ATM,Utilities,0
TXN_008039,USR_0013,2026-01-03 13:12:32,30.28,Berlin,0.65,DEV_013,POS,Travel,0
TXN_008040,USR_0021,2026-01-29 03:50:39,18.52,Berlin,5.79,DEV_021,POS,Electronics,0
TXN_008041,USR_0089,2026-02-27 14:52:24,77.81,London,17.66,DEV_089,POS,Gaming,0
TXN_008042,USR_0071,2026-02-10 20:39:34,34.28,Toronto,2.17,DEV_071,POS,Gaming,0
TXN_008043,USR_0050,2026-03-21 21:27:04,54.95,Tokyo,9.32,DEV_050,Online,Utilities,0
TXN_008044,USR_0091,2026-02-21 22:00:00,34.85,Mumbai,0.74,DEV_091,ATM,Gaming,0
TXN_008045,USR_0022,2026-01-05 14:49:31,39.12,Sydney,3.99,DEV_111,POS,Luxury,0
TXN_008046,USR_0023,2026-01-27 12:41:05,85.25,Toronto,0.76,DEV_137,Wire Transfer,Grocery,0
TXN_008047,USR_0076,2026-01-22 12:01:13,38.52,Paris,21.67,DEV_076,POS,Utilities,0
TXN_008048,USR_0011,2026-02-03 18:19:36,41.24,New York,2.74,DEV_011,POS,Utilities,0
TXN_008049,USR_0022,2026-03-08 19:44:59,894.17,London,3378.77,DEV_088,Wire Transfer,Luxury,1
TXN_008050,USR_0086,2026-02-13 15:15:38,11.98,Sydney,1.43,DEV_086,POS,Travel,0
TXN_008051,USR_0079,2026-01-05 12:50:40,1289.58,Berlin,3451.83,DEV_105,Wire Transfer,Luxury,1
TXN_008052,USR_0002,2026-01-05 02:34:55,96.79,Tokyo,1.43,DEV_002,POS,Grocery,0
TXN_008053,USR_0070,2026-02-23 23:49:10,51.55,Sydney,4.82,DEV_070,Online,Travel,0
TXN_008054,USR_0093,2026-03-12 13:27:13,204.68,Paris,11.29,DEV_093,POS,Grocery,0
TXN_008055,USR_0011,2026-01-21 14:14:14,18.87,Mumbai,6.82,DEV_011,ATM,Travel,0
TXN_008056,USR_0015,2026-03-03 09:05:18,54.27,Toronto,12.66,DEV_015,POS,Gaming,0
TXN_008057,USR_0099,2026-03-02 15:09:45,95.55,Mumbai,5.33,DEV_099,Online,Gaming,0
TXN_008058,USR_0019,2026-03-23 03:05:43,25.25,Mumbai,6.32,DEV_019,Online,Transfer,0
TXN_008059,USR_0003,2026-01-04 10:30:35,161.23,Mumbai,0.32,DEV_107,Online,Electronics,0
TXN_008060,USR_0041,2026-02-16 20:56:58,45.5,London,1.58,DEV_100,Wire Transfer,Electronics,0
TXN_008061,USR_0019,2026-01-12 08:41:43,99.85,Mumbai,2.2,DEV_019,POS,Grocery,0
TXN_008062,USR_0030,2026-01-15 01:13:51,156.73,Sydney,0.96,DEV_030,Online,Grocery,0
TXN_008063,USR_0070,2026-02-27 15:54:46,59.11,Sydney,1.62,DEV_070,Online,Transfer,0
TXN_008064,USR_0061,2026-01-09 05:23:27,18.32,Berlin,1.9,DEV_061,Online,Electronics,0
TXN_008065,USR_0001,2026-02-14 03:41:05,77.29,London,0.43,DEV_001,POS,Luxury,0
TXN_008066,USR_0099,2026-02-07 05:56:31,48.14,Mumbai,0.58,DEV_099,POS,Luxury,0
TXN_008067,USR_0026,2026-01-30 21:45:46,13.58,Berlin,0.66,DEV_090,Online,Luxury,0
TXN_008068,USR_0057,2026-03-03 08:07:50,111.54,London,4.03,DEV_067,ATM,Gaming,0
TXN_008069,USR_0033,2026-03-17 11:39:53,224.12,London,6.1,DEV_033,Online,Gaming,0
TXN_008070,USR_0010,2026-03-01 14:41:09,17.82,Tokyo,1.33,DEV_010,Wire Transfer,Travel,0
TXN_008071,USR_0088,2026-01-20 00:33:02,29.05,New York,1.32,DEV_088,POS,Grocery,0
TXN_008072,USR_0018,2026-01-04 21:47:24,65.85,Tokyo,9.38,DEV_018,Online,Electronics,0
TXN_008073,USR_0016,2026-01-15 07:47:04,34.72,New York,8.22,DEV_016,POS,Gaming,0
TXN_008074,USR_0039,2026-02-28 07:57:54,20.34,Toronto,0.2,DEV_039,POS,Luxury,0
TXN_008075,USR_0059,2026-03-22 11:26:57,511.78,Tokyo,373.52,DEV_084,ATM,Transfer,1
TXN_008076,USR_0063,2026-01-11 12:47:16,42.82,Toronto,0.45,DEV_063,Online,Utilities,0
TXN_008077,USR_0038,2026-01-12 19:02:51,19.29,Sydney,2.23,DEV_038,POS,Luxury,0
TXN_008078,USR_0052,2026-03-05 17:02:37,220.75,Paris,5.88,DEV_052,POS,Transfer,0
TXN_008079,USR_0029,2026-03-03 05:29:30,22.37,Berlin,2.15,DEV_029,POS,Travel,0
TXN_008080,USR_0092,2026-02-24 05:42:34,42.38,Paris,6.85,DEV_092,Online,Grocery,0
TXN_008081,USR_0058,2026-02-01 04:17:30,116.44,Tokyo,7.31,DEV_078,POS,Luxury,0
TXN_008082,USR_0056,2026-02-27 19:48:09,803.58,Paris,1890.52,DEV_145,Wire Transfer,Luxury,1
TXN_008083,USR_0070,2026-02-21 15:00:53,42.25,Sydney,4.04,DEV_070,POS,Utilities,0
TXN_008084,USR_0048,2026-01-13 03:20:44,55.47,New York,2.11,DEV_048,Online,Electronics,0
TXN_008085,USR_0002,2026-03-11 14:03:53,44.74,New York,2.36,DEV_002,ATM,Travel,0
TXN_008086,USR_0028,2026-03-21 23:48:42,61.65,Paris,8.86,DEV_028,Online,Gaming,0
TXN_008087,USR_0062,2026-02-11 03:40:09,179.14,Sydney,1.6,DEV_062,POS,Luxury,0
TXN_008088,USR_0070,2026-03-22 03:12:55,161.65,Sydney,6.56,DEV_011,Online,Grocery,0
TXN_008089,USR_0017,2026-01-12 04:28:33,55.48,New York,0.67,DEV_017,POS,Travel,0
TXN_008090,USR_0016,2026-02-20 02:33:20,193.4,New York,0.53,DEV_016,POS,Transfer,0
TXN_008091,USR_0070,2026-03-10 06:33:21,80.25,Sydney,0.97,DEV_070,Online,Utilities,0
TXN_008092,USR_0019,2026-03-04 19:43:28,35.83,Mumbai,2.4,DEV_019,Online,Electronics,0
TXN_008093,USR_0002,2026-01-11 16:34:10,41.09,Tokyo,7.26,DEV_002,POS,Travel,0
TXN_008094,USR_0079,2026-03-27 16:41:39,51.01,Toronto,1.42,DEV_131,POS,Utilities,0
TXN_008095,USR_0064,2026-03-12 17:40:56,29.44,New York,1.24,DEV_064,Online,Transfer,0
TXN_008096,USR_0094,2026-01-24 14:44:01,61.45,Sydney,0.84,DEV_094,POS,Transfer,0
TXN_008097,USR_0097,2026-02-23 14:51:37,45.15,London,4.2,DEV_097,POS,Gaming,0
TXN_008098,USR_0070,2026-02-22 04:23:04,195.42,Sydney,5.32,DEV_070,POS,Utilities,0
TXN_008099,USR_0013,2026-02-24 01:01:51,609.27,Mumbai,389.68,DEV_108,Online,Luxury,1
TXN_008100,USR_0086,2026-03-05 01:57:06,100.83,Sydney,5.63,DEV_005,ATM,Luxury,0
TXN_008101,USR_0089,2026-01-18 12:57:31,46.3,London,3.95,DEV_089,POS,Transfer,0
TXN_008102,USR_0088,2026-02-19 18:43:56,21.09,New York,10.19,DEV_088,POS,Electronics,0
TXN_008103,USR_0048,2026-03-29 22:07:32,21.02,New York,1.52,DEV_026,ATM,Luxury,0
TXN_008104,USR_0035,2026-03-29 21:09:32,124.03,Mumbai,14.17,DEV_035,POS,Travel,0
TXN_008105,USR_0012,2026-01-21 19:02:55,49.59,Paris,8.16,DEV_012,Online,Electronics,0
TXN_008106,USR_0049,2026-02-01 12:06:06,64.8,London,1.2,DEV_049,POS,Grocery,0
TXN_008107,USR_0067,2026-02-14 15:57:04,100.98,Mumbai,6.93,DEV_067,POS,Grocery,0
TXN_008108,USR_0001,2026-03-23 04:57:15,172.4,London,6.29,DEV_001,ATM,Transfer,0
TXN_008109,USR_0023,2026-03-06 08:09:28,345.95,Toronto,1.05,DEV_023,ATM,Luxury,0
TXN_008110,USR_0082,2026-03-05 06:23:57,17.89,Tokyo,7.87,DEV_082,ATM,Gaming,0
TXN_008111,USR_0028,2026-02-11 05:40:52,108.44,Paris,3.59,DEV_054,POS,Luxury,0
TXN_008112,USR_0093,2026-02-06 02:26:38,97.35,Berlin,1.2,DEV_093,ATM,Travel,0
TXN_008113,USR_0072,2026-01-22 02:56:28,43.48,New York,0.25,DEV_072,Online,Luxury,0
TXN_008114,USR_0047,2026-02-10 13:48:30,16.28,Berlin,2.21,DEV_009,POS,Transfer,0
TXN_008115,USR_0009,2026-02-08 10:47:32,50.46,London,4.89,DEV_009,POS,Luxury,0
TXN_008116,USR_0037,2026-03-01 07:52:27,53.4,Berlin,2.01,DEV_037,Online,Transfer,0
TXN_008117,USR_0041,2026-02-19 04:59:26,418.92,Berlin,3445.65,DEV_004,Wire Transfer,Gaming,1
TXN_008118,USR_0094,2026-01-18 21:27:10,28.37,Sydney,2.87,DEV_094,Online,Utilities,0
TXN_008119,USR_0049,2026-03-17 15:57:48,40.94,London,1.66,DEV_049,Online,Electronics,0
TXN_008120,USR_0057,2026-01-16 20:55:05,36.32,London,1.27,DEV_057,POS,Transfer,0
TXN_008121,USR_0031,2026-01-03 22:18:24,87.6,Toronto,5.62,DEV_031,Online,Travel,0
TXN_008122,USR_0013,2026-03-24 18:29:10,180.39,Berlin,6.16,DEV_024,POS,Transfer,0
TXN_008123,USR_0031,2026-02-20 01:53:57,11.98,Toronto,9.8,DEV_031,POS,Electronics,0
TXN_008124,USR_0034,2026-01-25 11:06:37,148.84,Tokyo,0.68,DEV_034,POS,Electronics,0
TXN_008125,USR_0047,2026-01-23 16:55:59,88.69,Toronto,3.83,DEV_131,Wire Transfer,Gaming,0
TXN_008126,USR_0070,2026-01-02 19:37:30,194.66,Sydney,6.91,DEV_070,POS,Electronics,0
TXN_008127,USR_0014,2026-01-31 15:09:05,140.73,Sydney,3.23,DEV_014,POS,Gaming,0
TXN_008128,USR_0057,2026-01-06 21:43:17,13.09,London,0.85,DEV_057,Online,Gaming,0
TXN_008129,USR_0063,2026-03-07 16:39:05,59.67,Toronto,0.32,DEV_063,Online,Travel,0
TXN_008130,USR_0032,2026-01-11 05:56:39,26.09,New York,1.15,DEV_032,ATM,Gaming,0
TXN_008131,USR_0083,2026-01-18 19:08:25,52.03,Mumbai,8.83,DEV_061,POS,Grocery,0
TXN_008132,USR_0075,2026-03-20 10:18:32,19.05,Mumbai,3.43,DEV_075,POS,Grocery,0
TXN_008133,USR_0063,2026-03-21 20:00:37,20.9,Toronto,10.96,DEV_063,POS,Luxury,0
TXN_008134,USR_0004,2026-01-31 09:46:35,15.83,Paris,8.71,DEV_004,Online,Electronics,0
TXN_008135,USR_0004,2026-01-31 23:01:27,47.04,Paris,0.27,DEV_004,POS,Transfer,0
TXN_008136,USR_0063,2026-02-02 11:28:04,72.18,Toronto,3.21,DEV_063,POS,Electronics,0
TXN_008137,USR_0033,2026-02-19 14:04:51,80.16,London,0.37,DEV_043,ATM,Transfer,0
TXN_008138,USR_0012,2026-02-16 15:09:23,56.33,Mumbai,2.56,DEV_012,Online,Grocery,0
TXN_008139,USR_0099,2026-02-28 09:39:11,68.22,Mumbai,1.39,DEV_099,POS,Travel,0
TXN_008140,USR_0040,2026-01-09 08:16:43,86.01,New York,3.0,DEV_040,Online,Grocery,0
TXN_008141,USR_0005,2026-03-19 06:46:59,71.34,Berlin,1.74,DEV_005,Online,Travel,0
TXN_008142,USR_0090,2026-03-01 13:44:17,109.03,Tokyo,9.72,DEV_090,POS,Grocery,0
TXN_008143,USR_0015,2026-02-07 07:57:12,155.32,Paris,0.39,DEV_015,Online,Travel,0
TXN_008144,USR_0042,2026-03-21 03:38:01,50.44,Tokyo,8.27,DEV_042,Online,Transfer,0
TXN_008145,USR_0052,2026-02-06 08:14:22,114.97,Paris,18.08,DEV_052,Online,Electronics,0
TXN_008146,USR_0033,2026-02-03 21:21:22,34.13,London,3.57,DEV_033,ATM,Travel,0
TXN_008147,USR_0041,2026-01-02 14:02:01,21.96,London,10.99,DEV_041,Online,Electronics,0
TXN_008148,USR_0082,2026-03-30 12:14:35,124.42,Tokyo,0.95,DEV_082,POS,Transfer,0
TXN_008149,USR_0007,2026-03-02 03:50:02,220.13,Paris,2.74,DEV_079,Online,Luxury,0
TXN_008150,USR_0074,2026-02-24 21:30:41,22.69,Tokyo,2.62,DEV_074,Online,Gaming,0
TXN_008151,USR_0088,2026-02-03 08:38:52,62.71,New York,7.65,DEV_088,POS,Travel,0
TXN_008152,USR_0061,2026-01-08 04:59:52,26.12,Berlin,1.18,DEV_061,ATM,Transfer,0
TXN_008153,USR_0070,2026-01-15 19:40:16,79.64,Sydney,32.4,DEV_070,POS,Gaming,0
TXN_008154,USR_0051,2026-02-24 12:07:25,71.76,Mumbai,0.39,DEV_051,POS,Utilities,0
TXN_008155,USR_0015,2026-03-26 21:58:17,36.07,Toronto,7.12,DEV_015,POS,Travel,0
TXN_008156,USR_0096,2026-03-24 04:15:19,64.76,New York,2.34,DEV_096,Online,Transfer,0
TXN_008157,USR_0100,2026-01-28 22:41:36,43.25,Paris,2.77,DEV_100,Online,Luxury,0
TXN_008158,USR_0053,2026-01-17 21:45:28,101.89,Berlin,0.12,DEV_053,ATM,Gaming,0
TXN_008159,USR_0031,2026-02-15 06:59:27,240.98,Toronto,2.5,DEV_005,POS,Utilities,0
TXN_008160,USR_0035,2026-01-05 19:45:32,1921.21,Sydney,2492.48,DEV_092,Wire Transfer,Electronics,1
TXN_008161,USR_0061,2026-02-21 22:23:42,34.72,Berlin,1.12,DEV_061,POS,Utilities,0
TXN_008162,USR_0068,2026-03-07 20:08:00,25.42,Paris,7.41,DEV_068,Wire Transfer,Grocery,0
TXN_008163,USR_0054,2026-02-25 15:47:42,41.33,Sydney,1.17,DEV_054,Wire Transfer,Transfer,0
TXN_008164,USR_0026,2026-03-04 04:09:11,161.12,Tokyo,1.53,DEV_108,ATM,Transfer,0
TXN_008165,USR_0076,2026-02-21 11:14:15,156.02,Paris,0.15,DEV_076,POS,Transfer,0
TXN_008166,USR_0094,2026-03-03 13:08:47,79.54,Sydney,5.35,DEV_028,POS,Electronics,0
TXN_008167,USR_0031,2026-03-31 03:52:36,229.34,Toronto,1.98,DEV_031,POS,Transfer,0
TXN_008168,USR_0008,2026-02-04 09:17:29,72.69,New York,5.77,DEV_008,ATM,Travel,0
TXN_008169,USR_0096,2026-02-19 12:12:40,84.55,New York,5.64,DEV_096,ATM,Transfer,0
TXN_008170,USR_0015,2026-02-11 14:31:28,83.71,Toronto,0.45,DEV_015,POS,Luxury,0
TXN_008171,USR_0100,2026-02-07 08:32:47,14.68,Paris,0.37,DEV_100,Online,Travel,0
TXN_008172,USR_0060,2026-01-10 01:46:38,56.96,Toronto,1.72,DEV_060,Online,Utilities,0
TXN_008173,USR_0015,2026-02-16 09:27:27,213.74,Toronto,3.8,DEV_015,POS,Utilities,0
TXN_008174,USR_0059,2026-03-02 12:31:52,61.97,Sydney,0.86,DEV_054,Online,Utilities,0
TXN_008175,USR_0015,2026-02-28 13:17:58,48.7,Toronto,1.95,DEV_015,Online,Gaming,0
TXN_008176,USR_0080,2026-01-08 15:13:47,94.44,New York,4.13,DEV_080,Online,Luxury,0
TXN_008177,USR_0082,2026-02-01 18:52:58,21.54,Tokyo,7.51,DEV_082,POS,Gaming,0
TXN_008178,USR_0042,2026-01-31 08:38:51,205.85,Tokyo,1.67,DEV_100,ATM,Travel,0
TXN_008179,USR_0050,2026-03-25 23:51:46,135.78,Tokyo,3.9,DEV_050,POS,Electronics,0
TXN_008180,USR_0048,2026-02-05 08:53:43,51.43,New York,3.57,DEV_048,POS,Gaming,0
TXN_008181,USR_0029,2026-03-22 09:44:57,173.94,Berlin,1.58,DEV_029,Online,Electronics,0
TXN_008182,USR_0092,2026-02-22 09:33:12,27.06,Paris,6.57,DEV_092,Online,Electronics,0
TXN_008183,USR_0065,2026-01-30 01:12:41,750.38,New York,4447.91,DEV_068,Online,Electronics,1
TXN_008184,USR_0017,2026-01-31 00:48:51,53.4,London,1.96,DEV_017,Online,Utilities,0
TXN_008185,USR_0079,2026-03-26 20:53:38,14.32,Toronto,9.96,DEV_079,Online,Grocery,0
TXN_008186,USR_0007,2026-02-07 15:21:05,104.67,Toronto,1.55,DEV_007,POS,Electronics,0
TXN_008187,USR_0009,2026-03-06 13:46:51,93.89,London,0.06,DEV_009,POS,Gaming,0
TXN_008188,USR_0037,2026-01-05 19:48:15,88.61,Berlin,11.49,DEV_044,POS,Transfer,0
TXN_008189,USR_0011,2026-03-21 20:46:45,64.65,Mumbai,0.85,DEV_011,POS,Electronics,0
TXN_008190,USR_0043,2026-02-06 23:08:09,253.6,Mumbai,2.18,DEV_043,POS,Electronics,0
TXN_008191,USR_0058,2026-03-10 11:20:03,117.56,Tokyo,8.75,DEV_058,POS,Electronics,0
TXN_008192,USR_0006,2026-01-10 06:01:49,49.18,Sydney,0.7,DEV_006,POS,Utilities,0
TXN_008193,USR_0032,2026-01-06 09:22:10,42.46,Tokyo,0.91,DEV_032,Wire Transfer,Utilities,0
TXN_008194,USR_0065,2026-03-31 15:23:09,126.58,London,8.54,DEV_065,ATM,Luxury,0
TXN_008195,USR_0076,2026-01-21 16:15:58,214.47,Paris,0.21,DEV_076,POS,Transfer,0
TXN_008196,USR_0056,2026-03-13 14:35:19,170.16,New York,1.7,DEV_056,Online,Grocery,0
TXN_008197,USR_0059,2026-03-29 05:11:27,27.74,Mumbai,4.07,DEV_059,Online,Electronics,0
TXN_008198,USR_0091,2026-03-07 15:23:55,257.91,Mumbai,5.83,DEV_091,POS,Grocery,0
TXN_008199,USR_0058,2026-02-17 03:36:31,218.44,Tokyo,5.23,DEV_058,ATM,Electronics,0
TXN_008200,USR_0069,2026-02-11 23:46:55,60.47,Berlin,2.38,DEV_069,Online,Utilities,0
TXN_008201,USR_0039,2026-02-09 09:48:39,1216.99,Tokyo,4272.86,DEV_060,Wire Transfer,Gaming,1
TXN_008202,USR_0090,2026-03-02 08:29:26,14.95,Tokyo,3.84,DEV_090,Wire Transfer,Electronics,0
TXN_008203,USR_0042,2026-01-15 08:53:47,23.99,Tokyo,5.24,DEV_042,Online,Gaming,0
TXN_008204,USR_0020,2026-01-16 06:55:27,40.65,Paris,1.55,DEV_020,Wire Transfer,Grocery,0
TXN_008205,USR_0069,2026-02-22 13:39:48,56.65,Berlin,0.23,DEV_028,POS,Transfer,0
TXN_008206,USR_0054,2026-03-17 06:12:27,140.13,Sydney,2.35,DEV_054,ATM,Travel,0
TXN_008207,USR_0089,2026-02-26 13:31:57,212.68,London,3.75,DEV_067,POS,Grocery,0
TXN_008208,USR_0017,2026-03-20 13:58:08,113.79,London,7.7,DEV_017,POS,Grocery,0
TXN_008209,USR_0085,2026-03-30 01:25:50,3413.38,Mumbai,4171.47,DEV_049,Wire Transfer,Electronics,1
TXN_008210,USR_0055,2026-02-03 16:04:23,85.71,Tokyo,18.62,DEV_055,POS,Transfer,0
TXN_008211,USR_0070,2026-02-04 19:15:01,72.55,Sydney,2.22,DEV_070,Wire Transfer,Transfer,0
TXN_008212,USR_0093,2026-02-10 08:06:01,70.75,Berlin,2.76,DEV_093,ATM,Utilities,0
TXN_008213,USR_0053,2026-01-04 08:23:24,17.16,Berlin,1.5,DEV_053,POS,Travel,0
TXN_008214,USR_0051,2026-03-06 01:41:35,60.68,Mumbai,6.34,DEV_051,POS,Electronics,0
TXN_008215,USR_0090,2026-03-15 09:06:33,12.42,Tokyo,0.81,DEV_090,Online,Luxury,0
TXN_008216,USR_0079,2026-02-06 23:08:46,1185.18,Tokyo,4122.69,DEV_032,Wire Transfer,Electronics,1
TXN_008217,USR_0052,2026-03-29 08:50:12,134.12,Paris,2.25,DEV_052,POS,Utilities,0
TXN_008218,USR_0066,2026-03-31 18:27:01,32.35,Tokyo,3.24,DEV_066,Online,Luxury,0
TXN_008219,USR_0064,2026-01-23 10:58:25,29.84,New York,10.11,DEV_100,Online,Transfer,0
TXN_008220,USR_0087,2026-02-23 17:12:32,40.33,Toronto,14.12,DEV_087,POS,Grocery,0
TXN_008221,USR_0006,2026-01-08 13:55:29,55.54,Sydney,4.05,DEV_006,POS,Travel,0
TXN_008222,USR_0053,2026-01-20 04:19:40,118.57,Berlin,0.5,DEV_053,Online,Gaming,0
TXN_008223,USR_0056,2026-02-13 03:04:55,204.66,New York,1.59,DEV_056,ATM,Luxury,0
TXN_008224,USR_0054,2026-03-13 09:48:05,84.42,Sydney,1.75,DEV_054,Online,Gaming,0
TXN_008225,USR_0002,2026-01-16 23:58:19,202.53,Tokyo,1.66,DEV_020,Online,Electronics,0
TXN_008226,USR_0056,2026-02-25 02:49:10,50.99,New York,0.57,DEV_056,Online,Travel,0
TXN_008227,USR_0060,2026-02-12 17:36:13,121.51,Paris,1.87,DEV_060,POS,Electronics,0
TXN_008228,USR_0010,2026-02-05 05:09:07,261.55,New York,2.1,DEV_010,POS,Electronics,0
TXN_008229,USR_0030,2026-01-28 16:54:24,78.73,Sydney,3.72,DEV_030,Wire Transfer,Transfer,0
TXN_008230,USR_0026,2026-01-04 09:42:04,47.74,Tokyo,4.74,DEV_026,POS,Gaming,0
TXN_008231,USR_0076,2026-02-28 10:11:26,133.67,Paris,0.68,DEV_076,POS,Luxury,0
TXN_008232,USR_0015,2026-01-31 00:21:23,48.27,Toronto,5.9,DEV_015,Online,Luxury,0
TXN_008233,USR_0004,2026-01-11 22:37:06,96.6,Paris,7.39,DEV_004,ATM,Electronics,0
TXN_008234,USR_0050,2026-01-27 06:24:58,34.77,Tokyo,5.32,DEV_050,POS,Utilities,0
TXN_008235,USR_0041,2026-03-07 04:33:57,152.55,London,1.15,DEV_041,ATM,Grocery,0
TXN_008236,USR_0040,2026-02-01 04:21:36,97.61,Sydney,4.82,DEV_040,ATM,Gaming,0
TXN_008237,USR_0031,2026-03-13 23:06:39,14.96,Toronto,6.66,DEV_031,ATM,Grocery,0
TXN_008238,USR_0045,2026-01-05 02:55:41,104.08,Berlin,1.93,DEV_045,Online,Gaming,0
TXN_008239,USR_0012,2026-01-11 10:55:13,110.68,Paris,13.12,DEV_012,ATM,Transfer,0
TXN_008240,USR_0024,2026-03-07 20:23:18,38.59,New York,3.88,DEV_024,Online,Grocery,0
TXN_008241,USR_0034,2026-01-16 12:06:33,20.81,Tokyo,6.0,DEV_034,Online,Utilities,0
TXN_008242,USR_0016,2026-02-26 02:50:45,31.74,New York,8.48,DEV_016,POS,Travel,0
TXN_008243,USR_0089,2026-02-07 17:07:51,47.36,Mumbai,20.17,DEV_089,POS,Utilities,0
TXN_008244,USR_0090,2026-03-31 12:55:07,12.65,Tokyo,14.73,DEV_098,Online,Transfer,0
TXN_008245,USR_0029,2026-01-11 22:55:12,13.84,Berlin,1.48,DEV_029,Online,Luxury,0
TXN_008246,USR_0023,2026-02-26 01:27:40,52.8,Toronto,9.32,DEV_023,Online,Luxury,0
TXN_008247,USR_0057,2026-01-06 06:48:47,53.3,London,0.9,DEV_057,POS,Luxury,0
TXN_008248,USR_0086,2026-01-04 18:55:52,42.14,Sydney,4.79,DEV_086,POS,Electronics,0
TXN_008249,USR_0032,2026-03-12 01:08:17,16.25,New York,16.91,DEV_032,Wire Transfer,Travel,0
TXN_008250,USR_0035,2026-01-27 01:50:39,275.45,Mumbai,0.98,DEV_035,POS,Grocery,0
TXN_008251,USR_0089,2026-02-24 14:41:04,40.58,London,4.86,DEV_089,POS,Grocery,0
TXN_008252,USR_0053,2026-02-10 17:12:28,116.5,Berlin,1.12,DEV_053,POS,Transfer,0
TXN_008253,USR_0068,2026-02-26 07:33:19,65.78,Paris,3.84,DEV_068,Online,Grocery,0
TXN_008254,USR_0009,2026-01-20 12:54:48,105.97,London,2.17,DEV_009,POS,Luxury,0
TXN_008255,USR_0063,2026-02-03 06:02:22,50.37,Toronto,9.83,DEV_063,Online,Transfer,0
TXN_008256,USR_0080,2026-01-17 02:25:30,68.24,New York,1.24,DEV_080,POS,Gaming,0
TXN_008257,USR_0077,2026-01-14 13:53:53,56.88,Berlin,9.72,DEV_077,Online,Luxury,0
TXN_008258,USR_0081,2026-03-15 15:35:40,188.49,London,14.98,DEV_081,Online,Travel,0
TXN_008259,USR_0004,2026-01-28 05:18:01,66.36,Paris,3.33,DEV_004,Online,Gaming,0
TXN_008260,USR_0082,2026-02-22 10:20:07,62.9,Tokyo,0.79,DEV_082,Online,Gaming,0
TXN_008261,USR_0034,2026-01-06 15:27:24,14.47,Tokyo,0.26,DEV_075,Online,Travel,0
TXN_008262,USR_0058,2026-02-02 09:05:51,48.91,Tokyo,3.26,DEV_058,Online,Utilities,0
TXN_008263,USR_0082,2026-03-26 14:47:04,138.59,Tokyo,0.62,DEV_134,POS,Electronics,0
TXN_008264,USR_0040,2026-01-13 16:29:14,72.44,New York,1.9,DEV_040,Online,Grocery,0
TXN_008265,USR_0059,2026-03-21 04:45:31,135.08,Mumbai,0.15,DEV_059,Online,Luxury,0
TXN_008266,USR_0027,2026-02-06 20:24:56,19.47,Mumbai,1.65,DEV_027,POS,Transfer,0
TXN_008267,USR_0042,2026-03-26 06:40:29,14.16,Tokyo,16.86,DEV_042,Online,Luxury,0
TXN_008268,USR_0052,2026-02-16 06:27:35,66.01,Paris,18.89,DEV_131,POS,Travel,0
TXN_008269,USR_0095,2026-01-09 04:24:10,26.17,Toronto,0.51,DEV_095,POS,Electronics,0
TXN_008270,USR_0074,2026-03-03 22:08:05,101.72,Tokyo,26.02,DEV_141,Wire Transfer,Luxury,0
TXN_008271,USR_0098,2026-01-25 11:46:03,41.26,Tokyo,0.05,DEV_098,POS,Luxury,0
TXN_008272,USR_0004,2026-02-26 18:04:28,133.23,Paris,9.48,DEV_004,POS,Travel,0
TXN_008273,USR_0085,2026-01-31 00:11:05,158.89,Berlin,14.22,DEV_085,POS,Utilities,0
TXN_008274,USR_0027,2026-02-16 00:55:35,111.06,Mumbai,0.28,DEV_059,POS,Grocery,0
TXN_008275,USR_0019,2026-01-09 00:18:08,114.81,Mumbai,1.84,DEV_019,Online,Grocery,0
TXN_008276,USR_0013,2026-03-29 21:38:53,66.44,Berlin,0.32,DEV_009,POS,Grocery,0
TXN_008277,USR_0090,2026-01-15 05:53:17,26.94,Tokyo,17.72,DEV_090,POS,Electronics,0
TXN_008278,USR_0066,2026-03-13 09:48:38,676.09,London,1797.78,DEV_010,ATM,Transfer,1
TXN_008279,USR_0089,2026-01-16 07:03:53,117.72,London,1.03,DEV_089,Online,Grocery,0
TXN_008280,USR_0059,2026-02-18 09:16:31,39.38,Mumbai,2.6,DEV_059,Online,Utilities,0
TXN_008281,USR_0040,2026-01-22 03:15:31,41.49,New York,5.03,DEV_040,Online,Utilities,0
TXN_008282,USR_0072,2026-01-21 01:24:53,314.66,New York,2.08,DEV_072,Wire Transfer,Luxury,0
TXN_008283,USR_0076,2026-01-11 19:36:20,300.94,Paris,7.35,DEV_076,ATM,Transfer,0
TXN_008284,USR_0094,2026-02-14 09:30:20,100.89,Sydney,3.44,DEV_094,Online,Utilities,0
TXN_008285,USR_0067,2026-03-19 03:45:22,88.52,Mumbai,5.84,DEV_067,POS,Transfer,0
TXN_008286,USR_0059,2026-02-16 23:05:22,40.92,Mumbai,2.07,DEV_059,Online,Luxury,0
TXN_008287,USR_0019,2026-03-11 06:24:50,109.17,Mumbai,7.8,DEV_019,Online,Luxury,0
TXN_008288,USR_0092,2026-02-25 09:13:47,150.69,New York,1.64,DEV_092,POS,Electronics,0
TXN_008289,USR_0081,2026-02-02 09:19:51,96.95,London,3.11,DEV_081,POS,Transfer,0
TXN_008290,USR_0100,2026-03-02 21:24:40,31.59,Paris,3.11,DEV_100,Online,Transfer,0
TXN_008291,USR_0070,2026-01-22 09:48:53,130.3,Toronto,0.57,DEV_080,POS,Luxury,0
TXN_008292,USR_0065,2026-02-03 09:04:36,39.7,London,2.71,DEV_065,POS,Travel,0
TXN_008293,USR_0098,2026-02-19 03:46:49,25.8,Tokyo,6.25,DEV_098,POS,Transfer,0
TXN_008294,USR_0082,2026-03-17 22:47:25,24.72,Tokyo,13.63,DEV_082,POS,Luxury,0
TXN_008295,USR_0073,2026-02-02 23:18:32,346.0,London,1.27,DEV_073,Online,Gaming,0
TXN_008296,USR_0030,2026-01-10 05:52:45,101.5,Sydney,0.21,DEV_030,POS,Luxury,0
TXN_008297,USR_0081,2026-01-07 16:28:45,92.2,London,0.38,DEV_081,POS,Grocery,0
TXN_008298,USR_0054,2026-03-13 15:30:24,444.11,Sydney,2.71,DEV_054,ATM,Utilities,0
TXN_008299,USR_0074,2026-01-02 22:55:29,16.24,Tokyo,4.03,DEV_074,POS,Luxury,0
TXN_008300,USR_0019,2026-02-26 07:20:29,38.83,Mumbai,9.0,DEV_027,POS,Travel,0
TXN_008301,USR_0038,2026-01-01 13:54:00,13.72,New York,1.03,DEV_038,Wire Transfer,Gaming,0
TXN_008302,USR_0020,2026-03-20 20:24:16,20.88,Paris,10.24,DEV_020,ATM,Grocery,0
TXN_008303,USR_0011,2026-03-24 23:14:00,112.99,Mumbai,13.93,DEV_103,Wire Transfer,Utilities,0
TXN_008304,USR_0008,2026-01-16 06:38:24,39.57,New York,11.51,DEV_118,POS,Transfer,0
TXN_008305,USR_0084,2026-03-09 12:54:57,35.62,Paris,15.32,DEV_084,Online,Travel,0
TXN_008306,USR_0067,2026-02-06 01:02:13,80.52,Mumbai,8.22,DEV_067,Online,Travel,0
TXN_008307,USR_0090,2026-03-19 14:28:16,62.8,Tokyo,3.04,DEV_077,POS,Luxury,0
TXN_008308,USR_0026,2026-02-16 08:35:16,246.16,Tokyo,4.19,DEV_026,Online,Transfer,0
TXN_008309,USR_0061,2026-01-31 01:59:28,21.28,Berlin,8.56,DEV_061,Online,Electronics,0
TXN_008310,USR_0037,2026-02-02 15:34:11,164.66,Berlin,1.07,DEV_037,Online,Transfer,0
TXN_008311,USR_0014,2026-03-30 04:17:23,151.48,Sydney,0.72,DEV_014,POS,Electronics,0
TXN_008312,USR_0057,2026-03-22 15:20:55,100.49,London,7.13,DEV_057,Online,Transfer,0
TXN_008313,USR_0015,2026-01-12 11:46:49,87.39,Toronto,0.73,DEV_118,POS,Utilities,0
TXN_008314,USR_0076,2026-02-18 06:12:19,4710.05,Berlin,3147.83,DEV_047,Wire Transfer,Gaming,1
TXN_008315,USR_0045,2026-03-02 23:16:08,3025.13,New York,640.53,DEV_100,ATM,Luxury,1
TXN_008316,USR_0028,2026-01-23 22:12:28,147.1,Paris,3.06,DEV_028,POS,Utilities,0
TXN_008317,USR_0008,2026-01-09 01:47:48,23.36,New York,1.68,DEV_053,Online,Gaming,0
TXN_008318,USR_0014,2026-03-25 01:11:14,202.88,Sydney,12.76,DEV_014,POS,Grocery,0
TXN_008319,USR_0023,2026-01-22 05:20:09,249.67,Toronto,9.42,DEV_023,Online,Luxury,0
TXN_008320,USR_0067,2026-03-16 06:14:17,119.69,Mumbai,14.01,DEV_023,Online,Utilities,0
TXN_008321,USR_0016,2026-02-18 01:41:25,39.15,New York,0.6,DEV_016,Online,Grocery,0
TXN_008322,USR_0024,2026-01-28 11:38:14,253.07,New York,7.11,DEV_024,Online,Utilities,0
TXN_008323,USR_0050,2026-03-25 12:41:55,61.37,Tokyo,2.4,DEV_050,ATM,Luxury,0
TXN_008324,USR_0010,2026-03-27 13:26:57,42.01,Tokyo,3.47,DEV_145,ATM,Transfer,0
TXN_008325,USR_0093,2026-01-08 16:50:56,85.57,Berlin,4.13,DEV_093,Online,Transfer,0
TXN_008326,USR_0050,2026-01-07 18:02:12,199.78,Tokyo,0.41,DEV_050,ATM,Luxury,0
TXN_008327,USR_0015,2026-03-06 20:51:09,60.6,Toronto,0.37,DEV_053,POS,Electronics,0
TXN_008328,USR_0059,2026-01-03 17:48:14,13.95,Mumbai,2.35,DEV_059,Wire Transfer,Luxury,0
TXN_008329,USR_0011,2026-03-05 18:32:02,72.22,Mumbai,0.07,DEV_011,Online,Electronics,0
TXN_008330,USR_0094,2026-01-15 15:27:10,34.28,Sydney,3.11,DEV_094,POS,Grocery,0
TXN_008331,USR_0088,2026-02-21 05:55:29,142.22,New York,12.6,DEV_088,Online,Travel,0
TXN_008332,USR_0024,2026-03-02 00:51:21,3165.98,Toronto,3497.13,DEV_003,ATM,Transfer,1
TXN_008333,USR_0054,2026-02-02 23:31:24,78.81,Sydney,3.11,DEV_054,POS,Luxury,0
TXN_008334,USR_0098,2026-01-15 07:06:23,325.8,Tokyo,1.49,DEV_098,Online,Transfer,0
TXN_008335,USR_0058,2026-03-23 20:30:30,33.44,Tokyo,2.33,DEV_058,POS,Grocery,0
TXN_008336,USR_0010,2026-03-30 09:28:15,18.49,Tokyo,2.18,DEV_010,POS,Luxury,0
TXN_008337,USR_0036,2026-03-20 18:11:25,1083.78,Mumbai,1569.63,DEV_104,ATM,Transfer,1
TXN_008338,USR_0098,2026-03-20 13:35:53,65.87,Tokyo,3.82,DEV_098,Online,Travel,0
TXN_008339,USR_0054,2026-02-04 11:33:28,112.25,Sydney,0.23,DEV_054,Online,Transfer,0
TXN_008340,USR_0062,2026-01-24 05:03:45,79.74,Sydney,6.26,DEV_062,POS,Utilities,0
TXN_008341,USR_0060,2026-01-23 10:22:34,64.56,Paris,3.13,DEV_060,POS,Utilities,0
TXN_008342,USR_0095,2026-03-10 20:57:19,17.16,Toronto,7.26,DEV_095,Wire Transfer,Travel,0
TXN_008343,USR_0078,2026-03-05 22:23:54,17.03,Sydney,0.39,DEV_078,Online,Travel,0
TXN_008344,USR_0031,2026-03-17 16:54:05,98.82,Toronto,2.31,DEV_031,ATM,Travel,0
TXN_008345,USR_0079,2026-03-31 13:05:40,119.0,Toronto,1.96,DEV_079,Online,Grocery,0
TXN_008346,USR_0021,2026-02-28 12:38:40,59.45,Berlin,0.84,DEV_021,Online,Grocery,0
TXN_008347,USR_0084,2026-03-08 06:53:51,48.57,Paris,1.1,DEV_084,Online,Travel,0
TXN_008348,USR_0068,2026-02-15 18:03:59,95.42,Paris,5.12,DEV_105,Online,Utilities,0
TXN_008349,USR_0015,2026-01-18 22:05:05,47.05,Toronto,0.84,DEV_019,POS,Luxury,0
TXN_008350,USR_0065,2026-02-04 07:50:12,17.79,London,0.85,DEV_065,POS,Luxury,0
TXN_008351,USR_0088,2026-03-16 12:12:46,84.59,New York,8.6,DEV_088,Online,Grocery,0
TXN_008352,USR_0085,2026-01-08 05:49:30,50.18,Berlin,19.37,DEV_058,Online,Electronics,0
TXN_008353,USR_0097,2026-02-17 02:03:28,121.06,London,3.56,DEV_086,Online,Gaming,0
TXN_008354,USR_0093,2026-03-03 16:12:04,355.2,Berlin,4.21,DEV_093,Online,Luxury,0
TXN_008355,USR_0017,2026-03-08 17:26:32,17.25,London,1.13,DEV_017,POS,Transfer,0
TXN_008356,USR_0085,2026-03-05 13:02:39,272.93,Berlin,9.06,DEV_085,POS,Utilities,0
TXN_008357,USR_0064,2026-01-26 02:41:45,38.83,New York,1.26,DEV_064,Online,Grocery,0
TXN_008358,USR_0090,2026-02-25 00:48:49,1865.43,Mumbai,1278.48,DEV_144,Wire Transfer,Gaming,1
TXN_008359,USR_0036,2026-03-09 21:24:28,24.9,Paris,3.12,DEV_036,Online,Travel,0
TXN_008360,USR_0024,2026-02-27 07:37:44,28.18,New York,0.82,DEV_024,Online,Transfer,0
TXN_008361,USR_0061,2026-03-16 19:38:58,32.76,Berlin,3.75,DEV_061,POS,Luxury,0
TXN_008362,USR_0093,2026-02-24 15:52:25,143.38,Berlin,1.9,DEV_093,POS,Travel,0
TXN_008363,USR_0040,2026-02-06 07:02:52,60.43,New York,1.86,DEV_040,Online,Electronics,0
TXN_008364,USR_0098,2026-03-15 23:06:40,25.01,Tokyo,0.05,DEV_098,POS,Transfer,0
TXN_008365,USR_0059,2026-03-02 09:15:23,302.94,Tokyo,2.2,DEV_059,POS,Travel,0
TXN_008366,USR_0098,2026-01-05 01:30:56,16.42,Tokyo,2.2,DEV_098,ATM,Luxury,0
TXN_008367,USR_0049,2026-03-24 04:09:14,76.2,London,3.45,DEV_049,ATM,Travel,0
TXN_008368,USR_0026,2026-02-22 17:27:57,63.52,Tokyo,3.85,DEV_026,POS,Transfer,0
TXN_008369,USR_0070,2026-02-09 01:18:45,61.85,Sydney,2.74,DEV_070,POS,Electronics,0
TXN_008370,USR_0017,2026-03-07 01:56:53,32.71,London,1.13,DEV_017,POS,Electronics,0
TXN_008371,USR_0058,2026-02-11 01:40:27,118.2,Tokyo,7.48,DEV_058,POS,Grocery,0
TXN_008372,USR_0097,2026-02-15 11:17:16,13.63,London,23.23,DEV_097,POS,Transfer,0
TXN_008373,USR_0082,2026-03-21 00:04:04,108.55,Tokyo,7.18,DEV_082,Wire Transfer,Utilities,0
TXN_008374,USR_0048,2026-01-28 00:54:16,221.56,New York,2.61,DEV_048,Wire Transfer,Electronics,0
TXN_008375,USR_0090,2026-01-08 16:52:26,32.01,Tokyo,0.23,DEV_090,Online,Travel,0
TXN_008376,USR_0079,2026-03-30 16:03:28,58.81,Toronto,6.05,DEV_139,POS,Electronics,0
TXN_008377,USR_0050,2026-03-08 16:56:59,25.77,Tokyo,3.05,DEV_050,Online,Gaming,0
TXN_008378,USR_0031,2026-01-28 02:30:58,170.2,Toronto,0.63,DEV_031,POS,Electronics,0
TXN_008379,USR_0020,2026-01-02 01:23:25,35.32,Sydney,4.12,DEV_020,POS,Luxury,0
TXN_008380,USR_0092,2026-03-19 22:19:59,99.44,Paris,3.91,DEV_092,POS,Grocery,0
TXN_008381,USR_0016,2026-03-24 07:55:32,12.78,New York,2.46,DEV_016,Online,Transfer,0
TXN_008382,USR_0072,2026-02-27 15:52:33,43.68,New York,1.0,DEV_072,ATM,Utilities,0
TXN_008383,USR_0097,2026-03-26 07:08:47,25.3,London,3.65,DEV_145,Online,Travel,0
TXN_008384,USR_0005,2026-03-04 01:58:05,78.37,Berlin,0.46,DEV_005,Online,Luxury,0
TXN_008385,USR_0069,2026-01-09 02:32:17,68.81,Berlin,0.44,DEV_069,ATM,Gaming,0
TXN_008386,USR_0004,2026-01-06 02:34:35,210.63,Paris,19.38,DEV_004,POS,Grocery,0
TXN_008387,USR_0011,2026-01-13 03:30:57,233.81,Mumbai,2.92,DEV_011,Online,Grocery,0
TXN_008388,USR_0031,2026-01-15 15:22:09,15.87,Toronto,3.59,DEV_031,Online,Grocery,0
TXN_008389,USR_0018,2026-03-13 17:21:11,61.8,Tokyo,5.71,DEV_018,Online,Luxury,0
TXN_008390,USR_0035,2026-03-02 07:22:04,82.15,Mumbai,1.08,DEV_035,POS,Grocery,0
TXN_008391,USR_0037,2026-03-04 19:45:34,10.72,Berlin,7.72,DEV_110,Online,Gaming,0
TXN_008392,USR_0069,2026-01-25 15:23:03,21.24,Berlin,6.37,DEV_142,ATM,Utilities,0
TXN_008393,USR_0032,2026-02-18 22:14:12,77.52,New York,6.69,DEV_032,Online,Utilities,0
TXN_008394,USR_0094,2026-03-04 22:53:02,25.72,Sydney,1.14,DEV_094,POS,Transfer,0
TXN_008395,USR_0079,2026-03-23 14:52:37,97.3,Toronto,0.32,DEV_079,Online,Transfer,0
TXN_008396,USR_0029,2026-01-13 22:04:34,23.87,Berlin,1.6,DEV_029,POS,Utilities,0
TXN_008397,USR_0010,2026-01-20 16:12:02,18.88,Tokyo,0.43,DEV_010,POS,Electronics,0
TXN_008398,USR_0031,2026-02-24 00:55:10,69.35,Toronto,5.06,DEV_031,Online,Travel,0
TXN_008399,USR_0033,2026-02-26 03:26:04,94.25,London,3.31,DEV_119,Online,Grocery,0
TXN_008400,USR_0042,2026-01-07 05:09:15,138.99,Tokyo,7.75,DEV_042,POS,Transfer,0
TXN_008401,USR_0068,2026-02-22 15:24:08,86.54,Paris,11.9,DEV_068,POS,Luxury,0
TXN_008402,USR_0092,2026-02-01 23:15:54,14.18,Paris,35.64,DEV_092,POS,Gaming,0
TXN_008403,USR_0060,2026-02-06 09:44:05,177.35,Paris,2.03,DEV_060,Online,Utilities,0
TXN_008404,USR_0016,2026-03-17 12:29:37,41.94,New York,3.61,DEV_016,Wire Transfer,Grocery,0
TXN_008405,USR_0008,2026-01-16 04:42:37,45.51,New York,1.94,DEV_041,Online,Gaming,0
TXN_008406,USR_0011,2026-01-13 18:54:56,58.36,Sydney,1.83,DEV_011,Online,Travel,0
TXN_008407,USR_0054,2026-01-12 02:05:11,17.39,Sydney,2.36,DEV_054,POS,Electronics,0
TXN_008408,USR_0034,2026-03-03 13:22:39,135.47,Tokyo,2.94,DEV_034,POS,Electronics,0
TXN_008409,USR_0026,2026-02-23 22:45:42,28.28,Tokyo,5.83,DEV_043,Online,Gaming,0
TXN_008410,USR_0018,2026-03-12 00:26:06,11.43,Tokyo,1.74,DEV_053,Online,Luxury,0
TXN_008411,USR_0039,2026-03-31 21:09:12,79.05,Toronto,4.51,DEV_039,Wire Transfer,Electronics,0
TXN_008412,USR_0077,2026-02-11 01:40:54,17.46,Berlin,2.26,DEV_077,POS,Grocery,0
TXN_008413,USR_0038,2026-03-20 23:13:26,17.23,Sydney,4.62,DEV_106,POS,Electronics,0
TXN_008414,USR_0042,2026-02-07 13:55:04,16.39,Tokyo,1.2,DEV_042,ATM,Electronics,0
TXN_008415,USR_0064,2026-03-25 23:47:41,18.54,New York,2.99,DEV_064,POS,Travel,0
TXN_008416,USR_0028,2026-03-08 08:53:31,14.47,Paris,5.57,DEV_028,Wire Transfer,Gaming,0
TXN_008417,USR_0018,2026-02-13 23:22:32,108.77,Tokyo,9.42,DEV_018,POS,Utilities,0
TXN_008418,USR_0092,2026-01-25 19:38:19,17.16,Paris,1.05,DEV_092,POS,Utilities,0
TXN_008419,USR_0081,2026-01-05 14:18:22,67.15,London,1.58,DEV_081,POS,Transfer,0
TXN_008420,USR_0061,2026-01-14 23:10:55,65.04,Berlin,9.76,DEV_108,Online,Grocery,0
TXN_008421,USR_0069,2026-03-13 20:56:43,45.34,Berlin,4.14,DEV_069,POS,Transfer,0
TXN_008422,USR_0041,2026-01-23 19:36:52,46.17,London,7.36,DEV_041,Online,Gaming,0
TXN_008423,USR_0023,2026-02-03 00:52:17,118.16,Toronto,0.41,DEV_023,Online,Travel,0
TXN_008424,USR_0086,2026-01-12 05:06:50,22.08,Sydney,0.28,DEV_086,ATM,Electronics,0
TXN_008425,USR_0014,2026-03-14 12:30:34,13.84,Sydney,0.38,DEV_014,POS,Utilities,0
TXN_008426,USR_0027,2026-03-10 11:43:29,39.82,Paris,2.72,DEV_027,Online,Gaming,0
TXN_008427,USR_0052,2026-01-16 23:03:54,54.35,Paris,11.1,DEV_075,Online,Gaming,0
TXN_008428,USR_0089,2026-02-21 23:25:21,47.59,London,1.56,DEV_089,POS,Luxury,0
TXN_008429,USR_0043,2026-02-07 19:40:21,2542.46,Paris,2641.3,DEV_102,ATM,Transfer,1
TXN_008430,USR_0071,2026-02-12 10:43:18,23.29,Toronto,3.13,DEV_071,POS,Electronics,0
TXN_008431,USR_0050,2026-01-27 08:30:23,121.58,London,0.83,DEV_050,ATM,Travel,0
TXN_008432,USR_0021,2026-01-24 06:47:45,19.82,Berlin,3.76,DEV_097,POS,Gaming,0
TXN_008433,USR_0030,2026-02-27 19:12:02,46.75,Sydney,4.49,DEV_030,ATM,Luxury,0
TXN_008434,USR_0095,2026-02-24 20:25:25,106.8,Toronto,0.37,DEV_095,ATM,Gaming,0
TXN_008435,USR_0074,2026-01-04 04:57:09,21.31,Tokyo,12.62,DEV_074,ATM,Transfer,0
TXN_008436,USR_0084,2026-02-12 20:30:19,121.65,Paris,3.16,DEV_084,Online,Transfer,0
TXN_008437,USR_0094,2026-01-18 19:18:55,16.8,Sydney,8.09,DEV_094,POS,Transfer,0
TXN_008438,USR_0011,2026-03-17 03:44:03,35.74,Toronto,4.14,DEV_011,Wire Transfer,Travel,0
TXN_008439,USR_0086,2026-02-23 04:26:22,38.39,Sydney,1.77,DEV_086,Online,Transfer,0
TXN_008440,USR_0085,2026-01-12 05:42:05,51.21,Berlin,18.58,DEV_085,Online,Electronics,0
TXN_008441,USR_0069,2026-01-14 05:30:41,46.87,Berlin,1.78,DEV_030,POS,Transfer,0
TXN_008442,USR_0053,2026-01-30 16:13:55,170.4,Berlin,5.03,DEV_053,POS,Gaming,0
TXN_008443,USR_0076,2026-02-05 16:09:43,32.07,Sydney,5.45,DEV_076,POS,Luxury,0
TXN_008444,USR_0003,2026-02-17 04:05:34,14.53,Mumbai,13.93,DEV_067,POS,Grocery,0
TXN_008445,USR_0090,2026-01-02 06:49:46,107.13,Tokyo,3.12,DEV_090,POS,Transfer,0
TXN_008446,USR_0037,2026-01-09 15:16:18,18.74,Berlin,7.39,DEV_037,Online,Grocery,0
TXN_008447,USR_0015,2026-02-26 14:34:12,69.1,Toronto,1.92,DEV_015,Wire Transfer,Luxury,0
TXN_008448,USR_0077,2026-03-07 21:25:07,32.13,Berlin,4.14,DEV_077,Online,Grocery,0
TXN_008449,USR_0036,2026-03-31 23:21:45,168.03,Paris,12.52,DEV_036,ATM,Transfer,0
TXN_008450,USR_0094,2026-01-24 17:17:19,11.05,Paris,3.83,DEV_094,POS,Transfer,0
TXN_008451,USR_0099,2026-01-25 05:46:00,54.12,Mumbai,1.95,DEV_099,POS,Grocery,0
TXN_008452,USR_0086,2026-01-11 21:41:30,120.92,London,7.11,DEV_086,POS,Gaming,0
TXN_008453,USR_0015,2026-01-13 00:53:01,107.52,Toronto,13.76,DEV_015,Online,Utilities,0
TXN_008454,USR_0093,2026-01-14 08:44:41,20.03,Berlin,8.29,DEV_093,POS,Travel,0
TXN_008455,USR_0016,2026-03-12 01:11:52,13.47,Tokyo,7.04,DEV_016,ATM,Gaming,0
TXN_008456,USR_0066,2026-03-07 07:41:49,37.88,Tokyo,4.97,DEV_066,POS,Grocery,0
TXN_008457,USR_0033,2026-01-14 03:11:08,56.61,Mumbai,0.94,DEV_033,POS,Grocery,0
TXN_008458,USR_0052,2026-01-23 11:01:36,50.63,Paris,1.27,DEV_055,Online,Grocery,0
TXN_008459,USR_0002,2026-01-08 17:05:15,18.59,Tokyo,2.03,DEV_002,Online,Transfer,0
TXN_008460,USR_0018,2026-01-03 01:55:00,64.13,Tokyo,7.31,DEV_018,Online,Utilities,0
TXN_008461,USR_0044,2026-02-25 19:20:43,707.66,Toronto,4968.78,DEV_103,Wire Transfer,Electronics,1
TXN_008462,USR_0038,2026-01-28 05:55:02,108.11,Sydney,9.38,DEV_038,ATM,Gaming,0
TXN_008463,USR_0020,2026-01-09 23:27:03,109.35,Paris,1.51,DEV_020,Wire Transfer,Electronics,0
TXN_008464,USR_0053,2026-03-06 02:48:15,36.51,New York,3.81,DEV_053,ATM,Travel,0
TXN_008465,USR_0005,2026-01-16 11:54:09,11.79,Berlin,9.33,DEV_005,Online,Electronics,0
TXN_008466,USR_0015,2026-02-15 05:14:07,32.76,Toronto,7.63,DEV_015,ATM,Gaming,0
TXN_008467,USR_0098,2026-02-21 22:10:39,65.03,Tokyo,0.65,DEV_129,Online,Gaming,0
TXN_008468,USR_0072,2026-01-04 17:06:08,10.29,New York,0.52,DEV_072,Online,Transfer,0
TXN_008469,USR_0065,2026-02-01 17:57:02,24.47,London,3.09,DEV_065,ATM,Grocery,0
TXN_008470,USR_0002,2026-01-12 05:19:30,79.76,Tokyo,2.18,DEV_105,POS,Grocery,0
TXN_008471,USR_0045,2026-03-05 22:19:41,1130.14,Tokyo,773.08,DEV_068,Wire Transfer,Gaming,1
TXN_008472,USR_0083,2026-02-19 16:43:32,31.65,Mumbai,2.23,DEV_083,POS,Electronics,0
TXN_008473,USR_0086,2026-01-19 08:25:57,11.26,Sydney,2.61,DEV_105,Online,Utilities,0
TXN_008474,USR_0036,2026-03-30 02:28:32,71.88,Paris,8.45,DEV_036,ATM,Luxury,0
TXN_008475,USR_0009,2026-02-22 19:26:40,103.7,London,0.48,DEV_009,POS,Gaming,0
TXN_008476,USR_0043,2026-02-18 23:12:09,42.09,Mumbai,2.91,DEV_043,Online,Luxury,0
TXN_008477,USR_0067,2026-02-28 07:18:36,11.12,Mumbai,1.63,DEV_067,ATM,Electronics,0
TXN_008478,USR_0051,2026-02-27 04:43:50,90.76,Mumbai,7.94,DEV_051,Online,Grocery,0
TXN_008479,USR_0094,2026-01-26 09:07:10,164.75,Sydney,8.9,DEV_094,Online,Gaming,0
TXN_008480,USR_0096,2026-03-02 09:17:57,19.58,New York,3.71,DEV_096,POS,Gaming,0
TXN_008481,USR_0093,2026-01-15 12:27:11,76.47,Berlin,3.01,DEV_093,ATM,Utilities,0
TXN_008482,USR_0051,2026-02-14 00:37:47,40.33,Mumbai,5.89,DEV_051,ATM,Luxury,0
TXN_008483,USR_0066,2026-03-07 10:32:12,116.8,Tokyo,2.66,DEV_066,POS,Grocery,0
TXN_008484,USR_0087,2026-03-16 10:45:52,47.01,Toronto,0.57,DEV_087,Online,Gaming,0
TXN_008485,USR_0073,2026-01-05 16:13:00,35.52,London,2.38,DEV_073,Online,Electronics,0
TXN_008486,USR_0079,2026-03-11 15:51:49,36.57,Toronto,5.23,DEV_079,Online,Grocery,0
TXN_008487,USR_0041,2026-01-29 10:35:55,14.26,London,0.63,DEV_041,Online,Gaming,0
TXN_008488,USR_0047,2026-02-09 11:09:49,25.61,Toronto,17.61,DEV_047,Online,Utilities,0
TXN_008489,USR_0084,2026-01-01 17:19:54,27.99,Paris,1.47,DEV_084,Wire Transfer,Grocery,0
TXN_008490,USR_0025,2026-02-16 07:07:54,704.51,Toronto,699.28,DEV_073,ATM,Gaming,1
TXN_008491,USR_0019,2026-01-07 00:09:11,109.67,Mumbai,3.69,DEV_019,ATM,Gaming,0
TXN_008492,USR_0082,2026-02-01 19:47:32,213.97,Tokyo,1.13,DEV_082,Online,Transfer,0
TXN_008493,USR_0078,2026-01-21 02:13:27,24.74,Sydney,3.81,DEV_078,Online,Travel,0
TXN_008494,USR_0035,2026-01-08 09:48:00,38.97,Mumbai,0.36,DEV_035,Online,Transfer,0
TXN_008495,USR_0092,2026-02-21 03:25:08,45.65,Paris,2.34,DEV_092,POS,Transfer,0
TXN_008496,USR_0021,2026-02-23 04:38:50,18.37,Berlin,0.42,DEV_021,Online,Transfer,0
TXN_008497,USR_0041,2026-01-01 06:46:51,59.98,London,4.8,DEV_034,Online,Grocery,0
TXN_008498,USR_0012,2026-02-21 13:24:13,90.77,Paris,15.9,DEV_012,ATM,Grocery,0
TXN_008499,USR_0001,2026-01-05 13:21:17,191.51,London,1.6,DEV_041,Online,Luxury,0
TXN_008500,USR_0038,2026-03-16 13:30:16,86.25,Sydney,2.69,DEV_038,ATM,Travel,0
TXN_008501,USR_0050,2026-01-18 03:13:50,121.83,New York,2.54,DEV_050,POS,Utilities,0
TXN_008502,USR_0053,2026-02-11 04:09:31,72.63,Berlin,11.86,DEV_053,POS,Travel,0
TXN_008503,USR_0074,2026-03-13 20:06:35,128.23,Tokyo,2.06,DEV_132,POS,Travel,0
TXN_008504,USR_0021,2026-03-26 13:27:23,13.73,Berlin,6.44,DEV_021,Online,Travel,0
TXN_008505,USR_0055,2026-03-22 12:55:41,62.5,Toronto,0.28,DEV_055,POS,Grocery,0
TXN_008506,USR_0023,2026-01-18 22:46:49,25.08,Toronto,10.61,DEV_023,Online,Utilities,0
TXN_008507,USR_0050,2026-03-28 05:13:02,54.04,Tokyo,10.68,DEV_050,POS,Gaming,0
TXN_008508,USR_0037,2026-02-28 16:27:40,10.13,Berlin,3.66,DEV_037,POS,Travel,0
TXN_008509,USR_0067,2026-01-21 01:41:39,68.75,Mumbai,9.36,DEV_067,POS,Transfer,0
TXN_008510,USR_0074,2026-03-11 12:08:57,54.86,Tokyo,3.15,DEV_052,POS,Luxury,0
TXN_008511,USR_0098,2026-01-02 05:09:01,83.6,Tokyo,2.0,DEV_098,Online,Luxury,0
TXN_008512,USR_0023,2026-03-16 17:35:25,22.47,Toronto,0.75,DEV_023,ATM,Electronics,0
TXN_008513,USR_0092,2026-03-24 21:55:59,87.4,Paris,0.36,DEV_092,POS,Luxury,0
TXN_008514,USR_0011,2026-02-20 11:19:55,45.17,Mumbai,1.8,DEV_011,Online,Electronics,0
TXN_008515,USR_0042,2026-02-02 08:34:21,24.43,Tokyo,15.75,DEV_042,POS,Grocery,0
TXN_008516,USR_0088,2026-01-29 01:18:19,162.88,New York,5.2,DEV_088,ATM,Transfer,0
TXN_008517,USR_0056,2026-03-20 02:22:45,21.39,New York,4.17,DEV_056,POS,Utilities,0
TXN_008518,USR_0018,2026-03-20 21:43:34,14.69,Tokyo,7.78,DEV_018,Online,Electronics,0
TXN_008519,USR_0049,2026-03-12 16:51:31,58.07,London,0.82,DEV_049,ATM,Travel,0
TXN_008520,USR_0021,2026-01-27 08:07:06,45.24,Berlin,0.5,DEV_021,POS,Travel,0
TXN_008521,USR_0063,2026-02-15 02:11:46,103.28,Toronto,0.62,DEV_063,Online,Gaming,0
TXN_008522,USR_0034,2026-01-29 17:57:35,94.19,Tokyo,8.53,DEV_034,Online,Transfer,0
TXN_008523,USR_0066,2026-03-15 22:08:07,80.66,Tokyo,0.12,DEV_066,Online,Electronics,0
TXN_008524,USR_0054,2026-02-09 10:16:48,127.94,Sydney,0.89,DEV_054,Online,Transfer,0
TXN_008525,USR_0089,2026-01-21 08:16:59,10.01,London,0.05,DEV_089,Online,Travel,0
TXN_008526,USR_0083,2026-01-17 16:55:19,2645.73,London,4694.06,DEV_023,ATM,Gaming,1
TXN_008527,USR_0013,2026-02-23 18:37:49,132.73,Berlin,0.49,DEV_013,POS,Transfer,0
TXN_008528,USR_0047,2026-01-27 17:09:35,145.73,Toronto,1.86,DEV_047,Online,Travel,0
TXN_008529,USR_0014,2026-02-05 08:15:41,78.06,Sydney,13.16,DEV_014,POS,Travel,0
TXN_008530,USR_0084,2026-02-25 21:16:12,15.39,Paris,5.71,DEV_084,ATM,Transfer,0
TXN_008531,USR_0019,2026-03-21 22:48:51,10.55,Mumbai,1.9,DEV_019,POS,Grocery,0
TXN_008532,USR_0009,2026-03-08 04:21:56,263.4,London,5.19,DEV_009,Online,Transfer,0
TXN_008533,USR_0058,2026-02-06 11:40:53,23.86,Tokyo,8.5,DEV_058,Online,Travel,0
TXN_008534,USR_0026,2026-02-07 12:50:48,50.61,Tokyo,0.09,DEV_026,Online,Grocery,0
TXN_008535,USR_0087,2026-03-26 09:24:24,71.69,Toronto,10.51,DEV_134,Online,Luxury,0
TXN_008536,USR_0057,2026-01-22 15:05:36,100.91,London,0.06,DEV_057,POS,Utilities,0
TXN_008537,USR_0044,2026-03-16 13:53:45,36.66,Paris,2.36,DEV_030,Online,Electronics,0
TXN_008538,USR_0066,2026-03-12 21:42:20,113.9,Tokyo,8.45,DEV_066,Online,Electronics,0
TXN_008539,USR_0025,2026-01-03 03:29:17,29.44,London,5.08,DEV_025,Online,Electronics,0
TXN_008540,USR_0028,2026-03-17 16:08:50,409.95,Sydney,1649.45,DEV_010,Wire Transfer,Transfer,1
TXN_008541,USR_0002,2026-01-23 16:59:26,67.07,Tokyo,2.49,DEV_002,POS,Transfer,0
TXN_008542,USR_0017,2026-03-24 19:43:10,13.94,London,2.76,DEV_017,Online,Travel,0
TXN_008543,USR_0069,2026-02-15 01:27:40,37.42,Berlin,4.31,DEV_069,POS,Gaming,0
TXN_008544,USR_0056,2026-03-30 00:10:03,112.82,New York,0.35,DEV_056,POS,Luxury,0
TXN_008545,USR_0032,2026-03-04 02:56:54,22.61,New York,0.45,DEV_032,ATM,Gaming,0
TXN_008546,USR_0088,2026-01-14 17:39:26,45.02,New York,3.13,DEV_115,Online,Luxury,0
TXN_008547,USR_0062,2026-01-08 04:28:59,44.74,Sydney,18.92,DEV_062,POS,Utilities,0
TXN_008548,USR_0011,2026-03-23 22:39:11,187.17,Mumbai,7.96,DEV_011,Online,Travel,0
TXN_008549,USR_0041,2026-02-15 04:57:09,14.23,London,7.8,DEV_041,Online,Utilities,0
TXN_008550,USR_0086,2026-03-05 18:01:32,36.78,Sydney,7.62,DEV_080,POS,Gaming,0
TXN_008551,USR_0010,2026-02-03 06:57:15,44.57,London,21.24,DEV_010,POS,Luxury,0
TXN_008552,USR_0073,2026-01-17 05:32:27,12.01,London,3.68,DEV_073,Online,Luxury,0
TXN_008553,USR_0057,2026-03-22 14:29:41,89.01,London,4.74,DEV_057,Online,Luxury,0
TXN_008554,USR_0039,2026-03-06 08:15:37,58.18,Toronto,0.54,DEV_039,Online,Electronics,0
TXN_008555,USR_0076,2026-03-01 04:39:53,71.97,Paris,3.49,DEV_065,POS,Travel,0
TXN_008556,USR_0098,2026-03-06 22:13:32,51.91,Tokyo,0.56,DEV_012,Online,Electronics,0
TXN_008557,USR_0096,2026-03-04 02:27:21,661.98,Paris,672.17,DEV_132,Wire Transfer,Gaming,1
TXN_008558,USR_0010,2026-02-04 05:09:23,157.66,Tokyo,2.16,DEV_010,Online,Transfer,0
TXN_008559,USR_0048,2026-02-21 07:46:50,38.32,New York,3.02,DEV_048,Wire Transfer,Luxury,0
TXN_008560,USR_0069,2026-01-28 23:36:25,49.82,Sydney,2.27,DEV_069,POS,Gaming,0
TXN_008561,USR_0057,2026-03-31 08:05:18,261.8,London,1.46,DEV_057,ATM,Luxury,0
TXN_008562,USR_0035,2026-03-04 12:41:18,104.45,Mumbai,6.5,DEV_035,POS,Transfer,0
TXN_008563,USR_0030,2026-03-28 16:00:39,28.18,Sydney,0.83,DEV_030,POS,Gaming,0
TXN_008564,USR_0089,2026-01-18 08:55:03,14.51,London,1.73,DEV_089,Online,Luxury,0
TXN_008565,USR_0050,2026-02-22 05:48:16,72.16,Toronto,4.97,DEV_050,ATM,Gaming,0
TXN_008566,USR_0067,2026-02-25 05:24:22,52.92,Mumbai,2.28,DEV_067,Online,Transfer,0
TXN_008567,USR_0082,2026-01-08 20:17:07,15.88,Paris,0.17,DEV_077,POS,Travel,0
TXN_008568,USR_0012,2026-02-04 03:50:36,54.93,Paris,0.12,DEV_116,Wire Transfer,Gaming,0
TXN_008569,USR_0073,2026-03-05 14:28:05,24.96,London,1.95,DEV_073,Online,Travel,0
TXN_008570,USR_0001,2026-02-22 14:00:15,69.63,London,1.58,DEV_001,Wire Transfer,Luxury,0
TXN_008571,USR_0064,2026-01-21 04:28:28,26.35,New York,8.31,DEV_064,POS,Electronics,0
TXN_008572,USR_0077,2026-03-23 05:17:02,17.05,Berlin,2.51,DEV_077,Online,Travel,0
TXN_008573,USR_0096,2026-01-01 07:58:15,37.85,New York,2.22,DEV_019,POS,Electronics,0
TXN_008574,USR_0036,2026-01-03 17:23:57,117.2,Paris,4.75,DEV_036,POS,Gaming,0
TXN_008575,USR_0004,2026-02-07 21:34:42,93.02,Paris,3.05,DEV_004,Online,Travel,0
TXN_008576,USR_0086,2026-02-13 01:04:53,36.07,Sydney,4.19,DEV_086,ATM,Utilities,0
TXN_008577,USR_0047,2026-03-20 00:27:59,49.24,Toronto,0.63,DEV_047,Online,Luxury,0
TXN_008578,USR_0080,2026-01-02 11:39:04,166.29,New York,0.29,DEV_080,Wire Transfer,Utilities,0
TXN_008579,USR_0038,2026-03-31 05:47:17,37.77,Sydney,0.86,DEV_038,Online,Utilities,0
TXN_008580,USR_0098,2026-03-08 03:03:15,252.03,Tokyo,0.55,DEV_098,POS,Gaming,0
TXN_008581,USR_0094,2026-01-11 11:58:19,69.91,Sydney,5.38,DEV_094,Online,Transfer,0
TXN_008582,USR_0021,2026-02-20 12:38:14,48.39,Berlin,5.94,DEV_021,Wire Transfer,Grocery,0
TXN_008583,USR_0032,2026-03-14 06:54:30,211.79,New York,2.32,DEV_032,Online,Transfer,0
TXN_008584,USR_0067,2026-03-18 17:13:43,178.59,Mumbai,7.04,DEV_067,POS,Electronics,0
TXN_008585,USR_0040,2026-03-11 01:57:11,36.72,Tokyo,5.09,DEV_040,Online,Travel,0
TXN_008586,USR_0089,2026-03-31 14:55:51,124.79,London,0.78,DEV_089,POS,Gaming,0
TXN_008587,USR_0086,2026-01-20 15:10:22,66.2,Sydney,1.99,DEV_086,Online,Travel,0
TXN_008588,USR_0018,2026-03-15 20:29:03,112.05,Tokyo,2.67,DEV_018,Online,Luxury,0
TXN_008589,USR_0065,2026-02-21 08:53:18,29.17,London,4.25,DEV_065,POS,Luxury,0
TXN_008590,USR_0085,2026-02-05 02:33:10,94.02,Berlin,0.17,DEV_085,Online,Electronics,0
TXN_008591,USR_0053,2026-02-01 09:51:04,47.21,Paris,5.23,DEV_053,Online,Electronics,0
TXN_008592,USR_0094,2026-01-26 21:37:08,118.69,Sydney,2.92,DEV_094,Online,Utilities,0
TXN_008593,USR_0024,2026-01-17 09:25:07,21.53,New York,0.05,DEV_024,Online,Grocery,0
TXN_008594,USR_0083,2026-01-28 18:13:17,62.78,Mumbai,13.89,DEV_083,POS,Travel,0
TXN_008595,USR_0042,2026-01-09 00:33:30,39.02,Tokyo,1.9,DEV_042,Online,Utilities,0
TXN_008596,USR_0037,2026-01-14 17:30:36,39.48,Berlin,6.09,DEV_037,Online,Electronics,0
TXN_008597,USR_0029,2026-02-24 20:36:59,73.66,Berlin,10.56,DEV_133,POS,Grocery,0
TXN_008598,USR_0041,2026-03-01 14:02:38,41.87,London,0.31,DEV_041,POS,Luxury,0
TXN_008599,USR_0023,2026-03-08 22:03:02,225.93,Berlin,5.36,DEV_033,Online,Grocery,0
TXN_008600,USR_0095,2026-02-03 06:22:40,55.05,Toronto,5.89,DEV_121,POS,Grocery,0
TXN_008601,USR_0039,2026-03-16 21:16:29,25.97,Toronto,0.4,DEV_039,Online,Electronics,0
TXN_008602,USR_0027,2026-02-14 16:57:37,122.14,Mumbai,0.52,DEV_027,Online,Transfer,0
TXN_008603,USR_0029,2026-02-21 06:01:50,63.17,Berlin,0.38,DEV_029,Wire Transfer,Gaming,0
TXN_008604,USR_0039,2026-03-23 05:35:25,26.74,Toronto,3.9,DEV_039,POS,Electronics,0
TXN_008605,USR_0074,2026-03-27 16:15:33,230.67,Tokyo,3.89,DEV_074,Online,Luxury,0
TXN_008606,USR_0005,2026-03-15 10:17:59,10.35,Berlin,1.24,DEV_005,Online,Grocery,0
TXN_008607,USR_0091,2026-03-17 07:11:30,47.18,Mumbai,2.63,DEV_091,POS,Grocery,0
TXN_008608,USR_0060,2026-01-31 04:51:59,10.14,Paris,10.79,DEV_110,Online,Utilities,0
TXN_008609,USR_0080,2026-03-29 07:19:33,19.78,New York,8.13,DEV_095,Wire Transfer,Gaming,0
TXN_008610,USR_0011,2026-03-24 21:31:27,58.6,Mumbai,2.45,DEV_011,Wire Transfer,Grocery,0
TXN_008611,USR_0077,2026-01-17 14:24:58,61.7,Berlin,2.77,DEV_077,POS,Luxury,0
TXN_008612,USR_0045,2026-01-08 10:47:54,84.67,Berlin,16.2,DEV_045,Online,Grocery,0
TXN_008613,USR_0095,2026-02-07 11:06:05,28.53,Tokyo,14.88,DEV_145,POS,Luxury,0
TXN_008614,USR_0006,2026-02-28 15:14:31,18.34,Sydney,0.51,DEV_006,ATM,Electronics,0
TXN_008615,USR_0015,2026-01-08 15:48:07,129.0,Toronto,0.28,DEV_015,Online,Grocery,0
TXN_008616,USR_0044,2026-02-03 00:56:25,62.29,Paris,1.84,DEV_044,POS,Transfer,0
TXN_008617,USR_0013,2026-01-27 18:35:39,10.08,Berlin,0.01,DEV_013,Online,Electronics,0
TXN_008618,USR_0098,2026-01-07 02:51:15,88.1,Sydney,0.5,DEV_098,POS,Grocery,0
TXN_008619,USR_0080,2026-02-09 08:55:05,70.5,New York,7.26,DEV_006,POS,Gaming,0
TXN_008620,USR_0033,2026-02-03 13:57:53,138.32,Tokyo,15.03,DEV_033,Online,Luxury,0
TXN_008621,USR_0019,2026-03-05 11:19:22,69.13,Mumbai,4.95,DEV_019,POS,Utilities,0
TXN_008622,USR_0016,2026-01-01 10:51:46,322.12,New York,11.07,DEV_082,POS,Travel,0
TXN_008623,USR_0012,2026-01-24 02:39:11,53.72,Berlin,1.49,DEV_012,Online,Grocery,0
TXN_008624,USR_0021,2026-01-08 22:25:56,122.03,Berlin,1.71,DEV_021,POS,Utilities,0
TXN_008625,USR_0001,2026-01-20 00:35:53,29.67,London,20.17,DEV_001,Online,Transfer,0
TXN_008626,USR_0081,2026-01-21 17:11:16,146.63,London,4.85,DEV_081,POS,Grocery,0
TXN_008627,USR_0024,2026-01-03 21:57:48,12.3,Berlin,7.22,DEV_024,POS,Utilities,0
TXN_008628,USR_0066,2026-03-06 05:39:48,151.58,Tokyo,2.62,DEV_066,POS,Grocery,0
TXN_008629,USR_0016,2026-03-14 00:13:04,33.92,New York,5.18,DEV_123,POS,Grocery,0
TXN_008630,USR_0051,2026-02-25 16:38:56,79.63,Mumbai,13.23,DEV_051,POS,Transfer,0
TXN_008631,USR_0006,2026-03-18 02:28:11,61.28,Sydney,0.29,DEV_006,Online,Utilities,0
TXN_008632,USR_0073,2026-02-27 19:35:51,23.01,Mumbai,6.96,DEV_073,Online,Grocery,0
TXN_008633,USR_0078,2026-03-15 05:05:16,77.74,Sydney,3.64,DEV_078,Online,Gaming,0
TXN_008634,USR_0063,2026-03-18 00:26:45,24.62,Toronto,4.09,DEV_063,POS,Travel,0
TXN_008635,USR_0061,2026-01-14 13:27:56,26.41,Berlin,5.8,DEV_061,ATM,Grocery,0
TXN_008636,USR_0063,2026-03-22 06:07:47,833.07,New York,3263.35,DEV_084,Wire Transfer,Transfer,1
TXN_008637,USR_0033,2026-01-09 09:51:07,47.61,Sydney,1.96,DEV_045,POS,Luxury,0
TXN_008638,USR_0072,2026-03-03 18:12:07,235.3,New York,18.0,DEV_093,Online,Luxury,0
TXN_008639,USR_0100,2026-02-05 07:57:35,49.03,Paris,1.26,DEV_100,POS,Travel,0
TXN_008640,USR_0031,2026-01-16 07:25:29,169.87,Toronto,2.02,DEV_031,Online,Gaming,0
TXN_008641,USR_0093,2026-01-27 12:37:09,48.55,Berlin,0.63,DEV_093,ATM,Utilities,0
TXN_008642,USR_0068,2026-01-12 10:56:07,120.93,Paris,1.21,DEV_068,Online,Travel,0
TXN_008643,USR_0081,2026-02-28 00:39:40,13.89,London,3.93,DEV_017,Online,Grocery,0
TXN_008644,USR_0033,2026-01-04 02:28:45,107.99,London,12.08,DEV_033,Online,Utilities,0
TXN_008645,USR_0033,2026-01-23 23:56:31,24.28,New York,8.11,DEV_148,Online,Transfer,0
TXN_008646,USR_0098,2026-03-25 13:57:40,117.62,Tokyo,0.74,DEV_008,POS,Gaming,0
TXN_008647,USR_0082,2026-02-02 10:01:34,39.65,Tokyo,3.81,DEV_082,Wire Transfer,Grocery,0
TXN_008648,USR_0054,2026-01-31 17:38:49,26.44,Sydney,8.63,DEV_054,Online,Gaming,0
TXN_008649,USR_0090,2026-01-27 13:37:55,35.83,Tokyo,3.27,DEV_090,POS,Travel,0
TXN_008650,USR_0003,2026-02-22 14:36:04,193.82,Mumbai,6.25,DEV_003,Online,Gaming,0
TXN_008651,USR_0009,2026-01-23 15:22:32,78.51,London,5.95,DEV_009,POS,Utilities,0
TXN_008652,USR_0056,2026-02-13 21:05:13,107.51,New York,3.86,DEV_056,Online,Transfer,0
TXN_008653,USR_0094,2026-03-02 03:44:56,16.57,Sydney,1.35,DEV_094,POS,Electronics,0
TXN_008654,USR_0029,2026-02-02 21:24:55,215.32,Berlin,9.1,DEV_029,POS,Luxury,0
TXN_008655,USR_0027,2026-01-26 01:21:30,57.97,Mumbai,3.02,DEV_027,ATM,Luxury,0
TXN_008656,USR_0070,2026-03-11 18:20:26,100.02,Sydney,15.17,DEV_070,Online,Luxury,0
TXN_008657,USR_0071,2026-02-02 20:10:26,55.75,Toronto,2.5,DEV_128,Online,Transfer,0
TXN_008658,USR_0071,2026-03-20 21:19:45,20.32,Toronto,7.68,DEV_071,Online,Grocery,0
TXN_008659,USR_0091,2026-01-26 05:39:41,42.25,Mumbai,2.45,DEV_091,POS,Transfer,0
TXN_008660,USR_0023,2026-01-01 16:48:01,29.64,Toronto,6.49,DEV_023,POS,Luxury,0
TXN_008661,USR_0041,2026-02-08 05:17:29,36.25,London,2.08,DEV_041,ATM,Transfer,0
TXN_008662,USR_0016,2026-02-10 21:36:04,132.81,New York,3.31,DEV_131,Online,Electronics,0
TXN_008663,USR_0089,2026-01-02 00:41:28,33.35,London,6.78,DEV_089,POS,Travel,0
TXN_008664,USR_0017,2026-03-05 20:10:43,43.06,London,0.91,DEV_017,Wire Transfer,Travel,0
TXN_008665,USR_0035,2026-02-24 19:31:11,195.43,Mumbai,3.47,DEV_035,Online,Grocery,0
TXN_008666,USR_0083,2026-02-20 14:53:39,225.46,Mumbai,5.38,DEV_083,Online,Luxury,0
TXN_008667,USR_0077,2026-02-28 07:05:40,47.11,Berlin,8.0,DEV_077,Online,Transfer,0
TXN_008668,USR_0057,2026-01-08 00:52:47,57.95,London,5.23,DEV_057,Online,Electronics,0
TXN_008669,USR_0086,2026-03-21 07:20:11,366.64,Sydney,0.21,DEV_086,Wire Transfer,Electronics,0
TXN_008670,USR_0045,2026-01-28 10:51:53,98.05,Berlin,13.49,DEV_045,Online,Luxury,0
TXN_008671,USR_0028,2026-02-02 02:42:13,90.4,Paris,0.75,DEV_028,Online,Luxury,0
TXN_008672,USR_0018,2026-01-31 02:15:21,24.86,Tokyo,0.36,DEV_018,Online,Grocery,0
TXN_008673,USR_0036,2026-02-24 14:22:02,55.31,Paris,3.85,DEV_036,Online,Electronics,0
TXN_008674,USR_0035,2026-02-08 10:27:37,113.42,Mumbai,10.58,DEV_044,Online,Electronics,0
TXN_008675,USR_0059,2026-03-16 06:40:53,50.28,Mumbai,3.35,DEV_059,POS,Transfer,0
TXN_008676,USR_0095,2026-03-03 00:14:59,14.73,Toronto,1.94,DEV_095,POS,Grocery,0
TXN_008677,USR_0017,2026-03-25 09:53:16,275.45,London,2.43,DEV_017,ATM,Utilities,0
TXN_008678,USR_0053,2026-02-26 23:07:53,43.73,Berlin,6.6,DEV_053,Online,Luxury,0
TXN_008679,USR_0034,2026-01-29 23:09:33,1485.41,London,1955.08,DEV_074,ATM,Transfer,1
TXN_008680,USR_0073,2026-03-15 04:13:35,71.28,London,0.97,DEV_073,POS,Travel,0
TXN_008681,USR_0008,2026-03-14 15:05:45,51.96,New York,1.76,DEV_008,Online,Travel,0
TXN_008682,USR_0056,2026-02-14 18:51:07,20.93,New York,5.36,DEV_056,Online,Electronics,0
TXN_008683,USR_0011,2026-01-17 05:37:01,368.22,Mumbai,1.75,DEV_011,ATM,Gaming,0
TXN_008684,USR_0023,2026-02-27 20:37:50,200.9,Toronto,3.55,DEV_023,POS,Luxury,0
TXN_008685,USR_0059,2026-01-22 01:38:48,23.52,Mumbai,0.46,DEV_059,Online,Transfer,0
TXN_008686,USR_0045,2026-02-23 10:22:24,106.81,Berlin,3.95,DEV_045,ATM,Electronics,0
TXN_008687,USR_0088,2026-02-16 07:24:03,44.39,New York,5.28,DEV_088,Online,Utilities,0
TXN_008688,USR_0016,2026-01-10 04:29:24,80.43,New York,2.27,DEV_026,POS,Transfer,0
TXN_008689,USR_0057,2026-02-07 11:15:49,32.7,London,5.73,DEV_057,POS,Travel,0
TXN_008690,USR_0054,2026-02-02 02:33:50,72.12,Sydney,6.37,DEV_054,ATM,Gaming,0
TXN_008691,USR_0073,2026-03-21 07:22:01,29.05,London,11.81,DEV_073,POS,Grocery,0
TXN_008692,USR_0090,2026-02-14 22:20:52,68.63,Tokyo,0.84,DEV_090,POS,Travel,0
TXN_008693,USR_0019,2026-03-20 16:41:46,61.77,Mumbai,5.65,DEV_019,Online,Luxury,0
TXN_008694,USR_0084,2026-02-14 15:44:23,91.95,Paris,7.19,DEV_083,POS,Grocery,0
TXN_008695,USR_0085,2026-02-23 06:20:50,45.91,Berlin,11.9,DEV_085,Online,Gaming,0
TXN_008696,USR_0088,2026-02-04 15:26:56,74.76,New York,1.88,DEV_088,POS,Electronics,0
TXN_008697,USR_0025,2026-01-04 22:18:23,1912.68,Tokyo,4614.13,DEV_073,Online,Gaming,1
TXN_008698,USR_0009,2026-01-17 03:25:23,28.88,London,6.45,DEV_045,Online,Transfer,0
TXN_008699,USR_0068,2026-02-16 10:41:25,18.54,Paris,3.23,DEV_068,Online,Transfer,0
TXN_008700,USR_0002,2026-01-24 15:56:32,58.18,Tokyo,16.81,DEV_002,POS,Utilities,0
TXN_008701,USR_0078,2026-01-28 09:41:42,88.23,Sydney,3.76,DEV_078,Online,Gaming,0
TXN_008702,USR_0091,2026-02-23 08:34:04,11.98,Berlin,1.04,DEV_091,Online,Utilities,0
TXN_008703,USR_0065,2026-01-07 14:54:42,72.76,London,4.08,DEV_065,Online,Grocery,0
TXN_008704,USR_0033,2026-02-16 14:53:20,57.22,London,4.22,DEV_146,Online,Transfer,0
TXN_008705,USR_0026,2026-01-23 17:24:40,44.51,Mumbai,7.04,DEV_105,Wire Transfer,Travel,0
TXN_008706,USR_0012,2026-01-23 04:37:51,50.93,Paris,11.57,DEV_012,ATM,Travel,0
TXN_008707,USR_0061,2026-03-19 03:39:57,22.41,Berlin,10.53,DEV_061,Online,Travel,0
TXN_008708,USR_0064,2026-01-25 18:05:19,193.19,Sydney,9.54,DEV_064,Online,Travel,0
TXN_008709,USR_0001,2026-02-28 13:35:43,11.32,London,1.96,DEV_001,POS,Electronics,0
TXN_008710,USR_0017,2026-02-22 01:23:48,91.55,London,4.38,DEV_017,Online,Grocery,0
TXN_008711,USR_0098,2026-03-15 04:05:39,293.63,Tokyo,3.28,DEV_050,Online,Grocery,0
TXN_008712,USR_0009,2026-01-20 02:31:50,128.09,London,14.32,DEV_009,POS,Utilities,0
TXN_008713,USR_0052,2026-03-09 12:56:16,240.81,Paris,8.08,DEV_052,Online,Luxury,0
TXN_008714,USR_0046,2026-03-05 10:20:50,14.21,Sydney,1.13,DEV_046,Online,Grocery,0
TXN_008715,USR_0055,2026-03-24 05:31:24,65.56,Toronto,0.31,DEV_055,POS,Grocery,0
TXN_008716,USR_0099,2026-02-02 20:42:15,93.34,Mumbai,1.85,DEV_099,Online,Electronics,0
TXN_008717,USR_0005,2026-02-05 12:57:59,136.53,Berlin,2.79,DEV_099,Online,Utilities,0
TXN_008718,USR_0023,2026-03-13 19:30:01,57.69,Toronto,5.51,DEV_023,ATM,Utilities,0
TXN_008719,USR_0075,2026-01-26 18:12:01,35.91,Mumbai,6.91,DEV_075,Online,Grocery,0
TXN_008720,USR_0037,2026-03-15 08:38:59,150.59,Sydney,11.12,DEV_037,Online,Transfer,0
TXN_008721,USR_0050,2026-02-26 14:05:23,11.78,Tokyo,2.32,DEV_050,POS,Grocery,0
TXN_008722,USR_0071,2026-01-12 07:53:41,864.57,London,4741.15,DEV_114,Online,Transfer,1
TXN_008723,USR_0092,2026-03-02 15:26:47,44.07,Paris,24.81,DEV_092,Wire Transfer,Utilities,0
TXN_008724,USR_0068,2026-01-11 07:49:52,31.91,Berlin,3.38,DEV_068,POS,Transfer,0
TXN_008725,USR_0011,2026-03-04 12:56:42,22.0,Mumbai,14.2,DEV_011,POS,Transfer,0
TXN_008726,USR_0066,2026-02-19 09:37:53,33.35,Tokyo,4.3,DEV_066,Wire Transfer,Transfer,0
TXN_008727,USR_0021,2026-01-19 05:48:54,145.11,Berlin,3.29,DEV_021,Online,Gaming,0
TXN_008728,USR_0066,2026-03-15 03:10:17,16.34,Tokyo,0.51,DEV_066,POS,Travel,0
TXN_008729,USR_0036,2026-03-16 02:18:24,72.1,Paris,0.21,DEV_036,Online,Luxury,0
TXN_008730,USR_0085,2026-03-29 13:16:06,151.3,Berlin,2.96,DEV_085,ATM,Utilities,0
TXN_008731,USR_0079,2026-03-15 05:48:57,113.79,Toronto,9.24,DEV_079,ATM,Gaming,0
TXN_008732,USR_0009,2026-03-21 02:09:34,292.8,London,4.6,DEV_009,Online,Utilities,0
TXN_008733,USR_0014,2026-02-16 21:23:52,528.33,Paris,1589.22,DEV_120,ATM,Transfer,1
TXN_008734,USR_0080,2026-03-24 09:24:51,86.49,New York,4.38,DEV_080,Online,Electronics,0
TXN_008735,USR_0070,2026-03-30 00:31:31,20.36,Sydney,6.2,DEV_070,ATM,Utilities,0
TXN_008736,USR_0003,2026-01-19 07:47:29,96.24,Mumbai,3.96,DEV_003,Online,Travel,0
TXN_008737,USR_0002,2026-03-24 16:26:26,412.39,Mumbai,805.61,DEV_109,ATM,Luxury,1
TXN_008738,USR_0078,2026-01-01 18:39:29,37.79,Sydney,6.37,DEV_078,ATM,Utilities,0
TXN_008739,USR_0094,2026-01-24 02:19:39,51.45,Sydney,3.14,DEV_094,ATM,Grocery,0
TXN_008740,USR_0014,2026-03-06 04:21:38,96.87,Sydney,7.89,DEV_014,Online,Transfer,0
TXN_008741,USR_0031,2026-02-27 23:15:18,26.73,Toronto,12.48,DEV_031,POS,Travel,0
TXN_008742,USR_0069,2026-01-11 05:11:41,106.96,Berlin,9.26,DEV_069,POS,Utilities,0
TXN_008743,USR_0022,2026-03-02 08:29:53,86.48,Sydney,12.62,DEV_022,Online,Gaming,0
TXN_008744,USR_0020,2026-01-17 08:11:53,1606.35,New York,2949.48,DEV_059,Wire Transfer,Electronics,1
TXN_008745,USR_0017,2026-02-21 01:43:53,14.97,London,5.67,DEV_017,ATM,Gaming,0
TXN_008746,USR_0034,2026-01-20 22:14:37,183.67,Mumbai,12.38,DEV_034,Online,Electronics,0
TXN_008747,USR_0039,2026-03-05 13:49:00,26.06,Toronto,1.28,DEV_039,Online,Travel,0
TXN_008748,USR_0012,2026-01-10 23:48:28,24.13,Paris,5.97,DEV_012,POS,Transfer,0
TXN_008749,USR_0040,2026-03-20 11:00:31,97.55,New York,1.26,DEV_042,Online,Grocery,0
TXN_008750,USR_0035,2026-02-01 09:32:59,133.22,Mumbai,0.46,DEV_035,Online,Grocery,0
TXN_008751,USR_0067,2026-02-17 18:33:04,13.55,Berlin,1.8,DEV_067,POS,Grocery,0
TXN_008752,USR_0096,2026-02-05 11:01:42,42.66,New York,0.59,DEV_096,Online,Electronics,0
TXN_008753,USR_0069,2026-03-24 06:34:16,40.02,Toronto,3.34,DEV_069,ATM,Grocery,0
TXN_008754,USR_0006,2026-03-23 20:16:20,42.99,Sydney,5.28,DEV_006,Online,Utilities,0
TXN_008755,USR_0048,2026-03-24 21:31:17,44.2,New York,6.01,DEV_048,POS,Gaming,0
TXN_008756,USR_0100,2026-02-01 18:33:14,3072.56,New York,2440.18,DEV_001,Online,Transfer,1
TXN_008757,USR_0031,2026-01-09 01:00:06,55.71,Toronto,1.66,DEV_031,POS,Grocery,0
TXN_008758,USR_0040,2026-03-18 09:38:31,99.01,New York,4.06,DEV_040,POS,Gaming,0
TXN_008759,USR_0022,2026-01-15 16:18:35,65.91,Sydney,3.01,DEV_022,Online,Grocery,0
TXN_008760,USR_0016,2026-02-25 13:10:15,32.3,New York,5.61,DEV_016,POS,Utilities,0
TXN_008761,USR_0041,2026-02-20 12:53:42,16.79,London,2.15,DEV_041,Online,Electronics,0
TXN_008762,USR_0046,2026-02-06 22:56:50,15.73,Sydney,0.81,DEV_068,Online,Travel,0
TXN_008763,USR_0002,2026-03-17 21:01:41,104.18,Tokyo,2.71,DEV_002,POS,Electronics,0
TXN_008764,USR_0089,2026-01-30 01:04:12,527.43,Paris,3328.71,DEV_025,Wire Transfer,Electronics,1
TXN_008765,USR_0015,2026-02-19 20:00:07,49.02,Toronto,8.09,DEV_015,Wire Transfer,Grocery,0
TXN_008766,USR_0055,2026-03-30 08:01:50,73.95,Toronto,1.31,DEV_055,POS,Luxury,0
TXN_008767,USR_0014,2026-01-13 04:14:25,24.46,Sydney,1.23,DEV_014,POS,Travel,0
TXN_008768,USR_0015,2026-02-26 09:23:16,1802.39,Mumbai,2168.76,DEV_020,Wire Transfer,Electronics,1
TXN_008769,USR_0066,2026-01-26 06:02:30,27.04,Toronto,10.61,DEV_066,ATM,Travel,0
TXN_008770,USR_0091,2026-01-14 00:34:45,25.93,Mumbai,7.89,DEV_091,ATM,Gaming,0
TXN_008771,USR_0044,2026-01-02 09:01:56,25.45,Paris,9.4,DEV_044,Online,Electronics,0
TXN_008772,USR_0062,2026-02-06 20:32:06,100.45,Sydney,3.04,DEV_146,Online,Electronics,0
TXN_008773,USR_0037,2026-03-22 14:00:14,13.99,Berlin,3.29,DEV_037,POS,Luxury,0
TXN_008774,USR_0006,2026-02-03 12:19:21,17.15,Sydney,1.74,DEV_006,Online,Grocery,0
TXN_008775,USR_0001,2026-03-05 08:11:27,44.89,London,5.81,DEV_001,POS,Grocery,0
TXN_008776,USR_0018,2026-02-01 03:08:24,28.01,Tokyo,1.6,DEV_018,POS,Gaming,0
TXN_008777,USR_0016,2026-03-17 23:59:30,15.65,New York,3.8,DEV_144,ATM,Electronics,0
TXN_008778,USR_0026,2026-01-11 06:05:29,238.95,Tokyo,0.18,DEV_026,Online,Transfer,0
TXN_008779,USR_0089,2026-02-25 06:45:01,278.73,London,5.83,DEV_089,Online,Electronics,0
TXN_008780,USR_0026,2026-01-25 13:13:55,52.18,Tokyo,0.71,DEV_026,Online,Travel,0
TXN_008781,USR_0038,2026-03-21 20:54:08,26.07,Sydney,23.35,DEV_038,Online,Luxury,0
TXN_008782,USR_0002,2026-01-28 19:37:00,65.4,Tokyo,0.23,DEV_002,Online,Electronics,0
TXN_008783,USR_0015,2026-02-14 09:39:09,2675.68,London,2355.21,DEV_031,Online,Transfer,1
TXN_008784,USR_0061,2026-02-16 19:03:54,14.66,Berlin,7.9,DEV_061,Online,Utilities,0
TXN_008785,USR_0012,2026-01-11 19:01:33,220.27,Paris,0.66,DEV_012,Online,Gaming,0
TXN_008786,USR_0056,2026-01-10 06:07:09,42.08,New York,2.22,DEV_056,POS,Transfer,0
TXN_008787,USR_0076,2026-01-26 08:21:10,86.15,Paris,0.25,DEV_076,ATM,Electronics,0
TXN_008788,USR_0045,2026-03-27 08:06:23,147.42,Berlin,8.76,DEV_045,ATM,Transfer,0
TXN_008789,USR_0085,2026-02-13 00:09:29,196.81,Berlin,11.12,DEV_085,Online,Utilities,0
TXN_008790,USR_0004,2026-03-23 18:26:04,134.89,Paris,1.34,DEV_004,POS,Utilities,0
TXN_008791,USR_0060,2026-03-25 15:04:03,42.92,Paris,1.51,DEV_060,Online,Travel,0
TXN_008792,USR_0008,2026-02-21 15:16:42,48.13,Berlin,5.26,DEV_008,Online,Luxury,0
TXN_008793,USR_0093,2026-03-12 04:25:48,48.82,Berlin,7.54,DEV_093,Online,Luxury,0
TXN_008794,USR_0003,2026-02-18 08:48:58,203.55,Mumbai,2.27,DEV_003,ATM,Grocery,0
TXN_008795,USR_0040,2026-01-16 21:31:55,152.77,New York,17.04,DEV_040,Online,Utilities,0
TXN_008796,USR_0079,2026-02-28 04:19:57,16.02,Toronto,5.2,DEV_115,POS,Transfer,0
TXN_008797,USR_0097,2026-01-27 20:51:08,160.04,London,0.93,DEV_097,Online,Grocery,0
TXN_008798,USR_0078,2026-03-31 14:11:44,11.78,Sydney,1.45,DEV_078,ATM,Utilities,0
TXN_008799,USR_0096,2026-02-28 20:49:29,38.08,New York,7.48,DEV_118,POS,Luxury,0
TXN_008800,USR_0003,2026-03-15 14:00:28,38.57,Mumbai,4.98,DEV_003,POS,Utilities,0
TXN_008801,USR_0017,2026-01-30 22:58:14,19.57,London,4.88,DEV_017,Online,Grocery,0
TXN_008802,USR_0091,2026-03-11 10:18:10,49.73,Mumbai,1.48,DEV_091,POS,Utilities,0
TXN_008803,USR_0008,2026-01-28 20:29:49,18.65,Paris,9.35,DEV_109,ATM,Transfer,0
TXN_008804,USR_0021,2026-02-04 02:28:54,151.08,Berlin,0.13,DEV_021,ATM,Transfer,0
TXN_008805,USR_0052,2026-02-05 00:58:17,40.1,Paris,1.34,DEV_052,Online,Electronics,0
TXN_008806,USR_0043,2026-03-06 21:10:18,16.17,Mumbai,9.67,DEV_021,POS,Travel,0
TXN_008807,USR_0092,2026-02-22 02:22:27,83.99,Paris,0.48,DEV_092,Wire Transfer,Utilities,0
TXN_008808,USR_0092,2026-03-12 03:59:00,49.29,Paris,0.46,DEV_092,POS,Transfer,0
TXN_008809,USR_0060,2026-02-22 14:18:57,153.36,Paris,4.3,DEV_060,Online,Utilities,0
TXN_008810,USR_0046,2026-02-02 09:39:58,58.62,Sydney,16.17,DEV_046,POS,Gaming,0
TXN_008811,USR_0014,2026-02-10 03:42:10,48.05,Tokyo,0.54,DEV_014,Online,Travel,0
TXN_008812,USR_0098,2026-01-27 19:46:27,18.5,Tokyo,8.1,DEV_098,POS,Transfer,0
TXN_008813,USR_0076,2026-02-02 01:05:42,58.73,Paris,1.33,DEV_076,Online,Electronics,0
TXN_008814,USR_0026,2026-01-24 20:42:31,89.84,Tokyo,0.77,DEV_026,POS,Utilities,0
TXN_008815,USR_0100,2026-01-23 19:29:15,55.85,Paris,8.99,DEV_100,POS,Grocery,0
TXN_008816,USR_0057,2026-03-12 04:47:41,170.11,London,5.73,DEV_057,Online,Electronics,0
TXN_008817,USR_0010,2026-03-17 23:18:10,110.0,Tokyo,4.06,DEV_010,Online,Transfer,0
TXN_008818,USR_0065,2026-02-14 15:33:33,16.33,London,1.83,DEV_041,POS,Luxury,0
TXN_008819,USR_0030,2026-03-19 20:52:40,63.18,Sydney,1.98,DEV_030,Online,Utilities,0
TXN_008820,USR_0001,2026-02-28 12:56:22,46.37,London,4.21,DEV_001,ATM,Gaming,0
TXN_008821,USR_0076,2026-01-02 23:37:08,140.68,Paris,2.26,DEV_076,POS,Utilities,0
TXN_008822,USR_0065,2026-03-14 07:24:15,47.08,London,4.13,DEV_136,POS,Gaming,0
TXN_008823,USR_0008,2026-03-27 01:23:27,96.39,New York,18.17,DEV_008,ATM,Luxury,0
TXN_008824,USR_0005,2026-01-22 20:39:46,135.24,Berlin,2.21,DEV_005,POS,Travel,0
TXN_008825,USR_0049,2026-02-12 00:07:43,99.81,London,8.24,DEV_049,POS,Utilities,0
TXN_008826,USR_0022,2026-03-03 22:28:03,14.88,Sydney,1.22,DEV_107,ATM,Electronics,0
TXN_008827,USR_0061,2026-02-06 10:27:34,126.99,Berlin,21.3,DEV_061,POS,Utilities,0
TXN_008828,USR_0033,2026-02-14 12:42:55,133.83,London,5.31,DEV_033,Online,Utilities,0
TXN_008829,USR_0087,2026-02-21 12:24:19,23.69,Toronto,11.72,DEV_087,ATM,Transfer,0
TXN_008830,USR_0004,2026-03-19 08:01:29,119.24,Paris,0.58,DEV_004,POS,Luxury,0
TXN_008831,USR_0059,2026-03-04 23:11:13,36.73,Mumbai,0.92,DEV_059,Online,Gaming,0
TXN_008832,USR_0072,2026-03-07 03:36:40,13.87,New York,12.99,DEV_072,Online,Luxury,0
TXN_008833,USR_0061,2026-03-20 19:37:24,51.3,Berlin,2.67,DEV_061,POS,Gaming,0
TXN_008834,USR_0044,2026-03-18 23:59:25,82.96,Paris,2.85,DEV_109,Online,Transfer,0
TXN_008835,USR_0020,2026-02-04 07:56:35,48.51,Paris,0.56,DEV_020,Online,Transfer,0
TXN_008836,USR_0088,2026-01-14 14:50:37,15.92,New York,0.67,DEV_088,Online,Electronics,0
TXN_008837,USR_0073,2026-02-15 04:01:20,30.88,London,3.65,DEV_073,Online,Utilities,0
TXN_008838,USR_0003,2026-01-15 12:04:44,61.82,Mumbai,0.87,DEV_003,Online,Luxury,0
TXN_008839,USR_0002,2026-03-04 22:02:41,75.71,Tokyo,0.08,DEV_002,POS,Electronics,0
TXN_008840,USR_0041,2026-01-02 19:07:58,43.36,London,3.89,DEV_140,POS,Transfer,0
TXN_008841,USR_0081,2026-03-02 15:05:55,212.87,Tokyo,0.34,DEV_081,Online,Gaming,0
TXN_008842,USR_0053,2026-03-22 09:37:44,437.21,Berlin,2.09,DEV_053,ATM,Grocery,0
TXN_008843,USR_0089,2026-02-08 19:40:01,86.82,London,2.23,DEV_089,Online,Electronics,0
TXN_008844,USR_0037,2026-02-24 00:35:52,23.25,Berlin,0.97,DEV_037,POS,Utilities,0
TXN_008845,USR_0046,2026-01-26 00:51:47,14.93,Sydney,0.91,DEV_046,Online,Grocery,0
TXN_008846,USR_0003,2026-03-04 04:30:05,64.45,Mumbai,1.07,DEV_003,POS,Electronics,0
TXN_008847,USR_0067,2026-01-31 10:48:46,88.66,Mumbai,5.99,DEV_067,ATM,Luxury,0
TXN_008848,USR_0004,2026-02-09 22:14:44,12.2,Paris,6.25,DEV_004,POS,Luxury,0
TXN_008849,USR_0089,2026-02-14 21:10:14,68.01,London,11.67,DEV_089,ATM,Gaming,0
TXN_008850,USR_0008,2026-02-13 01:39:22,16.19,New York,2.08,DEV_008,ATM,Electronics,0
TXN_008851,USR_0044,2026-03-30 16:04:33,198.63,Paris,10.21,DEV_044,POS,Grocery,0
TXN_008852,USR_0027,2026-02-01 10:50:17,174.81,Mumbai,2.42,DEV_027,Wire Transfer,Gaming,0
TXN_008853,USR_0019,2026-03-29 14:49:03,160.94,Mumbai,1.27,DEV_019,ATM,Travel,0
TXN_008854,USR_0012,2026-03-16 06:44:49,36.38,Paris,0.97,DEV_012,POS,Travel,0
TXN_008855,USR_0053,2026-01-19 22:43:04,53.05,Berlin,3.94,DEV_140,POS,Transfer,0
TXN_008856,USR_0033,2026-02-21 22:02:25,59.4,London,19.63,DEV_033,POS,Travel,0
TXN_008857,USR_0057,2026-01-06 04:04:08,224.69,London,4.58,DEV_057,Online,Travel,0
TXN_008858,USR_0058,2026-03-13 17:49:43,99.74,Tokyo,1.71,DEV_041,Online,Gaming,0
TXN_008859,USR_0035,2026-03-04 17:36:26,452.26,Mumbai,7.76,DEV_035,POS,Grocery,0
TXN_008860,USR_0022,2026-01-25 13:41:21,68.04,Sydney,3.55,DEV_022,POS,Luxury,0
TXN_008861,USR_0045,2026-01-09 05:34:52,114.29,Berlin,2.23,DEV_045,POS,Grocery,0
TXN_008862,USR_0013,2026-03-19 01:18:23,39.57,Berlin,4.68,DEV_013,POS,Grocery,0
TXN_008863,USR_0075,2026-01-01 02:53:46,38.86,Mumbai,3.63,DEV_075,ATM,Transfer,0
TXN_008864,USR_0044,2026-02-27 06:52:39,18.69,Paris,10.27,DEV_044,POS,Luxury,0
TXN_008865,USR_0073,2026-01-24 08:40:24,39.26,London,0.32,DEV_073,Online,Utilities,0
TXN_008866,USR_0020,2026-01-15 02:30:21,15.3,Paris,13.33,DEV_020,Online,Luxury,0
TXN_008867,USR_0084,2026-02-19 07:39:29,59.02,Paris,7.78,DEV_084,POS,Travel,0
TXN_008868,USR_0059,2026-02-24 23:34:35,22.61,Mumbai,0.17,DEV_059,POS,Luxury,0
TXN_008869,USR_0080,2026-02-20 11:01:37,32.21,New York,0.3,DEV_130,Online,Grocery,0
TXN_008870,USR_0001,2026-01-20 15:52:19,746.22,Berlin,1735.6,DEV_101,Wire Transfer,Gaming,1
TXN_008871,USR_0053,2026-01-13 14:28:49,86.43,Berlin,1.59,DEV_053,Online,Travel,0
TXN_008872,USR_0095,2026-01-06 13:28:31,46.33,Toronto,4.11,DEV_095,POS,Utilities,0
TXN_008873,USR_0035,2026-02-20 08:59:15,13.29,Mumbai,1.49,DEV_035,Online,Gaming,0
TXN_008874,USR_0048,2026-01-07 03:09:43,66.69,New York,0.26,DEV_048,Online,Utilities,0
TXN_008875,USR_0077,2026-03-08 00:20:58,196.03,Berlin,1.96,DEV_077,Online,Grocery,0
TXN_008876,USR_0094,2026-03-05 09:53:42,63.3,Sydney,8.06,DEV_094,Online,Grocery,0
TXN_008877,USR_0032,2026-03-13 19:07:47,192.87,New York,0.57,DEV_032,ATM,Electronics,0
TXN_008878,USR_0047,2026-03-01 07:28:40,220.12,Toronto,2.39,DEV_047,ATM,Luxury,0
TXN_008879,USR_0031,2026-02-21 02:52:56,25.99,Toronto,0.55,DEV_062,POS,Gaming,0
TXN_008880,USR_0052,2026-02-20 07:30:13,64.75,Paris,6.4,DEV_052,Wire Transfer,Transfer,0
TXN_008881,USR_0080,2026-01-30 13:24:55,130.51,New York,12.37,DEV_080,Online,Utilities,0
TXN_008882,USR_0081,2026-03-31 02:41:29,14.65,London,7.19,DEV_011,POS,Transfer,0
TXN_008883,USR_0091,2026-01-06 02:20:26,12.1,Mumbai,2.36,DEV_091,Online,Transfer,0
TXN_008884,USR_0093,2026-01-19 05:56:50,12.83,Berlin,8.82,DEV_093,Online,Transfer,0
TXN_008885,USR_0038,2026-01-15 07:24:13,122.77,Sydney,4.84,DEV_038,Online,Electronics,0
TXN_008886,USR_0010,2026-03-27 19:56:13,39.82,Tokyo,5.87,DEV_010,Online,Luxury,0
TXN_008887,USR_0011,2026-03-19 14:13:09,12.44,Mumbai,0.27,DEV_011,Online,Transfer,0
TXN_008888,USR_0077,2026-03-15 22:06:23,366.79,Berlin,1.45,DEV_077,POS,Travel,0
TXN_008889,USR_0069,2026-03-03 07:51:28,123.9,Berlin,2.23,DEV_004,POS,Grocery,0
TXN_008890,USR_0060,2026-01-19 18:53:59,228.65,Paris,2.17,DEV_060,POS,Transfer,0
TXN_008891,USR_0027,2026-02-07 19:59:37,36.6,Mumbai,2.12,DEV_027,ATM,Gaming,0
TXN_008892,USR_0050,2026-02-03 19:12:24,127.73,Tokyo,0.67,DEV_050,POS,Gaming,0
TXN_008893,USR_0078,2026-02-06 17:51:40,52.27,Sydney,5.57,DEV_078,ATM,Grocery,0
TXN_008894,USR_0069,2026-01-11 12:55:09,52.12,Berlin,11.08,DEV_033,ATM,Gaming,0
TXN_008895,USR_0028,2026-03-11 16:16:25,272.48,Paris,0.87,DEV_028,ATM,Gaming,0
TXN_008896,USR_0006,2026-02-14 13:08:39,39.11,Sydney,1.4,DEV_006,POS,Gaming,0
TXN_008897,USR_0025,2026-03-31 16:15:28,141.6,London,0.3,DEV_025,Online,Transfer,0
TXN_008898,USR_0026,2026-02-09 15:32:34,18.94,Tokyo,13.81,DEV_026,Online,Grocery,0
TXN_008899,USR_0098,2026-02-10 05:31:26,35.7,Tokyo,4.66,DEV_098,POS,Electronics,0
TXN_008900,USR_0034,2026-02-09 00:50:48,98.88,Tokyo,1.05,DEV_034,POS,Travel,0
TXN_008901,USR_0088,2026-02-07 03:10:31,29.43,New York,4.03,DEV_088,Online,Transfer,0
TXN_008902,USR_0058,2026-03-05 01:26:12,70.2,Tokyo,3.02,DEV_058,POS,Grocery,0
TXN_008903,USR_0041,2026-02-18 03:17:44,42.5,London,4.87,DEV_041,Online,Grocery,0
TXN_008904,USR_0044,2026-02-05 01:29:58,57.62,Mumbai,1.38,DEV_044,POS,Electronics,0
TXN_008905,USR_0070,2026-02-27 23:22:21,97.3,Toronto,1.07,DEV_070,Online,Utilities,0
TXN_008906,USR_0015,2026-02-15 22:39:22,102.77,Toronto,1.02,DEV_110,ATM,Travel,0
TXN_008907,USR_0088,2026-01-18 06:47:40,112.91,New York,0.92,DEV_088,Online,Travel,0
TXN_008908,USR_0091,2026-01-17 19:40:25,95.47,Mumbai,0.63,DEV_091,POS,Utilities,0
TXN_008909,USR_0022,2026-01-08 08:02:47,72.92,Sydney,9.98,DEV_022,Online,Utilities,0
TXN_008910,USR_0081,2026-03-29 21:22:09,208.22,London,2.27,DEV_081,Online,Grocery,0
TXN_008911,USR_0094,2026-01-30 21:41:17,10.76,Tokyo,14.33,DEV_094,ATM,Electronics,0
TXN_008912,USR_0036,2026-03-06 07:05:50,13.28,Paris,2.38,DEV_036,POS,Utilities,0
TXN_008913,USR_0067,2026-03-13 21:47:06,74.87,Mumbai,0.95,DEV_067,Online,Travel,0
TXN_008914,USR_0048,2026-02-15 15:24:45,29.14,New York,1.15,DEV_048,POS,Transfer,0
TXN_008915,USR_0042,2026-02-09 21:45:30,37.88,Tokyo,1.03,DEV_042,Online,Electronics,0
TXN_008916,USR_0034,2026-01-09 00:08:31,24.63,Tokyo,7.3,DEV_001,POS,Gaming,0
TXN_008917,USR_0057,2026-01-05 15:26:48,52.25,London,1.97,DEV_057,POS,Transfer,0
TXN_008918,USR_0096,2026-02-22 11:48:15,133.13,New York,4.24,DEV_096,POS,Transfer,0
TXN_008919,USR_0037,2026-01-09 09:56:49,1741.84,Toronto,3545.11,DEV_042,Online,Luxury,1
TXN_008920,USR_0099,2026-03-15 12:22:02,88.31,Tokyo,11.03,DEV_042,Online,Electronics,0
TXN_008921,USR_0011,2026-01-22 11:44:20,19.49,Mumbai,6.78,DEV_011,Online,Utilities,0
TXN_008922,USR_0062,2026-03-12 10:02:31,104.86,Paris,2.77,DEV_062,ATM,Gaming,0
TXN_008923,USR_0021,2026-01-10 14:31:47,343.07,Berlin,4.52,DEV_021,POS,Transfer,0
TXN_008924,USR_0060,2026-02-23 23:28:15,34.58,Paris,2.04,DEV_117,POS,Luxury,0
TXN_008925,USR_0065,2026-02-14 22:24:02,41.25,London,11.03,DEV_065,Online,Luxury,0
TXN_008926,USR_0082,2026-03-06 20:29:11,85.35,Mumbai,2.14,DEV_082,Online,Electronics,0
TXN_008927,USR_0008,2026-03-31 13:02:37,66.29,New York,8.86,DEV_031,Online,Luxury,0
TXN_008928,USR_0040,2026-02-18 08:32:24,55.86,New York,0.31,DEV_040,POS,Grocery,0
TXN_008929,USR_0045,2026-02-20 05:23:09,18.27,Berlin,4.06,DEV_045,ATM,Gaming,0
TXN_008930,USR_0059,2026-03-06 04:46:53,49.91,Mumbai,9.18,DEV_059,POS,Luxury,0
TXN_008931,USR_0091,2026-03-07 15:25:50,98.34,Mumbai,1.41,DEV_091,ATM,Electronics,0
TXN_008932,USR_0037,2026-01-25 20:04:33,748.52,New York,3802.52,DEV_115,Online,Transfer,1
TXN_008933,USR_0009,2026-03-18 08:39:47,21.88,London,0.08,DEV_009,POS,Utilities,0
TXN_008934,USR_0052,2026-03-11 15:20:01,60.35,Paris,6.22,DEV_052,Online,Utilities,0
TXN_008935,USR_0067,2026-02-24 04:25:45,111.72,London,6.0,DEV_004,Online,Utilities,0
TXN_008936,USR_0084,2026-02-23 15:17:26,27.09,Paris,11.83,DEV_084,ATM,Travel,0
TXN_008937,USR_0024,2026-01-20 02:51:27,77.34,New York,1.62,DEV_024,POS,Grocery,0
TXN_008938,USR_0010,2026-02-13 17:38:57,1824.12,Paris,1537.68,DEV_129,ATM,Gaming,1
TXN_008939,USR_0055,2026-02-03 08:53:52,72.14,Toronto,8.06,DEV_129,Wire Transfer,Luxury,0
TXN_008940,USR_0094,2026-03-13 23:47:46,255.18,Sydney,14.44,DEV_094,Online,Gaming,0
TXN_008941,USR_0083,2026-01-07 14:58:27,84.16,Mumbai,9.96,DEV_083,Online,Travel,0
TXN_008942,USR_0086,2026-03-16 00:28:20,25.99,Berlin,4.73,DEV_086,POS,Electronics,0
TXN_008943,USR_0073,2026-02-15 02:07:05,50.68,Mumbai,5.02,DEV_073,ATM,Luxury,0
TXN_008944,USR_0100,2026-02-21 15:03:31,166.6,Paris,7.04,DEV_100,Online,Travel,0
TXN_008945,USR_0022,2026-02-15 11:29:01,284.75,Paris,1.85,DEV_022,POS,Utilities,0
TXN_008946,USR_0037,2026-02-12 21:28:44,27.45,Berlin,6.01,DEV_037,Online,Utilities,0
TXN_008947,USR_0018,2026-01-17 21:21:57,16.48,Tokyo,17.24,DEV_018,Online,Grocery,0
TXN_008948,USR_0016,2026-01-22 23:42:16,38.3,New York,2.97,DEV_016,POS,Electronics,0
TXN_008949,USR_0041,2026-03-30 12:22:03,41.19,London,2.37,DEV_041,POS,Utilities,0
TXN_008950,USR_0045,2026-02-02 00:57:56,47.04,Berlin,8.5,DEV_045,Online,Gaming,0
TXN_008951,USR_0029,2026-03-06 19:40:11,77.11,Berlin,2.96,DEV_029,Online,Electronics,0
TXN_008952,USR_0011,2026-02-24 20:32:01,19.47,Mumbai,3.5,DEV_011,POS,Grocery,0
TXN_008953,USR_0080,2026-03-03 23:53:58,17.77,New York,0.64,DEV_080,Online,Luxury,0
TXN_008954,USR_0078,2026-02-07 08:55:30,131.33,Sydney,0.87,DEV_078,Online,Grocery,0
TXN_008955,USR_0043,2026-02-01 02:56:57,207.4,Mumbai,3.39,DEV_043,POS,Travel,0
TXN_008956,USR_0051,2026-02-18 16:17:41,67.61,Mumbai,6.42,DEV_051,Online,Travel,0
TXN_008957,USR_0030,2026-02-27 09:35:40,141.16,Sydney,0.47,DEV_046,POS,Transfer,0
TXN_008958,USR_0029,2026-02-01 15:43:25,96.46,Berlin,4.61,DEV_029,Online,Utilities,0
TXN_008959,USR_0005,2026-01-14 15:14:04,120.78,Berlin,3.23,DEV_005,ATM,Luxury,0
TXN_008960,USR_0044,2026-02-02 13:38:35,17.89,Paris,0.38,DEV_044,Online,Luxury,0
TXN_008961,USR_0075,2026-02-07 01:38:13,142.77,Mumbai,31.91,DEV_075,POS,Grocery,0
TXN_008962,USR_0063,2026-01-05 15:39:56,141.62,Toronto,6.61,DEV_063,ATM,Grocery,0
TXN_008963,USR_0009,2026-01-31 11:58:33,104.38,London,6.23,DEV_118,POS,Gaming,0
TXN_008964,USR_0029,2026-01-27 15:46:23,120.7,Berlin,5.17,DEV_029,Wire Transfer,Luxury,0
TXN_008965,USR_0043,2026-02-23 00:59:31,37.02,Mumbai,4.68,DEV_043,ATM,Electronics,0
TXN_008966,USR_0021,2026-01-12 15:47:53,71.55,Berlin,0.18,DEV_021,Online,Travel,0
TXN_008967,USR_0028,2026-01-18 13:48:47,27.36,London,10.94,DEV_028,Online,Gaming,0
TXN_008968,USR_0082,2026-02-09 11:22:45,72.17,Tokyo,4.9,DEV_082,Online,Gaming,0
TXN_008969,USR_0025,2026-03-06 03:52:50,122.36,New York,6.33,DEV_025,POS,Utilities,0
TXN_008970,USR_0008,2026-03-22 04:10:36,155.19,New York,5.34,DEV_008,ATM,Travel,0
TXN_008971,USR_0098,2026-01-21 12:47:14,43.54,Tokyo,4.96,DEV_098,POS,Travel,0
TXN_008972,USR_0013,2026-02-03 10:32:51,125.99,Berlin,1.52,DEV_013,POS,Grocery,0
TXN_008973,USR_0081,2026-02-25 22:49:03,119.26,Sydney,5.3,DEV_081,POS,Utilities,0
TXN_008974,USR_0089,2026-01-07 07:28:21,15.9,London,0.9,DEV_089,ATM,Grocery,0
TXN_008975,USR_0077,2026-02-28 20:34:14,118.72,Berlin,6.98,DEV_077,Online,Utilities,0
TXN_008976,USR_0087,2026-01-22 22:05:59,239.51,Toronto,3.18,DEV_087,Online,Travel,0
TXN_008977,USR_0039,2026-01-25 03:52:04,182.25,Toronto,7.15,DEV_039,ATM,Transfer,0
TXN_008978,USR_0007,2026-02-19 02:41:44,113.82,Toronto,1.12,DEV_007,POS,Gaming,0
TXN_008979,USR_0018,2026-02-07 17:14:12,40.0,Tokyo,1.6,DEV_018,ATM,Grocery,0
TXN_008980,USR_0080,2026-03-09 18:41:52,51.56,New York,0.69,DEV_080,Online,Utilities,0
TXN_008981,USR_0100,2026-03-28 08:59:35,66.76,Paris,0.15,DEV_100,Online,Gaming,0
TXN_008982,USR_0081,2026-02-14 16:32:45,151.15,London,6.1,DEV_081,Online,Gaming,0
TXN_008983,USR_0027,2026-01-28 10:20:43,26.84,Mumbai,11.46,DEV_027,ATM,Utilities,0
TXN_008984,USR_0018,2026-03-06 06:05:18,31.06,Tokyo,0.45,DEV_018,Online,Travel,0
TXN_008985,USR_0029,2026-03-02 21:47:00,10.75,Berlin,1.93,DEV_029,ATM,Grocery,0
TXN_008986,USR_0044,2026-01-13 23:11:53,62.62,Paris,5.08,DEV_080,Online,Luxury,0
TXN_008987,USR_0095,2026-03-30 23:35:24,98.66,Toronto,12.89,DEV_139,POS,Transfer,0
TXN_008988,USR_0023,2026-02-12 04:44:57,48.43,Toronto,3.37,DEV_023,POS,Electronics,0
TXN_008989,USR_0033,2026-03-22 18:36:30,20.71,London,4.04,DEV_033,POS,Transfer,0
TXN_008990,USR_0099,2026-01-14 23:19:07,27.13,Mumbai,7.17,DEV_099,POS,Utilities,0
TXN_008991,USR_0084,2026-01-22 23:43:33,20.22,Paris,2.08,DEV_084,Online,Utilities,0
TXN_008992,USR_0046,2026-02-27 16:17:12,86.53,Sydney,2.78,DEV_129,Online,Grocery,0
TXN_008993,USR_0019,2026-02-23 13:34:08,37.4,Paris,0.22,DEV_019,POS,Gaming,0
TXN_008994,USR_0056,2026-01-15 03:42:10,96.61,New York,13.69,DEV_056,Wire Transfer,Transfer,0
TXN_008995,USR_0029,2026-02-16 15:44:28,52.15,Berlin,2.18,DEV_029,ATM,Grocery,0
TXN_008996,USR_0011,2026-01-31 04:29:03,123.65,Mumbai,5.98,DEV_011,ATM,Utilities,0
TXN_008997,USR_0053,2026-03-22 01:16:52,120.51,Berlin,1.15,DEV_141,Online,Transfer,0
TXN_008998,USR_0030,2026-02-08 07:52:23,16.77,Toronto,3.12,DEV_030,Online,Gaming,0
TXN_008999,USR_0073,2026-02-22 19:47:42,11.98,London,9.72,DEV_073,POS,Grocery,0
TXN_009000,USR_0050,2026-03-18 17:21:12,26.18,Tokyo,2.89,DEV_050,POS,Luxury,0
TXN_009001,USR_0003,2026-02-17 12:08:51,244.58,Mumbai,1.37,DEV_003,Online,Gaming,0
TXN_009002,USR_0064,2026-02-11 02:21:54,43.43,New York,2.86,DEV_057,POS,Luxury,0
TXN_009003,USR_0092,2026-03-21 02:20:22,32.24,Paris,3.53,DEV_092,Online,Gaming,0
TXN_009004,USR_0056,2026-02-24 11:34:41,119.8,New York,12.8,DEV_067,Online,Gaming,0
TXN_009005,USR_0039,2026-02-18 05:33:58,114.71,Toronto,1.91,DEV_039,Online,Travel,0
TXN_009006,USR_0059,2026-02-16 08:32:17,67.46,Mumbai,6.93,DEV_059,POS,Gaming,0
TXN_009007,USR_0058,2026-01-29 00:58:05,31.48,Tokyo,10.59,DEV_058,Online,Utilities,0
TXN_009008,USR_0035,2026-03-02 10:29:30,39.1,Mumbai,0.42,DEV_035,ATM,Grocery,0
TXN_009009,USR_0023,2026-03-18 08:39:21,57.16,Toronto,0.82,DEV_023,POS,Electronics,0
TXN_009010,USR_0076,2026-01-22 19:08:56,109.11,Paris,9.64,DEV_076,Online,Transfer,0
TXN_009011,USR_0097,2026-03-05 16:13:14,60.24,London,4.84,DEV_097,ATM,Grocery,0
TXN_009012,USR_0092,2026-02-04 17:29:02,32.12,Paris,0.25,DEV_092,POS,Gaming,0
TXN_009013,USR_0053,2026-01-20 08:59:16,33.41,Berlin,1.53,DEV_053,Online,Transfer,0
TXN_009014,USR_0091,2026-03-11 21:50:50,17.81,London,3.87,DEV_091,POS,Luxury,0
TXN_009015,USR_0041,2026-03-11 13:53:19,492.78,Berlin,2806.56,DEV_072,ATM,Gaming,1
TXN_009016,USR_0058,2026-01-25 15:34:03,798.01,Paris,4621.98,DEV_047,ATM,Gaming,1
TXN_009017,USR_0090,2026-03-13 10:44:31,25.36,Tokyo,0.7,DEV_090,POS,Travel,0
TXN_009018,USR_0051,2026-01-28 03:44:50,15.13,Mumbai,1.02,DEV_051,Online,Gaming,0
TXN_009019,USR_0048,2026-03-23 21:31:34,635.35,Mumbai,4707.44,DEV_113,Wire Transfer,Gaming,1
TXN_009020,USR_0095,2026-03-27 03:52:07,83.02,Toronto,3.07,DEV_095,ATM,Luxury,0
TXN_009021,USR_0045,2026-01-30 01:57:54,39.05,Berlin,1.61,DEV_045,Online,Gaming,0
TXN_009022,USR_0066,2026-01-03 15:07:48,22.68,Tokyo,2.7,DEV_066,POS,Electronics,0
TXN_009023,USR_0051,2026-01-12 12:52:35,89.68,Mumbai,1.17,DEV_122,POS,Grocery,0
TXN_009024,USR_0025,2026-03-05 11:49:17,71.85,London,1.81,DEV_025,POS,Luxury,0
TXN_009025,USR_0073,2026-01-07 20:04:32,135.66,London,8.37,DEV_073,POS,Gaming,0
TXN_009026,USR_0039,2026-03-27 19:43:43,70.0,Toronto,14.43,DEV_039,Online,Gaming,0
TXN_009027,USR_0066,2026-02-25 04:11:15,96.41,Tokyo,1.06,DEV_066,Online,Grocery,0
TXN_009028,USR_0041,2026-03-03 01:25:55,133.65,Toronto,0.74,DEV_041,Online,Electronics,0
TXN_009029,USR_0074,2026-03-15 12:33:07,74.36,Tokyo,2.23,DEV_074,ATM,Travel,0
TXN_009030,USR_0020,2026-03-13 13:07:26,16.99,Paris,5.36,DEV_020,POS,Electronics,0
TXN_009031,USR_0036,2026-01-02 23:19:35,23.25,Paris,2.48,DEV_001,Wire Transfer,Gaming,0
TXN_009032,USR_0077,2026-01-11 19:33:48,146.7,Berlin,1.83,DEV_077,Wire Transfer,Travel,0
TXN_009033,USR_0016,2026-01-18 10:36:57,71.92,New York,2.74,DEV_016,Online,Luxury,0
TXN_009034,USR_0037,2026-03-24 10:28:38,13.97,Berlin,6.95,DEV_037,Online,Electronics,0
TXN_009035,USR_0024,2026-01-04 06:33:57,29.7,New York,1.08,DEV_024,Online,Transfer,0
TXN_009036,USR_0037,2026-02-28 10:06:01,46.08,Berlin,1.76,DEV_037,POS,Travel,0
TXN_009037,USR_0028,2026-02-11 03:28:50,30.55,Paris,1.81,DEV_025,Online,Luxury,0
TXN_009038,USR_0011,2026-01-05 06:07:27,44.58,Mumbai,10.18,DEV_011,Online,Electronics,0
TXN_009039,USR_0012,2026-03-16 23:25:09,40.99,Paris,6.33,DEV_012,ATM,Gaming,0
TXN_009040,USR_0017,2026-03-22 14:29:53,45.36,London,2.08,DEV_017,POS,Transfer,0
TXN_009041,USR_0059,2026-03-30 07:25:30,45.87,Mumbai,5.72,DEV_052,POS,Transfer,0
TXN_009042,USR_0099,2026-01-19 18:02:28,31.92,Mumbai,4.69,DEV_099,POS,Grocery,0
TXN_009043,USR_0020,2026-02-20 23:25:47,181.47,Paris,9.78,DEV_020,Online,Grocery,0
TXN_009044,USR_0034,2026-02-22 08:05:14,89.65,Tokyo,4.59,DEV_034,POS,Travel,0
TXN_009045,USR_0011,2026-03-14 03:26:01,35.72,Mumbai,6.12,DEV_011,ATM,Luxury,0
TXN_009046,USR_0097,2026-01-26 11:04:47,154.53,London,0.83,DEV_097,POS,Transfer,0
TXN_009047,USR_0082,2026-01-16 17:50:27,168.24,Tokyo,24.17,DEV_082,Online,Travel,0
TXN_009048,USR_0070,2026-02-22 12:54:01,51.34,Sydney,0.88,DEV_070,Online,Gaming,0
TXN_009049,USR_0033,2026-03-04 04:17:58,15.91,London,3.64,DEV_033,POS,Grocery,0
TXN_009050,USR_0030,2026-03-15 12:35:12,34.92,Sydney,1.88,DEV_018,POS,Utilities,0
TXN_009051,USR_0068,2026-01-26 18:33:28,45.26,Paris,0.71,DEV_068,Online,Travel,0
TXN_009052,USR_0040,2026-03-24 22:00:46,29.57,New York,11.17,DEV_040,Online,Gaming,0
TXN_009053,USR_0086,2026-02-13 06:11:51,107.23,Sydney,13.27,DEV_086,Online,Luxury,0
TXN_009054,USR_0072,2026-03-12 12:52:45,102.39,New York,2.12,DEV_072,Wire Transfer,Grocery,0
TXN_009055,USR_0012,2026-02-18 04:41:27,28.17,Paris,0.54,DEV_012,Online,Utilities,0
TXN_009056,USR_0018,2026-01-31 19:40:04,129.32,Tokyo,10.69,DEV_018,Online,Utilities,0
TXN_009057,USR_0047,2026-01-28 23:40:29,144.93,Toronto,1.77,DEV_047,POS,Transfer,0
TXN_009058,USR_0011,2026-03-31 23:13:01,29.07,Mumbai,4.38,DEV_011,Online,Luxury,0
TXN_009059,USR_0069,2026-02-18 14:10:23,179.76,Berlin,0.44,DEV_069,POS,Travel,0
TXN_009060,USR_0006,2026-01-26 20:34:40,27.8,Sydney,5.2,DEV_006,Online,Utilities,0
TXN_009061,USR_0015,2026-01-16 13:27:14,22.06,Toronto,3.29,DEV_015,Online,Gaming,0
TXN_009062,USR_0059,2026-02-22 09:50:26,857.87,London,3260.4,DEV_036,ATM,Transfer,1
TXN_009063,USR_0035,2026-03-12 01:08:06,15.69,Toronto,6.97,DEV_035,Online,Luxury,0
TXN_009064,USR_0097,2026-03-28 14:34:11,97.74,Paris,2.53,DEV_097,POS,Luxury,0
TXN_009065,USR_0042,2026-01-26 11:29:19,131.67,Tokyo,9.63,DEV_042,Online,Travel,0
TXN_009066,USR_0001,2026-01-04 09:36:37,136.53,London,32.03,DEV_001,Online,Electronics,0
TXN_009067,USR_0066,2026-02-08 03:23:23,83.84,Tokyo,12.08,DEV_066,ATM,Travel,0
TXN_009068,USR_0022,2026-03-23 13:01:14,36.58,Sydney,3.61,DEV_022,ATM,Transfer,0
TXN_009069,USR_0081,2026-03-13 21:10:46,240.33,London,0.78,DEV_081,ATM,Travel,0
TXN_009070,USR_0050,2026-01-22 21:45:57,69.72,Berlin,16.06,DEV_050,Online,Luxury,0
TXN_009071,USR_0026,2026-02-18 23:10:06,63.79,Tokyo,1.23,DEV_026,POS,Gaming,0
TXN_009072,USR_0024,2026-03-20 10:54:10,31.67,New York,1.45,DEV_024,POS,Utilities,0
TXN_009073,USR_0011,2026-03-29 08:00:42,44.2,Mumbai,2.29,DEV_011,ATM,Gaming,0
TXN_009074,USR_0079,2026-03-05 15:37:51,179.82,Toronto,3.22,DEV_079,Wire Transfer,Grocery,0
TXN_009075,USR_0094,2026-01-11 06:45:40,148.61,Sydney,2.72,DEV_094,POS,Electronics,0
TXN_009076,USR_0016,2026-01-18 13:05:00,99.23,New York,2.77,DEV_016,Online,Transfer,0
TXN_009077,USR_0045,2026-03-19 03:47:29,19.46,Berlin,1.74,DEV_132,Online,Travel,0
TXN_009078,USR_0076,2026-01-27 08:23:11,55.39,Paris,0.53,DEV_076,Online,Travel,0
TXN_009079,USR_0034,2026-03-06 14:45:09,10.84,Toronto,6.66,DEV_034,Online,Luxury,0
TXN_009080,USR_0062,2026-03-15 05:51:46,95.96,Sydney,8.59,DEV_062,ATM,Grocery,0
TXN_009081,USR_0026,2026-01-08 09:59:36,24.84,Tokyo,1.4,DEV_026,POS,Gaming,0
TXN_009082,USR_0038,2026-02-24 02:23:51,40.44,New York,8.22,DEV_038,POS,Utilities,0
TXN_009083,USR_0075,2026-02-12 13:19:22,144.8,Mumbai,0.43,DEV_075,ATM,Travel,0
TXN_009084,USR_0071,2026-01-18 02:24:02,12.32,Toronto,0.15,DEV_071,Online,Gaming,0
TXN_009085,USR_0055,2026-03-30 09:06:34,108.93,Toronto,4.25,DEV_055,POS,Utilities,0
TXN_009086,USR_0053,2026-02-18 01:07:24,84.51,Berlin,4.13,DEV_053,POS,Utilities,0
TXN_009087,USR_0048,2026-02-21 07:34:47,13.11,New York,3.58,DEV_048,POS,Utilities,0
TXN_009088,USR_0093,2026-03-13 20:24:51,65.23,Berlin,10.13,DEV_120,POS,Grocery,0
TXN_009089,USR_0013,2026-03-31 02:37:24,51.28,Berlin,16.23,DEV_111,Online,Grocery,0
TXN_009090,USR_0051,2026-03-27 23:29:24,77.86,Mumbai,2.28,DEV_051,Online,Grocery,0
TXN_009091,USR_0088,2026-03-28 23:33:57,33.67,New York,0.58,DEV_079,Online,Gaming,0
TXN_009092,USR_0091,2026-03-03 10:35:28,48.02,Mumbai,15.34,DEV_091,Online,Gaming,0
TXN_009093,USR_0065,2026-01-26 18:34:02,42.37,London,3.32,DEV_065,Wire Transfer,Luxury,0
TXN_009094,USR_0007,2026-01-23 21:39:25,71.21,Toronto,4.91,DEV_007,POS,Travel,0
TXN_009095,USR_0047,2026-02-13 00:49:36,56.41,Toronto,1.99,DEV_047,Online,Luxury,0
TXN_009096,USR_0056,2026-02-23 22:04:29,23.22,New York,1.14,DEV_056,Wire Transfer,Gaming,0
TXN_009097,USR_0016,2026-03-27 06:07:06,97.19,New York,0.09,DEV_016,ATM,Travel,0
TXN_009098,USR_0004,2026-03-14 23:22:23,13.57,Paris,26.81,DEV_004,ATM,Gaming,0
TXN_009099,USR_0038,2026-02-03 17:45:54,67.33,Sydney,15.71,DEV_038,POS,Grocery,0
TXN_009100,USR_0075,2026-01-05 16:42:52,158.7,Mumbai,6.37,DEV_075,POS,Grocery,0
TXN_009101,USR_0070,2026-03-26 03:14:48,37.26,Sydney,3.56,DEV_070,POS,Electronics,0
TXN_009102,USR_0084,2026-01-11 19:19:00,14.48,Paris,14.69,DEV_084,Online,Transfer,0
TXN_009103,USR_0038,2026-01-19 06:00:01,17.22,Sydney,21.61,DEV_038,Online,Luxury,0
TXN_009104,USR_0087,2026-01-27 19:45:55,77.81,Toronto,2.08,DEV_087,Online,Electronics,0
TXN_009105,USR_0026,2026-01-04 10:59:16,115.36,Toronto,7.59,DEV_026,POS,Electronics,0
TXN_009106,USR_0039,2026-03-02 19:34:10,53.07,Toronto,1.38,DEV_145,Online,Luxury,0
TXN_009107,USR_0013,2026-03-19 02:03:07,156.33,Berlin,16.91,DEV_013,POS,Grocery,0
TXN_009108,USR_0020,2026-01-08 09:39:49,93.16,Paris,2.85,DEV_020,POS,Transfer,0
TXN_009109,USR_0031,2026-02-01 04:49:35,175.91,Toronto,0.18,DEV_031,POS,Transfer,0
TXN_009110,USR_0003,2026-02-23 08:05:39,90.09,Mumbai,0.55,DEV_003,Online,Gaming,0
TXN_009111,USR_0059,2026-01-11 16:20:16,368.01,Mumbai,1.14,DEV_059,POS,Grocery,0
TXN_009112,USR_0032,2026-03-05 06:25:38,35.61,New York,3.6,DEV_032,POS,Travel,0
TXN_009113,USR_0089,2026-02-24 23:48:00,51.09,London,0.11,DEV_089,ATM,Grocery,0
TXN_009114,USR_0076,2026-03-18 18:27:38,35.35,Paris,5.08,DEV_076,Online,Transfer,0
TXN_009115,USR_0026,2026-03-28 01:35:21,21.95,Tokyo,1.59,DEV_026,Online,Electronics,0
TXN_009116,USR_0086,2026-02-19 08:24:26,31.45,Sydney,6.86,DEV_086,Online,Transfer,0
TXN_009117,USR_0009,2026-03-02 12:49:17,38.0,London,9.93,DEV_009,Online,Luxury,0
TXN_009118,USR_0074,2026-03-02 14:53:35,26.25,Tokyo,3.43,DEV_074,ATM,Transfer,0
TXN_009119,USR_0100,2026-03-28 15:48:52,283.2,Sydney,1.29,DEV_097,POS,Transfer,0
TXN_009120,USR_0001,2026-01-20 00:54:06,404.13,Sydney,3474.63,DEV_087,Online,Luxury,1
TXN_009121,USR_0046,2026-02-06 22:07:13,15.47,Sydney,1.56,DEV_046,Online,Gaming,0
TXN_009122,USR_0043,2026-01-04 14:14:41,28.97,Mumbai,0.56,DEV_043,Online,Utilities,0
TXN_009123,USR_0086,2026-01-10 10:29:00,40.46,Sydney,10.52,DEV_086,Online,Transfer,0
TXN_009124,USR_0045,2026-01-30 06:51:11,64.76,Berlin,8.45,DEV_012,Online,Utilities,0
TXN_009125,USR_0003,2026-02-07 21:24:06,25.43,Mumbai,2.66,DEV_003,Online,Luxury,0
TXN_009126,USR_0015,2026-01-13 22:05:17,81.08,Toronto,2.98,DEV_015,POS,Travel,0
TXN_009127,USR_0086,2026-03-17 02:13:44,60.6,Sydney,8.92,DEV_115,POS,Grocery,0
TXN_009128,USR_0090,2026-03-06 08:52:29,65.59,Tokyo,0.61,DEV_090,Wire Transfer,Gaming,0
TXN_009129,USR_0014,2026-03-01 13:44:00,126.02,Sydney,1.12,DEV_014,POS,Utilities,0
TXN_009130,USR_0076,2026-02-15 19:31:36,156.4,Paris,1.79,DEV_118,Online,Gaming,0
TXN_009131,USR_0071,2026-01-07 05:00:38,81.93,Toronto,2.6,DEV_071,POS,Grocery,0
TXN_009132,USR_0002,2026-01-29 03:15:08,35.14,Tokyo,0.0,DEV_132,Online,Grocery,0
TXN_009133,USR_0095,2026-03-30 05:01:22,15.36,Toronto,5.18,DEV_095,POS,Travel,0
TXN_009134,USR_0077,2026-03-27 02:24:53,63.03,Berlin,3.02,DEV_077,Online,Grocery,0
TXN_009135,USR_0054,2026-02-27 15:29:27,37.46,Sydney,2.34,DEV_054,Online,Grocery,0
TXN_009136,USR_0100,2026-02-25 01:55:26,174.9,Paris,0.92,DEV_057,Online,Travel,0
TXN_009137,USR_0064,2026-01-14 03:16:51,60.79,New York,5.33,DEV_099,ATM,Luxury,0
TXN_009138,USR_0001,2026-03-06 21:28:36,156.26,London,8.16,DEV_001,Online,Transfer,0
TXN_009139,USR_0069,2026-02-25 02:04:05,57.6,Berlin,0.15,DEV_069,Online,Electronics,0
TXN_009140,USR_0095,2026-01-04 10:40:49,122.55,Toronto,7.86,DEV_095,Wire Transfer,Travel,0
TXN_009141,USR_0071,2026-01-23 08:21:58,13.81,Toronto,7.68,DEV_071,ATM,Transfer,0
TXN_009142,USR_0031,2026-02-21 18:00:00,222.35,Toronto,3.33,DEV_031,Online,Electronics,0
TXN_009143,USR_0011,2026-02-17 23:20:08,138.58,Mumbai,5.58,DEV_011,Online,Gaming,0
TXN_009144,USR_0028,2026-01-14 05:11:54,47.91,Paris,5.86,DEV_028,Online,Travel,0
TXN_009145,USR_0077,2026-03-19 20:42:16,296.04,Berlin,0.87,DEV_077,POS,Luxury,0
TXN_009146,USR_0005,2026-01-24 04:21:14,21.14,Berlin,1.08,DEV_005,Online,Grocery,0
TXN_009147,USR_0096,2026-03-30 04:29:47,31.9,New York,3.1,DEV_096,POS,Travel,0
TXN_009148,USR_0034,2026-03-28 14:13:05,56.21,Tokyo,6.09,DEV_089,Online,Luxury,0
TXN_009149,USR_0071,2026-03-14 06:23:26,145.63,Toronto,0.51,DEV_071,POS,Grocery,0
TXN_009150,USR_0086,2026-03-11 09:19:30,130.32,Sydney,0.08,DEV_086,POS,Transfer,0
TXN_009151,USR_0065,2026-02-01 01:02:38,118.87,London,3.94,DEV_065,POS,Utilities,0
TXN_009152,USR_0061,2026-02-15 12:53:16,30.98,Berlin,0.06,DEV_061,POS,Grocery,0
TXN_009153,USR_0002,2026-01-31 23:20:09,53.73,Tokyo,7.34,DEV_002,POS,Electronics,0
TXN_009154,USR_0009,2026-01-30 06:10:24,41.6,London,1.16,DEV_009,Online,Luxury,0
TXN_009155,USR_0090,2026-01-05 13:11:07,78.46,Sydney,18.52,DEV_056,POS,Grocery,0
TXN_009156,USR_0080,2026-02-09 00:10:00,35.09,Paris,1.36,DEV_080,POS,Electronics,0
TXN_009157,USR_0062,2026-02-15 12:37:31,160.48,Sydney,2.19,DEV_062,POS,Grocery,0
TXN_009158,USR_0010,2026-01-17 17:54:31,12.15,Tokyo,6.61,DEV_010,POS,Luxury,0
TXN_009159,USR_0013,2026-02-22 06:45:07,81.0,Berlin,4.2,DEV_013,POS,Transfer,0
TXN_009160,USR_0059,2026-03-23 04:00:39,88.23,Mumbai,5.5,DEV_059,ATM,Luxury,0
TXN_009161,USR_0041,2026-01-02 22:33:51,32.72,London,1.63,DEV_041,Online,Grocery,0
TXN_009162,USR_0100,2026-02-22 12:47:01,44.2,Paris,16.45,DEV_100,POS,Transfer,0
TXN_009163,USR_0034,2026-03-11 04:29:01,49.06,Tokyo,0.45,DEV_034,POS,Transfer,0
TXN_009164,USR_0077,2026-03-21 02:56:31,30.9,Berlin,6.82,DEV_077,Wire Transfer,Transfer,0
TXN_009165,USR_0022,2026-03-09 04:03:31,37.65,Sydney,0.81,DEV_022,Online,Travel,0
TXN_009166,USR_0088,2026-01-19 22:54:46,14.6,New York,3.16,DEV_088,Wire Transfer,Utilities,0
TXN_009167,USR_0009,2026-03-26 10:42:20,40.17,London,0.93,DEV_009,POS,Gaming,0
TXN_009168,USR_0007,2026-03-12 19:41:40,185.37,Toronto,9.34,DEV_087,POS,Travel,0
TXN_009169,USR_0099,2026-01-07 08:38:15,17.76,Mumbai,5.52,DEV_099,ATM,Gaming,0
TXN_009170,USR_0033,2026-01-04 10:40:42,28.5,London,3.87,DEV_033,POS,Travel,0
TXN_009171,USR_0085,2026-02-16 02:13:26,94.23,Berlin,4.06,DEV_085,POS,Transfer,0
TXN_009172,USR_0074,2026-02-16 10:58:19,102.86,Tokyo,0.98,DEV_037,POS,Travel,0
TXN_009173,USR_0091,2026-03-10 12:26:53,39.51,Mumbai,3.47,DEV_091,POS,Luxury,0
TXN_009174,USR_0090,2026-02-18 01:25:02,52.42,Tokyo,1.44,DEV_090,ATM,Gaming,0
TXN_009175,USR_0088,2026-02-16 01:32:18,28.24,New York,7.97,DEV_088,Online,Utilities,0
TXN_009176,USR_0085,2026-01-28 13:11:00,31.44,Berlin,1.47,DEV_085,POS,Luxury,0
TXN_009177,USR_0044,2026-02-14 19:01:59,169.16,Paris,7.52,DEV_044,Online,Grocery,0
TXN_009178,USR_0051,2026-02-24 16:52:50,12.19,Mumbai,1.78,DEV_051,POS,Utilities,0
TXN_009179,USR_0014,2026-03-17 10:21:31,35.96,Sydney,2.94,DEV_014,Online,Luxury,0
TXN_009180,USR_0050,2026-01-20 12:55:16,16.61,Tokyo,1.01,DEV_055,POS,Luxury,0
TXN_009181,USR_0062,2026-03-29 20:52:00,24.61,Sydney,0.9,DEV_062,Online,Gaming,0
TXN_009182,USR_0057,2026-03-14 18:52:56,1245.77,Tokyo,1125.74,DEV_045,ATM,Gaming,1
TXN_009183,USR_0017,2026-03-01 09:39:29,12.55,Mumbai,6.39,DEV_017,Online,Gaming,0
TXN_009184,USR_0090,2026-03-27 02:54:28,561.05,Mumbai,1387.59,DEV_037,Wire Transfer,Luxury,1
TXN_009185,USR_0098,2026-03-28 01:04:14,104.93,Tokyo,0.02,DEV_098,Online,Gaming,0
TXN_009186,USR_0049,2026-03-22 07:09:24,31.9,London,2.23,DEV_049,Online,Transfer,0
TXN_009187,USR_0050,2026-01-24 21:35:15,296.06,Tokyo,11.81,DEV_050,Online,Electronics,0
TXN_009188,USR_0061,2026-03-11 21:25:39,12.36,Berlin,6.9,DEV_061,Online,Grocery,0
TXN_009189,USR_0058,2026-03-18 01:54:45,87.98,Tokyo,3.21,DEV_058,POS,Utilities,0
TXN_009190,USR_0096,2026-01-01 09:05:21,100.92,New York,3.02,DEV_096,Online,Gaming,0
TXN_009191,USR_0037,2026-01-16 19:43:46,19.47,Berlin,3.1,DEV_144,Online,Gaming,0
TXN_009192,USR_0044,2026-03-22 07:17:09,2495.73,Berlin,242.77,DEV_019,Wire Transfer,Electronics,1
TXN_009193,USR_0091,2026-01-07 23:02:03,96.63,Mumbai,14.09,DEV_091,Online,Electronics,0
TXN_009194,USR_0058,2026-02-24 12:17:16,69.8,Tokyo,14.66,DEV_058,Online,Electronics,0
TXN_009195,USR_0066,2026-03-04 14:34:45,125.79,Tokyo,0.06,DEV_066,POS,Transfer,0
TXN_009196,USR_0082,2026-02-09 21:29:42,71.62,Tokyo,0.64,DEV_082,ATM,Travel,0
TXN_009197,USR_0099,2026-03-27 05:25:48,140.87,Mumbai,9.24,DEV_099,ATM,Utilities,0
TXN_009198,USR_0050,2026-03-31 00:40:42,55.56,Tokyo,0.69,DEV_050,POS,Utilities,0
TXN_009199,USR_0038,2026-01-15 01:08:24,1314.3,Toronto,4226.96,DEV_091,Online,Electronics,1
TXN_009200,USR_0053,2026-01-11 20:26:37,141.77,Berlin,0.16,DEV_053,ATM,Travel,0
TXN_009201,USR_0080,2026-02-22 04:58:14,72.46,New York,0.49,DEV_080,POS,Electronics,0
TXN_009202,USR_0068,2026-01-23 01:47:09,33.13,Paris,1.3,DEV_068,ATM,Utilities,0
TXN_009203,USR_0037,2026-01-29 19:59:16,109.89,New York,4.94,DEV_037,POS,Travel,0
TXN_009204,USR_0046,2026-02-20 18:05:37,29.74,Sydney,6.34,DEV_046,POS,Utilities,0
TXN_009205,USR_0028,2026-02-13 14:01:25,44.49,Paris,1.96,DEV_028,POS,Transfer,0
TXN_009206,USR_0022,2026-03-13 22:36:57,45.18,Sydney,10.3,DEV_022,POS,Grocery,0
TXN_009207,USR_0050,2026-02-06 07:13:22,17.3,Tokyo,1.22,DEV_050,POS,Gaming,0
TXN_009208,USR_0045,2026-03-28 15:51:53,130.17,Berlin,2.64,DEV_045,Online,Luxury,0
TXN_009209,USR_0042,2026-03-07 06:14:21,49.97,Tokyo,31.93,DEV_042,POS,Travel,0
TXN_009210,USR_0077,2026-03-25 11:59:59,28.09,Berlin,2.64,DEV_077,POS,Electronics,0
TXN_009211,USR_0030,2026-03-15 14:14:46,59.8,Sydney,4.67,DEV_030,Online,Grocery,0
TXN_009212,USR_0097,2026-02-23 17:26:29,13.14,London,10.59,DEV_146,Online,Utilities,0
TXN_009213,USR_0089,2026-03-20 22:28:31,33.03,London,0.82,DEV_089,Online,Grocery,0
TXN_009214,USR_0041,2026-02-19 07:46:36,58.02,London,12.05,DEV_041,POS,Grocery,0
TXN_009215,USR_0097,2026-03-09 01:30:09,148.04,London,0.55,DEV_097,POS,Grocery,0
TXN_009216,USR_0093,2026-01-04 04:35:37,98.39,London,0.71,DEV_093,POS,Utilities,0
TXN_009217,USR_0074,2026-02-17 06:22:10,81.76,Tokyo,1.79,DEV_074,POS,Luxury,0
TXN_009218,USR_0026,2026-02-26 14:57:11,104.75,Tokyo,8.57,DEV_026,POS,Luxury,0
TXN_009219,USR_0057,2026-03-18 12:55:40,113.65,London,4.46,DEV_057,ATM,Gaming,0
TXN_009220,USR_0051,2026-03-23 07:35:16,96.55,Mumbai,3.49,DEV_051,Online,Gaming,0
TXN_009221,USR_0095,2026-03-02 19:24:40,28.02,Toronto,4.88,DEV_095,POS,Luxury,0
TXN_009222,USR_0033,2026-02-11 10:43:23,27.92,London,10.08,DEV_115,POS,Gaming,0
TXN_009223,USR_0025,2026-02-20 06:40:20,291.37,London,5.32,DEV_025,ATM,Grocery,0
TXN_009224,USR_0014,2026-02-27 22:29:11,15.49,Sydney,8.49,DEV_014,POS,Grocery,0
TXN_009225,USR_0019,2026-02-15 05:55:13,121.84,Mumbai,0.55,DEV_019,Online,Transfer,0
TXN_009226,USR_0040,2026-01-19 00:15:45,121.87,New York,0.89,DEV_040,Online,Utilities,0
TXN_009227,USR_0021,2026-02-12 08:18:10,61.31,Berlin,4.8,DEV_021,Online,Travel,0
TXN_009228,USR_0056,2026-02-23 11:21:37,140.53,New York,0.66,DEV_056,ATM,Travel,0
TXN_009229,USR_0059,2026-02-24 10:40:18,131.68,Mumbai,10.48,DEV_059,POS,Transfer,0
TXN_009230,USR_0016,2026-03-02 18:35:49,65.04,New York,5.89,DEV_016,Online,Travel,0
TXN_009231,USR_0046,2026-02-24 18:05:32,29.29,Sydney,3.51,DEV_046,POS,Grocery,0
TXN_009232,USR_0075,2026-03-21 17:43:11,326.45,Mumbai,4.18,DEV_089,Online,Grocery,0
TXN_009233,USR_0056,2026-02-21 23:01:23,65.81,New York,7.59,DEV_056,Online,Utilities,0
TXN_009234,USR_0069,2026-02-12 22:28:46,22.95,Berlin,2.83,DEV_014,Online,Luxury,0
TXN_009235,USR_0029,2026-03-27 16:29:37,120.63,Berlin,4.78,DEV_141,Online,Transfer,0
TXN_009236,USR_0073,2026-03-17 12:18:01,13.11,London,1.5,DEV_111,Online,Travel,0
TXN_009237,USR_0018,2026-02-22 21:41:14,28.93,Tokyo,2.4,DEV_018,POS,Grocery,0
TXN_009238,USR_0069,2026-01-06 23:49:55,149.91,Berlin,2.62,DEV_069,Online,Gaming,0
TXN_009239,USR_0048,2026-03-25 01:23:52,207.3,New York,6.1,DEV_048,Online,Grocery,0
TXN_009240,USR_0097,2026-03-15 19:04:38,49.12,London,0.44,DEV_097,Online,Electronics,0
TXN_009241,USR_0084,2026-02-12 01:23:26,320.27,Paris,0.71,DEV_084,POS,Utilities,0
TXN_009242,USR_0095,2026-02-23 14:39:38,30.58,Toronto,6.87,DEV_023,Wire Transfer,Electronics,0
TXN_009243,USR_0008,2026-03-11 16:30:59,172.62,New York,2.06,DEV_008,Online,Luxury,0
TXN_009244,USR_0096,2026-03-18 08:14:39,120.22,New York,6.07,DEV_096,Online,Transfer,0
TXN_009245,USR_0043,2026-03-30 22:23:44,70.1,Mumbai,11.42,DEV_043,Online,Transfer,0
TXN_009246,USR_0097,2026-02-13 17:08:37,15.68,London,2.35,DEV_097,Online,Travel,0
TXN_009247,USR_0012,2026-02-07 22:18:58,146.22,Paris,0.52,DEV_012,Online,Electronics,0
TXN_009248,USR_0015,2026-03-23 04:55:23,341.51,Toronto,25.95,DEV_015,Online,Electronics,0
TXN_009249,USR_0091,2026-02-01 20:35:31,57.22,Mumbai,9.25,DEV_091,Online,Grocery,0
TXN_009250,USR_0010,2026-03-26 00:56:59,45.55,Tokyo,0.41,DEV_079,ATM,Gaming,0
TXN_009251,USR_0017,2026-02-04 04:08:00,59.71,London,0.23,DEV_017,Online,Transfer,0
TXN_009252,USR_0038,2026-03-25 12:08:16,124.17,Sydney,6.36,DEV_038,POS,Grocery,0
TXN_009253,USR_0019,2026-01-19 10:55:51,1320.05,Berlin,3321.27,DEV_066,ATM,Gaming,1
TXN_009254,USR_0057,2026-03-29 19:45:23,35.11,London,5.03,DEV_057,Online,Electronics,0
TXN_009255,USR_0078,2026-03-10 17:48:52,31.87,Sydney,3.42,DEV_078,Online,Electronics,0
TXN_009256,USR_0051,2026-02-26 22:42:12,11.18,Mumbai,3.66,DEV_051,POS,Gaming,0
TXN_009257,USR_0002,2026-01-18 19:22:07,56.87,Tokyo,15.13,DEV_002,Wire Transfer,Gaming,0
TXN_009258,USR_0089,2026-03-15 00:01:52,74.55,London,0.88,DEV_089,POS,Gaming,0
TXN_009259,USR_0026,2026-02-10 00:18:51,106.55,Tokyo,5.14,DEV_026,POS,Grocery,0
TXN_009260,USR_0082,2026-03-12 01:15:37,102.79,Tokyo,8.05,DEV_082,POS,Transfer,0
TXN_009261,USR_0040,2026-03-15 02:48:25,69.73,New York,0.84,DEV_040,ATM,Luxury,0
TXN_009262,USR_0038,2026-03-04 14:43:11,35.17,Sydney,2.08,DEV_038,POS,Grocery,0
TXN_009263,USR_0003,2026-03-03 13:53:18,106.12,Mumbai,2.23,DEV_003,ATM,Grocery,0
TXN_009264,USR_0063,2026-03-10 08:01:27,27.6,Toronto,5.44,DEV_063,Online,Luxury,0
TXN_009265,USR_0045,2026-03-14 10:51:52,73.74,Berlin,6.64,DEV_024,Online,Grocery,0
TXN_009266,USR_0055,2026-02-14 18:39:44,32.86,Toronto,4.6,DEV_055,POS,Gaming,0
TXN_009267,USR_0011,2026-01-07 15:35:57,129.42,Mumbai,7.8,DEV_109,Online,Gaming,0
TXN_009268,USR_0051,2026-02-12 20:00:16,37.6,Mumbai,1.29,DEV_051,Online,Utilities,0
TXN_009269,USR_0064,2026-03-06 19:37:39,18.82,New York,12.86,DEV_064,POS,Luxury,0
TXN_009270,USR_0023,2026-02-22 05:22:18,42.48,Toronto,2.16,DEV_023,POS,Utilities,0
TXN_009271,USR_0081,2026-02-07 23:20:45,17.43,London,1.54,DEV_081,Online,Utilities,0
TXN_009272,USR_0047,2026-01-29 05:41:23,32.62,Toronto,8.39,DEV_047,POS,Electronics,0
TXN_009273,USR_0050,2026-01-28 13:40:20,185.6,Tokyo,0.07,DEV_050,POS,Grocery,0
TXN_009274,USR_0036,2026-01-04 18:51:20,46.44,Paris,16.4,DEV_036,Online,Gaming,0
TXN_009275,USR_0067,2026-03-13 06:53:23,163.59,Paris,5.16,DEV_067,Online,Luxury,0
TXN_009276,USR_0083,2026-01-30 16:08:55,42.37,Mumbai,1.3,DEV_083,Online,Transfer,0
TXN_009277,USR_0036,2026-01-21 07:41:53,136.45,Paris,1.94,DEV_036,Online,Transfer,0
TXN_009278,USR_0013,2026-01-17 04:23:12,30.29,Berlin,1.25,DEV_013,Online,Grocery,0
TXN_009279,USR_0091,2026-02-18 17:41:21,30.45,Mumbai,12.23,DEV_091,Online,Grocery,0
TXN_009280,USR_0034,2026-03-14 07:55:08,112.15,Tokyo,16.65,DEV_034,POS,Utilities,0
TXN_009281,USR_0023,2026-01-24 08:02:38,95.12,Toronto,0.12,DEV_023,Wire Transfer,Gaming,0
TXN_009282,USR_0053,2026-02-09 16:46:10,96.73,Berlin,0.32,DEV_053,POS,Travel,0
TXN_009283,USR_0063,2026-02-06 19:30:15,73.57,Toronto,10.81,DEV_063,Wire Transfer,Gaming,0
TXN_009284,USR_0001,2026-03-26 08:55:52,232.74,London,1.06,DEV_140,ATM,Luxury,0
TXN_009285,USR_0049,2026-02-23 22:38:24,102.05,London,10.14,DEV_049,ATM,Travel,0
TXN_009286,USR_0034,2026-03-23 12:22:13,20.48,Tokyo,4.65,DEV_034,POS,Electronics,0
TXN_009287,USR_0017,2026-02-12 14:35:48,27.17,London,5.08,DEV_017,POS,Utilities,0
TXN_009288,USR_0061,2026-03-22 15:29:14,134.19,Berlin,4.85,DEV_061,Online,Electronics,0
TXN_009289,USR_0075,2026-01-27 19:41:41,188.2,Mumbai,0.44,DEV_043,POS,Grocery,0
TXN_009290,USR_0025,2026-03-15 14:32:35,63.86,London,8.74,DEV_025,ATM,Grocery,0
TXN_009291,USR_0044,2026-03-08 19:54:22,228.11,Paris,5.25,DEV_044,ATM,Grocery,0
TXN_009292,USR_0090,2026-02-15 08:54:34,2256.25,Paris,4664.08,DEV_074,Wire Transfer,Gaming,1
TXN_009293,USR_0059,2026-03-18 19:48:46,66.77,Mumbai,12.52,DEV_059,POS,Utilities,0
TXN_009294,USR_0100,2026-03-01 16:42:18,64.22,Paris,2.96,DEV_082,ATM,Utilities,0
TXN_009295,USR_0088,2026-03-16 08:59:40,51.47,New York,2.29,DEV_088,Online,Transfer,0
TXN_009296,USR_0029,2026-01-10 00:12:38,20.81,Berlin,2.93,DEV_029,Online,Luxury,0
TXN_009297,USR_0045,2026-03-31 18:08:56,46.16,Berlin,1.46,DEV_045,Online,Electronics,0
TXN_009298,USR_0061,2026-01-08 01:50:13,129.0,Berlin,4.86,DEV_061,Online,Electronics,0
TXN_009299,USR_0006,2026-03-10 02:20:40,16.21,Sydney,0.49,DEV_065,POS,Luxury,0
TXN_009300,USR_0034,2026-02-12 12:25:18,88.97,Tokyo,1.61,DEV_034,ATM,Grocery,0
TXN_009301,USR_0075,2026-01-21 18:47:09,168.67,Mumbai,7.27,DEV_075,Online,Luxury,0
TXN_009302,USR_0071,2026-01-02 07:14:46,10.04,Toronto,5.58,DEV_119,POS,Gaming,0
TXN_009303,USR_0062,2026-03-31 16:34:28,94.34,Sydney,8.4,DEV_062,POS,Travel,0
TXN_009304,USR_0033,2026-02-04 23:02:18,27.9,London,14.79,DEV_033,Online,Luxury,0
TXN_009305,USR_0096,2026-03-21 23:43:57,24.79,New York,5.49,DEV_105,POS,Grocery,0
TXN_009306,USR_0054,2026-01-28 04:22:34,111.06,Sydney,6.57,DEV_054,POS,Gaming,0
TXN_009307,USR_0010,2026-03-27 18:37:45,102.67,Tokyo,3.5,DEV_010,Online,Grocery,0
TXN_009308,USR_0090,2026-03-10 10:37:18,24.05,Tokyo,0.9,DEV_090,POS,Utilities,0
TXN_009309,USR_0057,2026-02-07 01:55:11,61.39,London,10.26,DEV_057,ATM,Utilities,0
TXN_009310,USR_0098,2026-03-30 06:33:56,104.17,Tokyo,0.96,DEV_098,Online,Travel,0
TXN_009311,USR_0065,2026-01-01 03:32:49,14.56,London,2.22,DEV_065,Online,Travel,0
TXN_009312,USR_0054,2026-02-12 19:54:04,25.46,Sydney,12.33,DEV_077,POS,Travel,0
TXN_009313,USR_0097,2026-01-14 19:11:48,161.07,London,10.98,DEV_097,POS,Grocery,0
TXN_009314,USR_0044,2026-03-17 15:18:11,10.79,Paris,12.41,DEV_054,POS,Luxury,0
TXN_009315,USR_0056,2026-01-14 08:15:48,25.53,New York,15.36,DEV_098,Wire Transfer,Grocery,0
TXN_009316,USR_0098,2026-03-31 19:09:20,174.03,Tokyo,9.8,DEV_098,POS,Travel,0
TXN_009317,USR_0044,2026-02-07 20:31:47,44.17,Paris,0.84,DEV_044,Online,Utilities,0
TXN_009318,USR_0086,2026-01-17 12:13:10,1588.57,Mumbai,2377.48,DEV_035,Wire Transfer,Transfer,1
TXN_009319,USR_0057,2026-03-03 19:34:00,134.89,London,3.65,DEV_057,Wire Transfer,Luxury,0
TXN_009320,USR_0003,2026-03-20 20:13:24,20.63,Mumbai,0.77,DEV_003,ATM,Electronics,0
TXN_009321,USR_0020,2026-03-16 02:59:01,21.31,Paris,2.28,DEV_020,POS,Travel,0
TXN_009322,USR_0099,2026-03-21 12:23:23,22.43,Mumbai,9.0,DEV_099,ATM,Utilities,0
TXN_009323,USR_0055,2026-03-24 22:42:56,76.85,Toronto,1.21,DEV_055,POS,Luxury,0
TXN_009324,USR_0035,2026-01-07 04:55:10,26.5,Mumbai,8.24,DEV_035,Wire Transfer,Luxury,0
TXN_009325,USR_0078,2026-02-21 12:39:54,28.94,Sydney,3.19,DEV_078,Online,Electronics,0
TXN_009326,USR_0044,2026-03-09 11:14:00,74.9,Paris,0.21,DEV_044,Online,Grocery,0
TXN_009327,USR_0019,2026-03-28 18:52:09,138.37,Mumbai,9.17,DEV_019,Wire Transfer,Grocery,0
TXN_009328,USR_0023,2026-02-17 13:05:37,45.5,Toronto,11.76,DEV_023,Online,Gaming,0
TXN_009329,USR_0039,2026-01-08 12:35:53,1410.5,Tokyo,3915.58,DEV_124,ATM,Luxury,1
TXN_009330,USR_0058,2026-03-26 22:02:07,30.31,Tokyo,3.88,DEV_058,ATM,Gaming,0
TXN_009331,USR_0017,2026-03-19 08:17:35,73.69,London,7.29,DEV_017,POS,Luxury,0
TXN_009332,USR_0004,2026-01-09 11:21:17,241.19,Paris,2.97,DEV_004,POS,Electronics,0
TXN_009333,USR_0018,2026-03-10 20:15:44,17.72,Tokyo,3.63,DEV_018,Online,Utilities,0
TXN_009334,USR_0078,2026-03-06 11:36:32,22.75,Sydney,9.4,DEV_078,Online,Transfer,0
TXN_009335,USR_0067,2026-01-31 02:20:38,28.4,Mumbai,13.09,DEV_067,Online,Grocery,0
TXN_009336,USR_0009,2026-01-21 02:13:14,42.76,London,6.68,DEV_009,POS,Grocery,0
TXN_009337,USR_0049,2026-02-10 19:10:03,137.83,London,4.48,DEV_049,POS,Gaming,0
TXN_009338,USR_0086,2026-01-26 08:27:36,172.86,Sydney,0.03,DEV_086,Online,Utilities,0
TXN_009339,USR_0052,2026-01-03 00:48:49,700.54,Tokyo,4911.35,DEV_090,ATM,Luxury,1
TXN_009340,USR_0042,2026-03-29 18:13:02,118.98,Tokyo,2.75,DEV_060,Online,Transfer,0
TXN_009341,USR_0025,2026-01-25 01:27:06,61.74,London,0.16,DEV_025,ATM,Transfer,0
TXN_009342,USR_0098,2026-02-04 23:35:57,23.5,Tokyo,4.04,DEV_083,Online,Transfer,0
TXN_009343,USR_0085,2026-02-24 04:07:49,28.97,Mumbai,10.61,DEV_085,ATM,Utilities,0
TXN_009344,USR_0036,2026-01-21 22:59:55,11.14,Paris,6.47,DEV_036,ATM,Travel,0
TXN_009345,USR_0091,2026-01-07 08:46:08,47.07,Mumbai,1.32,DEV_122,POS,Utilities,0
TXN_009346,USR_0074,2026-03-16 19:15:13,21.34,Tokyo,1.14,DEV_074,POS,Utilities,0
TXN_009347,USR_0038,2026-03-02 17:32:22,64.69,Sydney,0.14,DEV_038,POS,Luxury,0
TXN_009348,USR_0004,2026-02-04 19:36:02,58.49,Paris,10.57,DEV_004,POS,Gaming,0
TXN_009349,USR_0057,2026-01-12 18:24:41,87.17,London,12.19,DEV_057,Online,Travel,0
TXN_009350,USR_0055,2026-01-25 21:37:34,291.03,Toronto,5.98,DEV_055,Wire Transfer,Transfer,0
TXN_009351,USR_0086,2026-03-10 16:55:51,11.69,Sydney,12.4,DEV_086,POS,Travel,0
TXN_009352,USR_0044,2026-01-18 13:53:02,29.92,Paris,8.15,DEV_044,ATM,Electronics,0
TXN_009353,USR_0071,2026-03-26 09:31:35,44.13,Toronto,4.68,DEV_071,POS,Gaming,0
TXN_009354,USR_0025,2026-01-06 18:40:55,136.14,London,7.15,DEV_025,Online,Gaming,0
TXN_009355,USR_0072,2026-01-14 02:40:58,181.49,New York,6.19,DEV_072,Online,Transfer,0
TXN_009356,USR_0049,2026-03-09 01:35:21,14.31,London,5.74,DEV_049,POS,Transfer,0
TXN_009357,USR_0062,2026-01-02 07:55:39,57.85,Sydney,0.85,DEV_062,POS,Gaming,0
TXN_009358,USR_0034,2026-03-23 14:20:06,65.09,Tokyo,1.89,DEV_034,Online,Utilities,0
TXN_009359,USR_0043,2026-02-16 03:41:53,42.81,Mumbai,2.5,DEV_073,Online,Grocery,0
TXN_009360,USR_0012,2026-02-08 02:03:23,118.73,Paris,2.39,DEV_012,POS,Gaming,0
TXN_009361,USR_0027,2026-03-13 03:31:17,41.79,Mumbai,2.97,DEV_027,POS,Utilities,0
TXN_009362,USR_0031,2026-03-30 21:49:04,12.82,Toronto,8.21,DEV_031,POS,Gaming,0
TXN_009363,USR_0039,2026-01-26 21:43:15,61.14,Toronto,4.17,DEV_039,POS,Electronics,0
TXN_009364,USR_0062,2026-01-12 02:09:43,101.27,Paris,0.08,DEV_062,POS,Transfer,0
TXN_009365,USR_0097,2026-03-21 15:22:19,31.41,London,4.61,DEV_097,Online,Electronics,0
TXN_009366,USR_0027,2026-02-12 10:55:45,106.2,Mumbai,1.89,DEV_027,POS,Gaming,0
TXN_009367,USR_0067,2026-01-28 05:11:36,106.07,Mumbai,1.19,DEV_067,Online,Luxury,0
TXN_009368,USR_0076,2026-01-26 14:44:25,36.98,Paris,12.28,DEV_076,POS,Electronics,0
TXN_009369,USR_0057,2026-03-10 21:35:32,530.24,Paris,2768.05,DEV_039,Online,Luxury,1
TXN_009370,USR_0030,2026-01-05 22:28:58,135.26,Sydney,4.41,DEV_030,POS,Gaming,0
TXN_009371,USR_0081,2026-01-23 20:10:17,66.35,London,4.4,DEV_081,Wire Transfer,Travel,0
TXN_009372,USR_0025,2026-01-12 00:28:09,28.41,London,8.67,DEV_025,POS,Gaming,0
TXN_009373,USR_0075,2026-01-21 12:02:24,48.57,Mumbai,0.73,DEV_075,POS,Electronics,0
TXN_009374,USR_0023,2026-03-18 04:59:29,31.77,Toronto,7.13,DEV_023,Wire Transfer,Luxury,0
TXN_009375,USR_0096,2026-01-16 16:17:29,1114.88,Tokyo,1867.67,DEV_079,ATM,Luxury,1
TXN_009376,USR_0075,2026-02-28 16:30:15,29.77,Mumbai,14.27,DEV_075,POS,Transfer,0
TXN_009377,USR_0054,2026-01-16 12:44:24,35.59,Sydney,1.14,DEV_119,POS,Grocery,0
TXN_009378,USR_0061,2026-03-28 04:06:49,79.58,Berlin,2.95,DEV_061,POS,Transfer,0
TXN_009379,USR_0021,2026-01-12 19:59:49,39.84,Berlin,0.43,DEV_021,POS,Luxury,0
TXN_009380,USR_0086,2026-01-05 19:45:29,23.06,Sydney,3.16,DEV_086,POS,Utilities,0
TXN_009381,USR_0011,2026-03-07 11:05:27,15.29,Mumbai,1.22,DEV_011,POS,Gaming,0
TXN_009382,USR_0079,2026-02-08 03:59:14,63.75,Toronto,4.77,DEV_079,Online,Utilities,0
TXN_009383,USR_0079,2026-02-02 16:28:42,25.48,Toronto,0.47,DEV_079,Online,Grocery,0
TXN_009384,USR_0055,2026-02-26 15:08:58,18.16,Toronto,2.26,DEV_123,POS,Grocery,0
TXN_009385,USR_0082,2026-03-20 09:00:10,61.02,Tokyo,6.05,DEV_082,ATM,Utilities,0
TXN_009386,USR_0039,2026-01-20 13:59:51,211.2,Toronto,8.0,DEV_039,Online,Utilities,0
TXN_009387,USR_0067,2026-02-14 22:04:32,232.66,Mumbai,3.34,DEV_053,ATM,Utilities,0
TXN_009388,USR_0075,2026-03-27 06:24:55,44.52,Mumbai,4.97,DEV_075,POS,Utilities,0
TXN_009389,USR_0034,2026-01-15 19:12:16,125.19,Tokyo,3.17,DEV_034,POS,Utilities,0
TXN_009390,USR_0098,2026-02-10 18:19:52,62.01,Tokyo,2.59,DEV_098,ATM,Luxury,0
TXN_009391,USR_0031,2026-03-02 16:24:33,55.07,Toronto,7.7,DEV_031,POS,Gaming,0
TXN_009392,USR_0036,2026-01-30 04:38:03,14.03,Paris,15.44,DEV_036,POS,Electronics,0
TXN_009393,USR_0050,2026-02-16 03:21:15,75.0,Tokyo,1.77,DEV_050,Online,Transfer,0
TXN_009394,USR_0020,2026-02-25 12:27:51,306.96,Paris,2.26,DEV_020,POS,Grocery,0
TXN_009395,USR_0091,2026-03-17 08:02:42,50.09,Mumbai,1.84,DEV_003,POS,Grocery,0
TXN_009396,USR_0033,2026-01-08 16:40:35,43.0,London,5.35,DEV_033,Online,Utilities,0
TXN_009397,USR_0043,2026-01-16 18:04:21,63.66,Mumbai,0.3,DEV_043,POS,Utilities,0
TXN_009398,USR_0037,2026-03-27 10:46:06,11.45,Berlin,2.38,DEV_037,ATM,Electronics,0
TXN_009399,USR_0063,2026-02-06 05:10:07,20.19,Toronto,0.54,DEV_063,POS,Utilities,0
TXN_009400,USR_0086,2026-02-14 13:18:44,40.74,Sydney,1.41,DEV_086,POS,Luxury,0
TXN_009401,USR_0051,2026-03-11 23:27:39,34.89,Mumbai,2.61,DEV_051,ATM,Luxury,0
TXN_009402,USR_0078,2026-01-05 19:20:20,13.19,Sydney,2.78,DEV_078,Online,Transfer,0
TXN_009403,USR_0065,2026-01-18 07:27:16,20.62,Toronto,2.78,DEV_065,Online,Travel,0
TXN_009404,USR_0064,2026-02-28 17:23:47,103.01,New York,1.0,DEV_064,POS,Travel,0
TXN_009405,USR_0030,2026-03-22 07:32:44,330.65,Mumbai,10.44,DEV_023,Online,Travel,0
TXN_009406,USR_0069,2026-03-27 19:50:12,103.43,Berlin,1.77,DEV_069,POS,Travel,0
TXN_009407,USR_0012,2026-01-10 17:50:11,10.88,Paris,0.78,DEV_012,Online,Grocery,0
TXN_009408,USR_0069,2026-01-31 01:21:05,79.24,Berlin,1.7,DEV_069,ATM,Electronics,0
TXN_009409,USR_0070,2026-03-14 19:01:39,340.62,Sydney,17.85,DEV_070,Online,Transfer,0
TXN_009410,USR_0095,2026-02-20 19:02:17,56.32,Toronto,9.03,DEV_095,Online,Utilities,0
TXN_009411,USR_0063,2026-03-08 18:44:12,110.71,Toronto,0.69,DEV_029,Online,Transfer,0
TXN_009412,USR_0080,2026-02-11 19:16:37,11.02,New York,10.02,DEV_080,POS,Gaming,0
TXN_009413,USR_0005,2026-02-18 19:58:17,101.56,Berlin,1.07,DEV_005,ATM,Utilities,0
TXN_009414,USR_0096,2026-03-08 14:10:20,11.9,New York,5.44,DEV_096,Online,Electronics,0
TXN_009415,USR_0066,2026-01-06 14:23:21,109.56,Tokyo,3.41,DEV_066,ATM,Electronics,0
TXN_009416,USR_0072,2026-03-21 12:49:56,152.23,New York,13.05,DEV_072,POS,Grocery,0
TXN_009417,USR_0001,2026-03-27 08:58:02,94.68,London,7.5,DEV_129,Online,Transfer,0
TXN_009418,USR_0013,2026-03-20 11:00:24,94.39,Berlin,3.67,DEV_013,POS,Utilities,0
TXN_009419,USR_0006,2026-03-04 08:54:05,28.0,Sydney,6.05,DEV_006,Online,Utilities,0
TXN_009420,USR_0098,2026-03-09 02:36:06,87.94,Tokyo,4.51,DEV_098,POS,Travel,0
TXN_009421,USR_0012,2026-03-17 20:45:52,10.21,Paris,0.0,DEV_012,ATM,Gaming,0
TXN_009422,USR_0010,2026-01-03 19:18:01,35.52,Tokyo,8.64,DEV_046,Online,Gaming,0
TXN_009423,USR_0029,2026-03-23 07:55:04,147.68,Berlin,12.92,DEV_029,POS,Travel,0
TXN_009424,USR_0023,2026-03-26 17:25:10,179.7,Toronto,4.25,DEV_023,Online,Electronics,0
TXN_009425,USR_0009,2026-03-26 18:34:31,845.81,Mumbai,4006.27,DEV_123,ATM,Transfer,1
TXN_009426,USR_0050,2026-01-27 18:01:26,31.32,Tokyo,10.12,DEV_050,POS,Gaming,0
TXN_009427,USR_0026,2026-03-13 02:21:58,162.66,Tokyo,4.1,DEV_026,POS,Gaming,0
TXN_009428,USR_0064,2026-01-17 13:37:48,23.81,New York,7.52,DEV_083,Online,Grocery,0
TXN_009429,USR_0073,2026-01-01 07:54:28,59.36,London,1.57,DEV_073,Online,Utilities,0
TXN_009430,USR_0081,2026-03-28 10:39:45,197.45,London,2.69,DEV_081,Online,Grocery,0
TXN_009431,USR_0036,2026-02-23 09:18:56,22.08,Paris,7.84,DEV_036,POS,Gaming,0
TXN_009432,USR_0065,2026-02-26 01:49:45,46.85,London,10.23,DEV_065,Online,Travel,0
TXN_009433,USR_0015,2026-01-19 21:25:25,67.79,Toronto,9.89,DEV_015,ATM,Transfer,0
TXN_009434,USR_0061,2026-02-21 23:47:23,15.55,Berlin,0.1,DEV_061,Online,Transfer,0
TXN_009435,USR_0019,2026-02-18 13:43:54,73.98,New York,2.08,DEV_019,POS,Travel,0
TXN_009436,USR_0073,2026-01-11 15:47:50,64.24,London,4.58,DEV_073,POS,Grocery,0
TXN_009437,USR_0047,2026-03-08 13:42:02,68.07,Toronto,0.24,DEV_047,ATM,Transfer,0
TXN_009438,USR_0035,2026-01-10 08:44:49,22.02,Mumbai,1.25,DEV_035,POS,Utilities,0
TXN_009439,USR_0041,2026-03-29 23:56:45,75.77,London,1.95,DEV_011,Wire Transfer,Utilities,0
TXN_009440,USR_0098,2026-02-17 03:03:24,197.52,Tokyo,9.46,DEV_098,Online,Electronics,0
TXN_009441,USR_0075,2026-02-09 22:04:42,165.0,Mumbai,1.23,DEV_075,Online,Transfer,0
TXN_009442,USR_0028,2026-01-03 03:14:35,31.84,Paris,0.45,DEV_028,ATM,Gaming,0
TXN_009443,USR_0076,2026-03-01 04:26:00,63.75,Paris,0.63,DEV_076,ATM,Travel,0
TXN_009444,USR_0094,2026-03-11 02:05:54,251.87,Sydney,2.96,DEV_094,Online,Utilities,0
TXN_009445,USR_0051,2026-03-22 10:34:19,14.84,Mumbai,4.62,DEV_051,ATM,Grocery,0
TXN_009446,USR_0045,2026-01-03 00:41:33,67.92,Berlin,3.75,DEV_045,POS,Transfer,0
TXN_009447,USR_0034,2026-02-21 23:30:14,98.08,Tokyo,19.44,DEV_034,Online,Travel,0
TXN_009448,USR_0086,2026-01-15 15:50:10,330.52,Sydney,2.0,DEV_086,ATM,Grocery,0
TXN_009449,USR_0033,2026-02-13 06:15:30,29.57,Tokyo,0.7,DEV_033,Online,Utilities,0
TXN_009450,USR_0029,2026-01-07 23:07:01,177.92,Tokyo,4.72,DEV_025,Online,Transfer,0
TXN_009451,USR_0090,2026-03-21 08:59:43,26.84,Tokyo,4.01,DEV_090,Online,Luxury,0
TXN_009452,USR_0050,2026-03-09 19:36:23,30.14,Tokyo,0.64,DEV_050,Online,Gaming,0
TXN_009453,USR_0041,2026-03-26 05:08:48,151.4,London,0.53,DEV_105,Online,Gaming,0
TXN_009454,USR_0094,2026-02-28 06:22:22,138.82,Sydney,15.16,DEV_094,POS,Utilities,0
TXN_009455,USR_0092,2026-02-06 05:55:21,39.29,Paris,17.35,DEV_092,Online,Transfer,0
TXN_009456,USR_0092,2026-03-02 18:00:05,427.39,Tokyo,2975.81,DEV_082,Wire Transfer,Luxury,1
TXN_009457,USR_0082,2026-03-04 22:49:39,69.87,Tokyo,0.29,DEV_008,POS,Luxury,0
TXN_009458,USR_0082,2026-03-17 21:38:14,39.8,Tokyo,4.32,DEV_082,Online,Gaming,0
TXN_009459,USR_0010,2026-01-24 13:35:13,424.9,Tokyo,1.49,DEV_010,POS,Gaming,0
TXN_009460,USR_0043,2026-03-23 23:35:35,82.16,Toronto,5.46,DEV_043,Online,Grocery,0
TXN_009461,USR_0085,2026-01-30 00:34:51,53.94,Berlin,1.88,DEV_085,Online,Electronics,0
TXN_009462,USR_0002,2026-02-25 21:46:58,279.9,Tokyo,6.69,DEV_002,POS,Electronics,0
TXN_009463,USR_0049,2026-03-24 22:14:41,47.43,London,0.24,DEV_049,POS,Utilities,0
TXN_009464,USR_0083,2026-03-01 21:08:36,127.27,Mumbai,13.69,DEV_083,POS,Grocery,0
TXN_009465,USR_0098,2026-03-12 22:35:26,24.04,Tokyo,2.64,DEV_098,Online,Transfer,0
TXN_009466,USR_0027,2026-01-18 14:44:53,52.84,Paris,1.85,DEV_027,Online,Utilities,0
TXN_009467,USR_0045,2026-03-28 17:00:57,45.03,Berlin,3.17,DEV_045,Online,Travel,0
TXN_009468,USR_0096,2026-02-25 22:34:22,50.57,New York,13.17,DEV_096,POS,Grocery,0
TXN_009469,USR_0034,2026-02-26 22:56:10,101.79,Tokyo,25.57,DEV_119,Online,Electronics,0
TXN_009470,USR_0079,2026-02-21 00:37:18,79.68,Toronto,5.37,DEV_079,POS,Travel,0
TXN_009471,USR_0027,2026-01-17 21:15:50,30.48,Mumbai,0.48,DEV_027,Online,Luxury,0
TXN_009472,USR_0008,2026-02-15 20:37:20,51.53,New York,7.23,DEV_116,POS,Electronics,0
TXN_009473,USR_0046,2026-01-01 23:51:56,31.69,Sydney,1.96,DEV_046,POS,Luxury,0
TXN_009474,USR_0028,2026-02-28 06:19:49,237.69,Paris,1.0,DEV_028,ATM,Utilities,0
TXN_009475,USR_0085,2026-02-19 05:40:39,48.86,Berlin,9.44,DEV_085,POS,Electronics,0
TXN_009476,USR_0067,2026-01-12 15:05:03,16.81,Mumbai,4.94,DEV_067,Online,Grocery,0
TXN_009477,USR_0048,2026-02-03 09:48:53,161.33,New York,24.86,DEV_048,POS,Utilities,0
TXN_009478,USR_0003,2026-02-23 23:02:23,25.72,Mumbai,13.98,DEV_003,POS,Travel,0
TXN_009479,USR_0075,2026-02-11 09:50:39,19.61,Mumbai,4.23,DEV_050,POS,Transfer,0
TXN_009480,USR_0052,2026-02-19 04:15:15,11.06,Paris,11.44,DEV_052,ATM,Electronics,0
TXN_009481,USR_0093,2026-01-08 07:44:36,14.68,Berlin,5.68,DEV_093,ATM,Electronics,0
TXN_009482,USR_0074,2026-03-20 01:52:26,138.39,Tokyo,0.37,DEV_074,POS,Utilities,0
TXN_009483,USR_0086,2026-02-03 04:15:48,89.94,Sydney,4.61,DEV_086,ATM,Electronics,0
TXN_009484,USR_0004,2026-01-06 23:50:07,116.16,Paris,1.53,DEV_004,ATM,Utilities,0
TXN_009485,USR_0100,2026-01-08 22:58:51,208.74,Paris,0.58,DEV_143,Wire Transfer,Electronics,0
TXN_009486,USR_0026,2026-03-15 14:59:57,58.67,Tokyo,9.55,DEV_026,Online,Grocery,0
TXN_009487,USR_0029,2026-03-01 05:52:31,50.94,Sydney,10.25,DEV_029,POS,Travel,0
TXN_009488,USR_0020,2026-02-03 01:07:36,117.12,Paris,3.35,DEV_005,POS,Utilities,0
TXN_009489,USR_0022,2026-01-14 13:15:55,128.89,Sydney,2.46,DEV_022,Online,Luxury,0
TXN_009490,USR_0053,2026-01-09 14:34:11,127.17,Toronto,1.93,DEV_053,Online,Grocery,0
TXN_009491,USR_0050,2026-03-22 06:23:07,1302.88,Toronto,858.05,DEV_094,Online,Electronics,1
TXN_009492,USR_0074,2026-03-20 02:29:50,28.22,Tokyo,3.21,DEV_074,POS,Gaming,0
TXN_009493,USR_0057,2026-02-23 20:40:54,236.66,London,17.06,DEV_057,Online,Utilities,0
TXN_009494,USR_0086,2026-02-28 10:38:31,48.95,Sydney,2.23,DEV_086,POS,Utilities,0
TXN_009495,USR_0082,2026-01-01 03:24:25,136.69,Tokyo,2.06,DEV_082,Online,Luxury,0
TXN_009496,USR_0064,2026-01-23 09:12:11,50.55,New York,3.08,DEV_064,ATM,Gaming,0
TXN_009497,USR_0028,2026-03-12 21:29:20,80.43,Paris,7.19,DEV_028,POS,Utilities,0
TXN_009498,USR_0077,2026-03-11 13:39:55,45.63,Berlin,28.35,DEV_077,Online,Grocery,0
TXN_009499,USR_0086,2026-01-10 05:45:13,21.15,Sydney,1.12,DEV_086,Online,Utilities,0
TXN_009500,USR_0012,2026-01-13 13:11:54,189.52,Paris,11.43,DEV_072,Online,Luxury,0
TXN_009501,USR_0023,2026-01-14 15:25:11,150.62,Toronto,0.81,DEV_023,POS,Utilities,0
TXN_009502,USR_0049,2026-01-21 12:06:08,17.71,London,3.2,DEV_049,Online,Electronics,0
TXN_009503,USR_0020,2026-02-05 22:09:08,164.76,Paris,0.37,DEV_020,ATM,Transfer,0
TXN_009504,USR_0006,2026-02-23 01:02:54,55.29,Sydney,2.67,DEV_006,POS,Electronics,0
TXN_009505,USR_0049,2026-01-26 07:17:33,52.95,London,19.27,DEV_049,POS,Grocery,0
TXN_009506,USR_0070,2026-02-06 22:07:33,63.19,Sydney,7.5,DEV_070,Online,Transfer,0
TXN_009507,USR_0007,2026-01-20 06:20:18,40.07,Toronto,2.01,DEV_007,Online,Utilities,0
TXN_009508,USR_0096,2026-03-31 18:23:03,62.19,New York,3.58,DEV_096,POS,Grocery,0
TXN_009509,USR_0100,2026-01-30 12:40:42,72.59,Paris,3.61,DEV_100,Online,Utilities,0
TXN_009510,USR_0088,2026-02-11 03:18:53,65.29,New York,3.46,DEV_088,ATM,Gaming,0
TXN_009511,USR_0063,2026-01-22 08:15:32,262.36,Toronto,1.08,DEV_063,Online,Travel,0
TXN_009512,USR_0078,2026-02-20 06:22:16,17.7,Sydney,11.46,DEV_078,Online,Utilities,0
TXN_009513,USR_0011,2026-01-14 17:59:13,16.46,Mumbai,5.72,DEV_011,ATM,Luxury,0
TXN_009514,USR_0079,2026-03-18 19:53:02,182.89,Toronto,1.49,DEV_079,Online,Transfer,0
TXN_009515,USR_0056,2026-02-28 11:06:56,62.64,New York,4.18,DEV_063,POS,Luxury,0
TXN_009516,USR_0050,2026-01-23 14:34:31,51.56,Tokyo,1.47,DEV_050,ATM,Travel,0
TXN_009517,USR_0076,2026-03-07 20:30:43,107.0,Paris,1.19,DEV_076,Online,Gaming,0
TXN_009518,USR_0033,2026-02-10 07:09:04,46.54,London,5.06,DEV_033,Online,Luxury,0
TXN_009519,USR_0062,2026-02-19 17:04:31,15.0,Sydney,1.74,DEV_062,Online,Electronics,0
TXN_009520,USR_0040,2026-02-16 13:54:31,22.92,New York,4.1,DEV_032,Online,Luxury,0
TXN_009521,USR_0076,2026-03-03 00:02:15,28.52,Paris,12.37,DEV_076,POS,Luxury,0
TXN_009522,USR_0071,2026-03-21 05:45:51,107.18,Toronto,4.27,DEV_071,POS,Travel,0
TXN_009523,USR_0094,2026-02-07 08:59:50,25.45,Sydney,4.62,DEV_094,POS,Transfer,0
TXN_009524,USR_0039,2026-03-11 13:34:04,11.94,Toronto,0.39,DEV_003,POS,Utilities,0
TXN_009525,USR_0086,2026-02-03 22:57:37,11.49,Sydney,10.61,DEV_086,POS,Electronics,0
TXN_009526,USR_0023,2026-03-30 00:58:00,11.83,Toronto,11.36,DEV_023,Online,Luxury,0
TXN_009527,USR_0083,2026-02-05 11:06:24,131.67,Mumbai,10.12,DEV_083,POS,Grocery,0
TXN_009528,USR_0004,2026-03-04 19:26:52,21.34,Paris,13.41,DEV_004,POS,Grocery,0
TXN_009529,USR_0037,2026-02-10 23:29:37,42.95,Berlin,1.8,DEV_037,Online,Luxury,0
TXN_009530,USR_0026,2026-01-26 22:03:39,60.06,Tokyo,36.13,DEV_026,Wire Transfer,Electronics,0
TXN_009531,USR_0023,2026-02-07 01:09:18,207.92,Toronto,4.02,DEV_023,POS,Travel,0
TXN_009532,USR_0019,2026-01-12 18:06:22,20.49,Mumbai,0.59,DEV_019,POS,Grocery,0
TXN_009533,USR_0097,2026-01-07 04:31:25,838.07,New York,510.5,DEV_121,Wire Transfer,Electronics,1
TXN_009534,USR_0037,2026-03-28 09:40:53,159.92,Berlin,23.22,DEV_037,Online,Gaming,0
TXN_009535,USR_0097,2026-02-21 09:26:55,50.18,London,0.82,DEV_097,Online,Utilities,0
TXN_009536,USR_0016,2026-03-30 04:23:15,45.55,New York,5.59,DEV_016,POS,Luxury,0
TXN_009537,USR_0020,2026-03-22 18:06:24,19.69,Paris,6.56,DEV_020,Online,Transfer,0
TXN_009538,USR_0038,2026-02-27 06:45:29,69.41,London,4.6,DEV_038,POS,Grocery,0
TXN_009539,USR_0098,2026-02-04 03:21:20,114.77,Tokyo,8.64,DEV_098,Online,Gaming,0
TXN_009540,USR_0078,2026-02-14 15:09:02,46.54,Sydney,1.58,DEV_078,Online,Utilities,0
TXN_009541,USR_0093,2026-03-12 04:21:24,20.06,Berlin,6.81,DEV_093,POS,Gaming,0
TXN_009542,USR_0094,2026-01-26 07:12:31,122.96,Sydney,6.21,DEV_094,POS,Luxury,0
TXN_009543,USR_0100,2026-02-24 22:23:20,12.2,Paris,5.56,DEV_100,POS,Utilities,0
TXN_009544,USR_0086,2026-03-27 01:30:46,27.13,Sydney,3.38,DEV_086,ATM,Luxury,0
TXN_009545,USR_0053,2026-01-27 14:29:23,10.95,Berlin,4.14,DEV_053,POS,Luxury,0
TXN_009546,USR_0027,2026-02-16 17:57:51,53.51,Mumbai,0.23,DEV_027,POS,Grocery,0
TXN_009547,USR_0017,2026-03-21 11:51:02,20.03,London,6.77,DEV_017,Online,Utilities,0
TXN_009548,USR_0030,2026-03-22 18:26:01,36.37,Sydney,10.34,DEV_113,Online,Electronics,0
TXN_009549,USR_0001,2026-02-05 20:43:37,138.2,London,0.19,DEV_001,POS,Electronics,0
TXN_009550,USR_0074,2026-03-14 06:10:22,143.75,Tokyo,4.1,DEV_074,Online,Utilities,0
TXN_009551,USR_0091,2026-03-27 16:18:32,25.07,Mumbai,16.3,DEV_091,Online,Travel,0
TXN_009552,USR_0096,2026-02-13 13:53:44,63.12,New York,0.24,DEV_030,POS,Utilities,0
TXN_009553,USR_0100,2026-01-03 12:39:49,53.57,Paris,5.06,DEV_100,POS,Grocery,0
TXN_009554,USR_0031,2026-01-25 23:12:03,288.21,Toronto,0.47,DEV_079,Online,Utilities,0
TXN_009555,USR_0021,2026-03-09 11:13:47,37.56,Berlin,1.53,DEV_021,Online,Gaming,0
TXN_009556,USR_0086,2026-02-26 03:21:41,22.17,Sydney,5.2,DEV_040,POS,Grocery,0
TXN_009557,USR_0099,2026-02-14 17:13:01,17.34,Mumbai,1.74,DEV_099,Online,Gaming,0
TXN_009558,USR_0077,2026-03-30 22:18:37,46.54,Berlin,0.91,DEV_077,Online,Luxury,0
TXN_009559,USR_0083,2026-01-15 22:54:14,401.16,Paris,4327.19,DEV_060,Wire Transfer,Gaming,1
TXN_009560,USR_0079,2026-02-21 14:41:39,116.34,Toronto,2.89,DEV_079,ATM,Luxury,0
TXN_009561,USR_0061,2026-03-04 10:38:09,415.84,Toronto,2436.24,DEV_084,Wire Transfer,Electronics,1
TXN_009562,USR_0082,2026-02-10 13:45:03,77.55,Tokyo,1.42,DEV_082,Online,Luxury,0
TXN_009563,USR_0050,2026-02-07 13:57:59,55.17,Tokyo,0.97,DEV_050,POS,Gaming,0
TXN_009564,USR_0004,2026-02-07 21:26:46,23.95,Paris,7.09,DEV_004,Wire Transfer,Travel,0
TXN_009565,USR_0072,2026-02-11 13:55:57,34.29,New York,1.67,DEV_072,POS,Travel,0
TXN_009566,USR_0026,2026-03-30 21:56:04,110.66,Toronto,3.38,DEV_026,POS,Gaming,0
TXN_009567,USR_0051,2026-01-26 01:05:47,17.05,Toronto,2.06,DEV_051,Online,Transfer,0
TXN_009568,USR_0046,2026-01-12 04:58:57,517.89,New York,674.13,DEV_143,Online,Gaming,1
TXN_009569,USR_0099,2026-01-14 15:38:47,24.51,Mumbai,0.36,DEV_099,Online,Gaming,0
TXN_009570,USR_0073,2026-03-25 15:11:07,35.09,London,8.7,DEV_073,POS,Utilities,0
TXN_009571,USR_0092,2026-01-22 00:39:28,87.68,Paris,4.95,DEV_142,Online,Gaming,0
TXN_009572,USR_0049,2026-01-11 00:45:28,44.96,London,3.89,DEV_049,Online,Gaming,0
TXN_009573,USR_0066,2026-03-07 02:11:22,75.76,Tokyo,1.14,DEV_066,Online,Grocery,0
TXN_009574,USR_0013,2026-03-05 11:51:01,66.29,Tokyo,5.85,DEV_013,POS,Gaming,0
TXN_009575,USR_0044,2026-02-09 20:00:08,83.75,Paris,0.86,DEV_044,POS,Utilities,0
TXN_009576,USR_0001,2026-01-16 18:11:19,70.76,London,9.37,DEV_001,ATM,Electronics,0
TXN_009577,USR_0093,2026-01-11 03:45:45,27.84,Berlin,6.71,DEV_093,POS,Utilities,0
TXN_009578,USR_0019,2026-01-13 08:58:54,38.84,Mumbai,1.01,DEV_019,ATM,Gaming,0
TXN_009579,USR_0014,2026-01-25 20:34:37,14.76,Sydney,1.14,DEV_014,Online,Grocery,0
TXN_009580,USR_0015,2026-02-19 12:40:20,87.3,New York,1.96,DEV_034,Online,Luxury,0
TXN_009581,USR_0050,2026-02-14 02:22:26,46.83,Tokyo,4.63,DEV_050,ATM,Electronics,0
TXN_009582,USR_0010,2026-03-29 17:14:43,26.97,Tokyo,1.54,DEV_010,POS,Utilities,0
TXN_009583,USR_0047,2026-02-04 01:10:34,21.29,Toronto,1.78,DEV_047,POS,Grocery,0
TXN_009584,USR_0075,2026-01-15 16:23:41,36.42,Mumbai,5.84,DEV_075,ATM,Transfer,0
TXN_009585,USR_0068,2026-01-17 11:04:09,105.71,Paris,2.98,DEV_068,POS,Travel,0
TXN_009586,USR_0013,2026-01-18 04:30:22,62.25,Berlin,2.57,DEV_034,POS,Utilities,0
TXN_009587,USR_0078,2026-03-26 12:34:38,11.13,Sydney,0.96,DEV_078,Online,Gaming,0
TXN_009588,USR_0080,2026-03-07 04:46:00,114.6,Sydney,3.41,DEV_080,ATM,Grocery,0
TXN_009589,USR_0072,2026-02-23 05:16:41,804.5,London,944.53,DEV_118,Wire Transfer,Luxury,1
TXN_009590,USR_0009,2026-02-23 12:57:37,39.4,London,0.01,DEV_009,ATM,Luxury,0
TXN_009591,USR_0082,2026-03-26 16:51:20,94.5,Tokyo,0.02,DEV_082,POS,Utilities,0
TXN_009592,USR_0052,2026-01-09 22:18:56,41.47,Paris,0.08,DEV_052,Online,Electronics,0
TXN_009593,USR_0073,2026-03-27 06:37:00,173.68,London,2.64,DEV_073,POS,Luxury,0
TXN_009594,USR_0005,2026-01-26 11:09:34,348.31,Berlin,4.69,DEV_005,Online,Luxury,0
TXN_009595,USR_0078,2026-03-30 01:42:45,97.57,Sydney,2.89,DEV_078,ATM,Travel,0
TXN_009596,USR_0085,2026-02-28 14:51:12,18.94,Berlin,3.36,DEV_085,ATM,Gaming,0
TXN_009597,USR_0035,2026-03-27 21:18:45,59.97,Mumbai,0.5,DEV_035,POS,Utilities,0
TXN_009598,USR_0002,2026-02-09 08:53:12,52.37,Tokyo,1.23,DEV_061,Online,Luxury,0
TXN_009599,USR_0004,2026-01-26 02:13:06,26.86,Paris,2.51,DEV_099,POS,Electronics,0
TXN_009600,USR_0036,2026-02-16 18:31:38,539.61,Paris,0.51,DEV_036,Online,Travel,0
TXN_009601,USR_0004,2026-02-12 14:48:34,25.15,Paris,9.25,DEV_004,Online,Electronics,0
TXN_009602,USR_0089,2026-03-20 20:32:51,58.25,London,2.18,DEV_089,POS,Grocery,0
TXN_009603,USR_0094,2026-01-06 11:55:20,386.84,Sydney,4.45,DEV_094,Online,Electronics,0
TXN_009604,USR_0066,2026-03-22 10:16:51,49.55,Tokyo,11.75,DEV_050,POS,Grocery,0
TXN_009605,USR_0087,2026-02-22 13:31:48,38.94,Toronto,4.51,DEV_087,ATM,Utilities,0
TXN_009606,USR_0098,2026-03-17 15:29:26,125.1,Toronto,2.93,DEV_098,POS,Gaming,0
TXN_009607,USR_0046,2026-01-07 15:59:58,35.92,Sydney,0.09,DEV_046,ATM,Utilities,0
TXN_009608,USR_0048,2026-01-18 05:59:06,2686.53,London,3488.76,DEV_122,ATM,Luxury,1
TXN_009609,USR_0060,2026-01-19 10:39:28,25.86,Paris,0.78,DEV_060,Online,Transfer,0
TXN_009610,USR_0084,2026-02-08 11:08:06,137.94,Paris,4.04,DEV_084,ATM,Utilities,0
TXN_009611,USR_0087,2026-02-22 02:32:14,18.19,Toronto,6.52,DEV_087,POS,Electronics,0
TXN_009612,USR_0045,2026-02-03 05:52:39,160.77,Berlin,6.16,DEV_045,Online,Utilities,0
TXN_009613,USR_0060,2026-01-13 20:20:05,10.3,Paris,9.22,DEV_060,Online,Transfer,0
TXN_009614,USR_0061,2026-03-04 02:31:23,13.02,Berlin,1.35,DEV_061,Online,Grocery,0
TXN_009615,USR_0047,2026-03-13 02:08:23,13.73,Toronto,5.01,DEV_122,ATM,Electronics,0
TXN_009616,USR_0066,2026-01-06 04:41:54,300.73,Tokyo,2.04,DEV_066,ATM,Luxury,0
TXN_009617,USR_0081,2026-03-27 22:22:21,54.32,London,7.16,DEV_032,Wire Transfer,Gaming,0
TXN_009618,USR_0098,2026-03-14 17:55:05,51.61,Tokyo,11.05,DEV_098,POS,Grocery,0
TXN_009619,USR_0028,2026-01-10 08:31:46,14.54,Paris,7.83,DEV_028,POS,Luxury,0
TXN_009620,USR_0091,2026-01-10 07:12:15,32.32,Mumbai,5.98,DEV_091,POS,Transfer,0
TXN_009621,USR_0060,2026-03-26 03:12:41,21.4,Paris,2.2,DEV_060,ATM,Travel,0
TXN_009622,USR_0068,2026-01-08 21:06:48,22.62,Paris,4.0,DEV_051,ATM,Transfer,0
TXN_009623,USR_0048,2026-02-27 18:28:04,24.28,Paris,5.64,DEV_015,POS,Transfer,0
TXN_009624,USR_0062,2026-01-13 22:47:13,15.18,Sydney,0.29,DEV_035,POS,Utilities,0
TXN_009625,USR_0053,2026-03-15 12:06:43,52.57,Berlin,15.84,DEV_019,ATM,Grocery,0
TXN_009626,USR_0014,2026-02-25 20:36:18,123.35,Sydney,0.4,DEV_014,Online,Transfer,0
TXN_009627,USR_0031,2026-02-02 11:21:50,68.26,Toronto,2.95,DEV_031,POS,Electronics,0
TXN_009628,USR_0005,2026-01-03 22:07:03,26.38,Berlin,8.49,DEV_005,POS,Transfer,0
TXN_009629,USR_0001,2026-02-10 20:28:46,41.41,London,9.57,DEV_001,POS,Luxury,0
TXN_009630,USR_0029,2026-03-07 06:56:03,28.56,New York,5.99,DEV_029,POS,Travel,0
TXN_009631,USR_0011,2026-03-25 22:40:31,754.74,New York,2256.72,DEV_109,Wire Transfer,Gaming,1
TXN_009632,USR_0029,2026-02-01 04:08:24,43.27,Berlin,10.88,DEV_029,Online,Utilities,0
TXN_009633,USR_0004,2026-02-19 04:37:49,15.82,Paris,5.9,DEV_004,ATM,Gaming,0
TXN_009634,USR_0032,2026-02-14 17:36:55,47.2,New York,14.7,DEV_042,POS,Gaming,0
TXN_009635,USR_0014,2026-02-11 01:38:45,50.17,Sydney,0.17,DEV_146,POS,Luxury,0
TXN_009636,USR_0074,2026-01-10 10:40:08,68.52,Tokyo,0.25,DEV_074,POS,Utilities,0
TXN_009637,USR_0082,2026-01-12 08:21:54,121.05,Tokyo,2.02,DEV_082,ATM,Grocery,0
TXN_009638,USR_0017,2026-03-30 18:08:10,14.39,London,1.97,DEV_017,ATM,Transfer,0
TXN_009639,USR_0024,2026-03-21 01:34:35,75.41,New York,3.62,DEV_024,Online,Electronics,0
TXN_009640,USR_0010,2026-03-01 21:09:03,44.83,Tokyo,6.77,DEV_010,Online,Travel,0
TXN_009641,USR_0034,2026-03-29 22:11:07,187.58,Tokyo,1.44,DEV_139,POS,Grocery,0
TXN_009642,USR_0024,2026-02-14 17:42:24,297.86,New York,2.95,DEV_024,Online,Transfer,0
TXN_009643,USR_0007,2026-02-27 01:59:28,31.88,Toronto,7.25,DEV_007,Online,Utilities,0
TXN_009644,USR_0034,2026-02-10 12:36:37,62.29,Tokyo,3.42,DEV_034,Online,Grocery,0
TXN_009645,USR_0092,2026-01-08 20:22:48,29.71,Paris,3.38,DEV_092,POS,Grocery,0
TXN_009646,USR_0050,2026-02-09 15:35:50,42.99,Paris,9.22,DEV_050,POS,Gaming,0
TXN_009647,USR_0036,2026-03-24 14:42:06,72.88,Paris,3.32,DEV_036,ATM,Utilities,0
TXN_009648,USR_0065,2026-01-31 08:37:20,193.88,London,3.29,DEV_065,POS,Travel,0
TXN_009649,USR_0086,2026-03-21 17:18:00,76.98,Sydney,0.37,DEV_099,ATM,Utilities,0
TXN_009650,USR_0039,2026-02-08 07:59:24,44.89,Toronto,13.8,DEV_039,Online,Electronics,0
TXN_009651,USR_0022,2026-03-31 04:55:15,2224.99,Toronto,2139.93,DEV_011,Wire Transfer,Transfer,1
TXN_009652,USR_0088,2026-02-02 19:26:54,116.71,New York,5.91,DEV_088,ATM,Gaming,0
TXN_009653,USR_0069,2026-01-13 19:21:48,3902.06,Paris,733.37,DEV_038,Online,Gaming,1
TXN_009654,USR_0080,2026-01-16 22:09:15,15.32,New York,9.91,DEV_046,POS,Travel,0
TXN_009655,USR_0073,2026-02-04 02:48:09,35.84,London,0.58,DEV_073,Online,Transfer,0
TXN_009656,USR_0072,2026-01-09 12:39:04,123.76,New York,0.52,DEV_072,ATM,Utilities,0
TXN_009657,USR_0075,2026-03-10 23:14:29,41.36,Mumbai,0.2,DEV_075,Online,Travel,0
TXN_009658,USR_0075,2026-03-23 03:20:44,122.6,Mumbai,3.7,DEV_075,Online,Electronics,0
TXN_009659,USR_0093,2026-03-09 21:55:39,1685.32,Paris,2436.55,DEV_059,ATM,Gaming,1
TXN_009660,USR_0003,2026-02-06 10:36:52,81.98,Mumbai,14.17,DEV_003,POS,Electronics,0
TXN_009661,USR_0030,2026-02-09 20:25:23,87.9,Sydney,6.1,DEV_030,ATM,Electronics,0
TXN_009662,USR_0062,2026-02-14 16:03:48,16.1,Paris,11.05,DEV_062,ATM,Electronics,0
TXN_009663,USR_0024,2026-03-20 20:18:37,15.63,New York,0.31,DEV_024,POS,Grocery,0
TXN_009664,USR_0097,2026-02-21 06:31:07,41.34,London,1.71,DEV_097,Online,Luxury,0
TXN_009665,USR_0018,2026-02-04 13:14:05,107.86,Tokyo,1.23,DEV_018,POS,Transfer,0
TXN_009666,USR_0036,2026-03-04 05:41:22,91.15,Paris,1.78,DEV_036,POS,Grocery,0
TXN_009667,USR_0060,2026-02-09 16:12:02,15.51,Sydney,0.69,DEV_060,Online,Travel,0
TXN_009668,USR_0032,2026-02-17 06:38:07,72.06,New York,0.62,DEV_032,POS,Transfer,0
TXN_009669,USR_0037,2026-02-20 04:39:32,61.44,Berlin,0.73,DEV_037,Online,Utilities,0
TXN_009670,USR_0043,2026-03-24 22:04:00,432.18,Mumbai,2.36,DEV_031,Online,Grocery,0
TXN_009671,USR_0058,2026-01-12 12:08:59,2705.74,New York,3371.59,DEV_013,ATM,Transfer,1
TXN_009672,USR_0076,2026-02-08 10:48:15,128.47,Paris,0.65,DEV_076,POS,Grocery,0
TXN_009673,USR_0079,2026-01-03 04:54:58,145.46,Toronto,4.03,DEV_079,POS,Utilities,0
TXN_009674,USR_0064,2026-03-25 15:38:04,2400.28,Berlin,4006.9,DEV_002,ATM,Gaming,1
TXN_009675,USR_0065,2026-02-18 08:47:53,43.42,London,0.92,DEV_065,Online,Utilities,0
TXN_009676,USR_0063,2026-02-08 08:22:45,186.46,Tokyo,13.61,DEV_063,POS,Electronics,0
TXN_009677,USR_0096,2026-01-19 23:18:12,11.36,New York,1.68,DEV_096,Online,Utilities,0
TXN_009678,USR_0086,2026-02-10 09:06:29,70.95,Sydney,6.92,DEV_086,POS,Electronics,0
TXN_009679,USR_0085,2026-03-20 16:05:20,45.66,Mumbai,16.44,DEV_085,Online,Grocery,0
TXN_009680,USR_0076,2026-03-14 03:47:28,77.4,Sydney,8.57,DEV_076,ATM,Gaming,0
TXN_009681,USR_0030,2026-03-17 23:25:13,2235.24,Toronto,862.29,DEV_112,ATM,Luxury,1
TXN_009682,USR_0035,2026-02-01 05:40:45,96.66,Mumbai,5.58,DEV_061,ATM,Grocery,0
TXN_009683,USR_0057,2026-02-22 13:09:08,25.75,London,5.78,DEV_057,Online,Grocery,0
TXN_009684,USR_0036,2026-01-16 07:02:20,28.14,Paris,0.49,DEV_036,POS,Gaming,0
TXN_009685,USR_0026,2026-03-02 17:22:13,26.03,Tokyo,8.78,DEV_026,POS,Utilities,0
TXN_009686,USR_0031,2026-03-06 22:03:44,71.08,Toronto,6.3,DEV_031,Online,Transfer,0
TXN_009687,USR_0029,2026-03-31 15:16:43,236.17,Berlin,2.05,DEV_029,POS,Transfer,0
TXN_009688,USR_0014,2026-03-23 15:15:05,172.36,Sydney,2.0,DEV_014,POS,Luxury,0
TXN_009689,USR_0013,2026-03-23 23:43:41,21.49,Paris,16.13,DEV_084,Wire Transfer,Travel,0
TXN_009690,USR_0075,2026-01-01 20:53:23,166.72,Mumbai,0.61,DEV_069,ATM,Gaming,0
TXN_009691,USR_0087,2026-01-17 17:38:50,72.97,Tokyo,9.52,DEV_087,ATM,Utilities,0
TXN_009692,USR_0041,2026-03-29 08:52:09,1207.32,Paris,3062.28,DEV_006,ATM,Transfer,1
TXN_009693,USR_0053,2026-02-10 10:25:14,28.32,Berlin,2.24,DEV_053,Online,Grocery,0
TXN_009694,USR_0016,2026-01-16 23:48:01,10.16,New York,6.34,DEV_016,POS,Electronics,0
TXN_009695,USR_0018,2026-01-18 22:51:44,86.81,Tokyo,1.75,DEV_018,Online,Gaming,0
TXN_009696,USR_0099,2026-02-03 00:53:37,50.6,Mumbai,6.84,DEV_099,ATM,Gaming,0
TXN_009697,USR_0074,2026-01-04 10:44:27,66.59,Tokyo,5.5,DEV_074,Online,Utilities,0
TXN_009698,USR_0074,2026-03-26 05:49:52,925.04,Paris,2969.65,DEV_016,Wire Transfer,Electronics,1
TXN_009699,USR_0048,2026-02-20 03:30:54,178.09,London,2.06,DEV_048,POS,Gaming,0
TXN_009700,USR_0053,2026-01-01 18:43:01,19.11,Berlin,4.78,DEV_053,Online,Utilities,0
TXN_009701,USR_0053,2026-03-06 10:49:59,25.98,Berlin,3.52,DEV_086,Wire Transfer,Transfer,0
TXN_009702,USR_0045,2026-01-31 16:32:09,93.22,Toronto,0.85,DEV_045,POS,Gaming,0
TXN_009703,USR_0032,2026-01-01 10:03:12,126.68,New York,3.95,DEV_032,POS,Luxury,0
TXN_009704,USR_0063,2026-03-24 22:18:57,48.21,Toronto,1.73,DEV_063,POS,Transfer,0
TXN_009705,USR_0043,2026-01-06 11:07:04,45.43,Paris,1.55,DEV_043,POS,Electronics,0
TXN_009706,USR_0083,2026-01-30 14:49:09,286.97,London,13.12,DEV_083,POS,Electronics,0
TXN_009707,USR_0039,2026-03-18 15:30:56,15.76,Toronto,0.6,DEV_039,Online,Transfer,0
TXN_009708,USR_0056,2026-02-09 09:43:30,198.91,New York,3.87,DEV_056,Online,Electronics,0
TXN_009709,USR_0031,2026-01-18 02:06:08,59.87,Toronto,5.39,DEV_122,Online,Electronics,0
TXN_009710,USR_0093,2026-01-04 03:50:15,52.22,Berlin,4.27,DEV_093,POS,Transfer,0
TXN_009711,USR_0095,2026-01-28 15:04:08,11.24,Toronto,1.63,DEV_095,ATM,Luxury,0
TXN_009712,USR_0077,2026-03-07 00:42:47,117.88,Paris,4.39,DEV_077,Online,Travel,0
TXN_009713,USR_0091,2026-03-31 21:06:26,49.39,Mumbai,2.75,DEV_091,Online,Luxury,0
TXN_009714,USR_0019,2026-01-15 08:56:39,62.73,Mumbai,8.43,DEV_019,POS,Grocery,0
TXN_009715,USR_0027,2026-01-17 17:11:24,955.69,Berlin,4769.33,DEV_033,ATM,Gaming,1
TXN_009716,USR_0011,2026-02-16 00:36:36,38.79,Mumbai,4.19,DEV_011,Online,Electronics,0
TXN_009717,USR_0069,2026-02-28 14:07:47,37.77,Berlin,29.36,DEV_069,Online,Travel,0
TXN_009718,USR_0020,2026-03-27 16:33:23,28.07,Paris,6.29,DEV_020,POS,Utilities,0
TXN_009719,USR_0044,2026-03-26 10:42:40,53.1,Paris,0.73,DEV_044,Wire Transfer,Gaming,0
TXN_009720,USR_0083,2026-03-10 21:32:56,98.44,Mumbai,8.86,DEV_083,Online,Travel,0
TXN_009721,USR_0051,2026-02-22 03:25:27,28.17,Mumbai,1.86,DEV_098,POS,Grocery,0
TXN_009722,USR_0005,2026-03-01 18:24:16,101.29,Mumbai,5.12,DEV_005,ATM,Gaming,0
TXN_009723,USR_0010,2026-01-18 10:19:58,22.08,Tokyo,6.38,DEV_010,Online,Gaming,0
TXN_009724,USR_0045,2026-03-28 05:00:23,18.47,Berlin,9.03,DEV_045,ATM,Travel,0
TXN_009725,USR_0038,2026-03-07 03:21:36,55.69,Sydney,7.64,DEV_038,Online,Gaming,0
TXN_009726,USR_0100,2026-01-19 16:50:49,147.08,Paris,5.83,DEV_100,Online,Grocery,0
TXN_009727,USR_0088,2026-01-04 11:20:33,22.74,New York,4.69,DEV_088,POS,Utilities,0
TXN_009728,USR_0073,2026-03-01 10:47:20,156.39,London,11.09,DEV_073,Online,Gaming,0
TXN_009729,USR_0043,2026-03-11 02:50:20,198.86,Mumbai,0.5,DEV_025,ATM,Grocery,0
TXN_009730,USR_0015,2026-01-01 01:17:22,88.68,Toronto,10.22,DEV_015,ATM,Grocery,0
TXN_009731,USR_0039,2026-01-31 23:58:50,43.29,Toronto,6.13,DEV_039,Online,Luxury,0
TXN_009732,USR_0007,2026-03-18 22:26:27,136.62,Toronto,5.57,DEV_007,Online,Luxury,0
TXN_009733,USR_0015,2026-01-20 15:08:02,244.9,Toronto,0.34,DEV_015,POS,Luxury,0
TXN_009734,USR_0024,2026-03-17 12:02:03,102.2,New York,11.44,DEV_024,POS,Gaming,0
TXN_009735,USR_0044,2026-02-21 07:24:26,127.08,Paris,1.39,DEV_044,POS,Gaming,0
TXN_009736,USR_0015,2026-03-10 12:46:58,16.48,Toronto,0.89,DEV_015,Online,Travel,0
TXN_009737,USR_0043,2026-01-08 06:43:50,93.13,Mumbai,7.26,DEV_043,POS,Transfer,0
TXN_009738,USR_0080,2026-03-25 10:49:47,272.61,New York,1.49,DEV_080,POS,Electronics,0
TXN_009739,USR_0060,2026-02-01 00:13:19,143.01,Paris,1.77,DEV_060,POS,Gaming,0
TXN_009740,USR_0059,2026-03-17 16:52:29,20.59,Mumbai,4.14,DEV_059,ATM,Gaming,0
TXN_009741,USR_0077,2026-03-22 13:29:36,219.21,Berlin,0.91,DEV_077,Online,Electronics,0
TXN_009742,USR_0094,2026-01-15 12:59:40,32.94,Sydney,1.14,DEV_094,Online,Utilities,0
TXN_009743,USR_0066,2026-01-03 16:40:18,35.14,Tokyo,3.23,DEV_066,POS,Travel,0
TXN_009744,USR_0056,2026-03-31 16:31:56,13.84,New York,8.92,DEV_025,Online,Luxury,0
TXN_009745,USR_0047,2026-02-08 22:09:15,38.89,Toronto,0.46,DEV_047,Online,Electronics,0
TXN_009746,USR_0060,2026-01-21 07:29:42,82.28,Paris,24.35,DEV_060,POS,Electronics,0
TXN_009747,USR_0089,2026-02-13 06:54:14,46.25,London,14.36,DEV_089,POS,Luxury,0
TXN_009748,USR_0023,2026-03-02 01:18:22,84.31,Toronto,7.75,DEV_023,POS,Utilities,0
TXN_009749,USR_0040,2026-01-26 05:39:03,14.75,New York,0.39,DEV_040,Online,Transfer,0
TXN_009750,USR_0028,2026-02-08 07:19:00,33.87,Paris,4.06,DEV_036,POS,Electronics,0
TXN_009751,USR_0087,2026-01-27 11:28:12,57.74,Toronto,8.21,DEV_087,Online,Travel,0
TXN_009752,USR_0099,2026-01-25 15:10:20,142.57,Paris,3.49,DEV_056,Online,Transfer,0
TXN_009753,USR_0077,2026-03-02 19:19:18,76.28,Berlin,3.81,DEV_077,POS,Grocery,0
TXN_009754,USR_0055,2026-03-03 10:55:42,42.47,Toronto,3.65,DEV_007,POS,Electronics,0
TXN_009755,USR_0001,2026-01-09 18:32:54,120.13,London,15.38,DEV_001,POS,Luxury,0
TXN_009756,USR_0006,2026-01-19 06:56:38,13.31,Sydney,8.83,DEV_059,ATM,Transfer,0
TXN_009757,USR_0011,2026-02-21 22:51:56,27.69,Mumbai,0.83,DEV_011,POS,Travel,0
TXN_009758,USR_0051,2026-03-18 04:22:40,3978.26,London,3899.46,DEV_117,ATM,Luxury,1
TXN_009759,USR_0005,2026-03-05 11:30:08,26.6,Berlin,10.67,DEV_005,POS,Utilities,0
TXN_009760,USR_0017,2026-02-03 11:09:06,11.65,London,6.49,DEV_127,Online,Gaming,0
TXN_009761,USR_0014,2026-03-19 18:11:18,80.59,Sydney,5.56,DEV_014,POS,Utilities,0
TXN_009762,USR_0049,2026-03-06 04:51:53,120.02,Paris,3.43,DEV_049,Online,Gaming,0
TXN_009763,USR_0054,2026-01-21 14:14:11,12.19,Sydney,5.39,DEV_054,POS,Electronics,0
TXN_009764,USR_0042,2026-02-20 06:35:54,239.82,Tokyo,6.0,DEV_042,POS,Travel,0
TXN_009765,USR_0066,2026-03-21 05:39:19,67.67,Tokyo,15.0,DEV_066,Online,Utilities,0
TXN_009766,USR_0001,2026-02-18 14:24:32,55.09,London,0.04,DEV_001,Online,Travel,0
TXN_009767,USR_0021,2026-01-18 23:55:12,32.61,Berlin,5.62,DEV_021,POS,Grocery,0
TXN_009768,USR_0016,2026-03-23 10:45:37,153.23,New York,1.47,DEV_016,Online,Transfer,0
TXN_009769,USR_0098,2026-02-16 23:44:10,116.74,Tokyo,1.51,DEV_098,POS,Electronics,0
TXN_009770,USR_0034,2026-02-07 05:13:02,121.37,Tokyo,0.51,DEV_034,Online,Gaming,0
TXN_009771,USR_0088,2026-01-11 11:14:20,131.93,New York,0.41,DEV_088,POS,Electronics,0
TXN_009772,USR_0081,2026-01-25 13:52:34,47.1,London,3.29,DEV_001,Online,Luxury,0
TXN_009773,USR_0088,2026-02-11 05:36:23,30.68,New York,11.61,DEV_068,POS,Gaming,0
TXN_009774,USR_0085,2026-03-08 21:08:32,156.22,Berlin,7.84,DEV_085,POS,Travel,0
TXN_009775,USR_0030,2026-02-18 01:21:53,43.95,Sydney,10.97,DEV_102,Online,Utilities,0
TXN_009776,USR_0071,2026-02-27 18:28:17,89.97,Toronto,20.45,DEV_071,POS,Luxury,0
TXN_009777,USR_0068,2026-02-26 12:52:27,38.51,Paris,15.65,DEV_068,POS,Electronics,0
TXN_009778,USR_0025,2026-01-20 16:51:55,12.38,London,2.19,DEV_025,Wire Transfer,Travel,0
TXN_009779,USR_0060,2026-03-02 04:03:56,85.23,Paris,5.8,DEV_060,POS,Grocery,0
TXN_009780,USR_0045,2026-02-21 17:32:14,27.28,Berlin,11.03,DEV_045,Online,Luxury,0
TXN_009781,USR_0035,2026-01-10 07:05:24,42.44,Mumbai,1.47,DEV_035,ATM,Luxury,0
TXN_009782,USR_0089,2026-01-09 02:54:58,78.93,London,5.29,DEV_089,Online,Gaming,0
TXN_009783,USR_0039,2026-02-05 15:50:23,15.3,Sydney,1.35,DEV_039,POS,Electronics,0
TXN_009784,USR_0014,2026-02-03 05:05:08,25.06,Sydney,5.22,DEV_014,POS,Luxury,0
TXN_009785,USR_0007,2026-02-06 18:44:47,19.14,Toronto,1.41,DEV_007,Online,Transfer,0
TXN_009786,USR_0037,2026-02-04 06:42:42,111.65,Berlin,2.86,DEV_037,POS,Luxury,0
TXN_009787,USR_0043,2026-01-19 12:21:43,169.26,Mumbai,12.36,DEV_043,POS,Grocery,0
TXN_009788,USR_0044,2026-03-13 12:23:09,78.17,Paris,6.2,DEV_044,POS,Electronics,0
TXN_009789,USR_0008,2026-03-31 10:15:19,82.32,New York,0.5,DEV_008,Online,Luxury,0
TXN_009790,USR_0004,2026-01-08 22:29:48,46.01,Paris,3.46,DEV_004,Online,Grocery,0
TXN_009791,USR_0040,2026-03-18 06:49:42,77.23,New York,9.5,DEV_040,Online,Electronics,0
TXN_009792,USR_0079,2026-01-08 11:26:58,67.2,Toronto,2.26,DEV_072,POS,Utilities,0
TXN_009793,USR_0038,2026-01-16 17:23:57,28.16,Sydney,9.54,DEV_066,Online,Grocery,0
TXN_009794,USR_0090,2026-03-22 10:38:40,10.25,Tokyo,3.75,DEV_090,Wire Transfer,Electronics,0
TXN_009795,USR_0094,2026-02-25 09:16:51,35.71,Sydney,5.13,DEV_094,Online,Electronics,0
TXN_009796,USR_0059,2026-01-10 02:26:18,47.35,Mumbai,14.47,DEV_059,ATM,Transfer,0
TXN_009797,USR_0020,2026-02-05 21:27:34,74.54,Paris,11.02,DEV_020,Online,Grocery,0
TXN_009798,USR_0093,2026-03-12 00:39:15,48.03,Berlin,2.81,DEV_093,POS,Transfer,0
TXN_009799,USR_0018,2026-03-26 13:09:38,63.73,Tokyo,3.19,DEV_018,ATM,Electronics,0
TXN_009800,USR_0018,2026-02-11 12:23:41,16.41,Tokyo,5.33,DEV_018,POS,Gaming,0
TXN_009801,USR_0005,2026-02-17 16:24:28,15.09,Berlin,0.29,DEV_005,POS,Gaming,0
TXN_009802,USR_0005,2026-03-20 06:40:12,38.03,Berlin,0.2,DEV_005,POS,Transfer,0
TXN_009803,USR_0036,2026-01-19 22:13:19,31.7,Paris,1.12,DEV_036,Online,Grocery,0
TXN_009804,USR_0021,2026-01-24 00:37:34,50.59,Berlin,8.73,DEV_021,Online,Luxury,0
TXN_009805,USR_0084,2026-03-21 11:48:03,26.17,Paris,5.47,DEV_084,POS,Luxury,0
TXN_009806,USR_0046,2026-02-22 03:09:24,37.9,Sydney,2.14,DEV_046,POS,Gaming,0
TXN_009807,USR_0064,2026-01-13 01:28:15,54.86,New York,1.26,DEV_067,Online,Utilities,0
TXN_009808,USR_0016,2026-03-02 17:33:18,11.89,New York,7.64,DEV_016,ATM,Grocery,0
TXN_009809,USR_0077,2026-02-14 07:35:26,418.93,Sydney,3524.7,DEV_136,ATM,Gaming,1
TXN_009810,USR_0087,2026-03-29 16:41:43,30.07,Toronto,7.03,DEV_090,POS,Electronics,0
TXN_009811,USR_0042,2026-01-20 10:50:42,82.98,Tokyo,4.19,DEV_042,Online,Grocery,0
TXN_009812,USR_0073,2026-01-11 12:26:47,236.06,London,3.21,DEV_020,Online,Gaming,0
TXN_009813,USR_0072,2026-01-22 01:57:17,317.35,New York,2.23,DEV_072,Online,Electronics,0
TXN_009814,USR_0089,2026-01-30 16:23:15,87.8,London,4.48,DEV_089,Online,Utilities,0
TXN_009815,USR_0018,2026-02-13 01:13:43,37.83,Tokyo,10.35,DEV_018,POS,Luxury,0
TXN_009816,USR_0094,2026-03-21 05:59:50,63.39,Sydney,10.66,DEV_094,Online,Utilities,0
TXN_009817,USR_0018,2026-02-28 10:25:57,146.66,Tokyo,0.05,DEV_018,ATM,Electronics,0
TXN_009818,USR_0003,2026-03-19 23:32:49,212.4,Sydney,4.22,DEV_003,Online,Travel,0
TXN_009819,USR_0004,2026-03-01 23:50:04,90.63,Paris,0.75,DEV_004,Online,Grocery,0
TXN_009820,USR_0022,2026-03-29 05:07:29,72.92,Sydney,5.13,DEV_022,POS,Gaming,0
TXN_009821,USR_0010,2026-02-01 01:52:48,28.17,Tokyo,1.47,DEV_010,ATM,Utilities,0
TXN_009822,USR_0064,2026-03-29 14:52:06,99.53,New York,0.27,DEV_064,Wire Transfer,Grocery,0
TXN_009823,USR_0078,2026-01-19 12:18:44,85.54,Sydney,5.88,DEV_078,Online,Grocery,0
TXN_009824,USR_0030,2026-01-15 11:44:46,122.37,Sydney,7.52,DEV_047,Online,Electronics,0
TXN_009825,USR_0092,2026-02-03 03:07:15,13.56,Paris,1.25,DEV_092,Online,Travel,0
TXN_009826,USR_0007,2026-03-20 11:40:45,321.91,Toronto,9.29,DEV_007,POS,Gaming,0
TXN_009827,USR_0078,2026-01-20 06:14:44,23.25,Sydney,0.48,DEV_076,POS,Transfer,0
TXN_009828,USR_0066,2026-03-12 09:20:39,89.1,Tokyo,0.73,DEV_066,POS,Electronics,0
TXN_009829,USR_0080,2026-02-13 12:52:40,71.04,New York,0.31,DEV_080,Online,Gaming,0
TXN_009830,USR_0014,2026-01-20 17:50:28,279.98,Sydney,9.43,DEV_014,Online,Transfer,0
TXN_009831,USR_0026,2026-03-29 17:20:27,33.3,Tokyo,3.36,DEV_026,POS,Luxury,0
TXN_009832,USR_0064,2026-02-08 12:06:05,140.14,New York,20.86,DEV_064,POS,Travel,0
TXN_009833,USR_0042,2026-01-24 18:22:14,110.08,Tokyo,0.67,DEV_042,POS,Utilities,0
TXN_009834,USR_0089,2026-01-02 12:34:10,128.05,London,6.68,DEV_022,POS,Gaming,0
TXN_009835,USR_0021,2026-02-26 22:36:01,208.93,Mumbai,2.43,DEV_021,ATM,Grocery,0
TXN_009836,USR_0094,2026-03-08 20:50:58,47.92,Sydney,1.41,DEV_094,Online,Transfer,0
TXN_009837,USR_0027,2026-02-14 02:04:52,79.95,Mumbai,2.02,DEV_072,Online,Grocery,0
TXN_009838,USR_0094,2026-03-29 18:28:17,188.0,Sydney,7.4,DEV_094,ATM,Transfer,0
TXN_009839,USR_0091,2026-02-19 16:47:55,99.07,Mumbai,1.4,DEV_091,POS,Luxury,0
TXN_009840,USR_0085,2026-02-07 02:15:06,177.68,Berlin,7.31,DEV_085,Wire Transfer,Grocery,0
TXN_009841,USR_0057,2026-03-23 12:33:51,44.07,London,4.16,DEV_057,Online,Grocery,0
TXN_009842,USR_0044,2026-02-02 04:20:48,75.89,Paris,5.52,DEV_078,POS,Transfer,0
TXN_009843,USR_0096,2026-02-05 00:33:30,510.4,Toronto,3660.46,DEV_058,Online,Transfer,1
TXN_009844,USR_0051,2026-02-08 05:43:56,73.74,Mumbai,7.98,DEV_051,POS,Transfer,0
TXN_009845,USR_0067,2026-03-04 08:03:11,79.68,Mumbai,31.59,DEV_067,Online,Gaming,0
TXN_009846,USR_0016,2026-01-15 02:58:14,122.61,New York,1.05,DEV_016,Wire Transfer,Gaming,0
TXN_009847,USR_0003,2026-01-06 15:12:06,73.54,Mumbai,2.38,DEV_003,POS,Luxury,0
TXN_009848,USR_0024,2026-02-17 01:13:58,260.77,Toronto,4.67,DEV_015,POS,Transfer,0
TXN_009849,USR_0018,2026-03-14 23:59:49,30.87,Tokyo,7.45,DEV_018,Online,Luxury,0
TXN_009850,USR_0077,2026-01-04 00:58:50,42.33,Berlin,9.46,DEV_077,Online,Utilities,0
TXN_009851,USR_0024,2026-01-24 22:31:50,49.22,New York,10.28,DEV_024,Online,Gaming,0
TXN_009852,USR_0018,2026-01-23 01:56:37,37.15,Tokyo,2.07,DEV_018,Online,Gaming,0
TXN_009853,USR_0032,2026-01-02 01:22:01,36.37,New York,6.6,DEV_032,Online,Travel,0
TXN_009854,USR_0064,2026-01-03 06:06:04,46.96,New York,11.09,DEV_003,Online,Utilities,0
TXN_009855,USR_0060,2026-02-22 03:58:38,10.74,Paris,2.1,DEV_060,Online,Electronics,0
TXN_009856,USR_0025,2026-02-10 01:21:18,101.5,London,8.87,DEV_025,Online,Transfer,0
TXN_009857,USR_0036,2026-01-02 05:56:16,55.48,Paris,0.4,DEV_036,POS,Electronics,0
TXN_009858,USR_0001,2026-03-24 09:44:41,93.96,London,0.38,DEV_001,POS,Gaming,0
TXN_009859,USR_0023,2026-03-15 11:12:22,1672.76,New York,3912.63,DEV_068,Wire Transfer,Gaming,1
TXN_009860,USR_0071,2026-02-22 04:29:44,87.89,Toronto,7.69,DEV_071,ATM,Luxury,0
TXN_009861,USR_0040,2026-01-12 14:27:00,124.96,New York,1.44,DEV_040,Wire Transfer,Luxury,0
TXN_009862,USR_0070,2026-01-25 01:27:35,36.06,Sydney,4.52,DEV_070,POS,Grocery,0
TXN_009863,USR_0011,2026-03-18 20:18:47,15.22,Mumbai,6.38,DEV_011,ATM,Transfer,0
TXN_009864,USR_0021,2026-01-27 04:41:46,121.39,Berlin,8.09,DEV_021,Online,Travel,0
TXN_009865,USR_0081,2026-03-10 14:46:24,63.53,London,6.57,DEV_081,POS,Luxury,0
TXN_009866,USR_0075,2026-03-23 17:17:36,123.03,Mumbai,5.15,DEV_075,POS,Utilities,0
TXN_009867,USR_0011,2026-01-10 12:04:26,100.18,Mumbai,11.25,DEV_030,Online,Electronics,0
TXN_009868,USR_0057,2026-01-06 08:45:22,96.07,London,21.19,DEV_057,Online,Gaming,0
TXN_009869,USR_0038,2026-02-16 07:51:59,31.68,Sydney,0.94,DEV_038,POS,Utilities,0
TXN_009870,USR_0099,2026-02-14 07:54:28,37.72,Tokyo,1.72,DEV_020,POS,Luxury,0
TXN_009871,USR_0084,2026-02-17 03:17:58,24.87,Paris,0.7,DEV_084,POS,Luxury,0
TXN_009872,USR_0083,2026-03-22 01:59:05,32.61,Mumbai,0.59,DEV_083,Wire Transfer,Gaming,0
TXN_009873,USR_0069,2026-01-30 10:19:33,47.15,Berlin,1.85,DEV_069,Online,Travel,0
TXN_009874,USR_0019,2026-02-15 02:29:10,42.91,Mumbai,12.45,DEV_019,POS,Electronics,0
TXN_009875,USR_0009,2026-03-04 10:55:43,32.84,London,0.27,DEV_009,POS,Luxury,0
TXN_009876,USR_0010,2026-03-15 07:51:37,69.2,New York,1.72,DEV_010,Online,Gaming,0
TXN_009877,USR_0062,2026-01-15 19:20:31,15.1,Sydney,6.33,DEV_062,ATM,Travel,0
TXN_009878,USR_0024,2026-02-25 22:47:27,28.82,New York,8.74,DEV_024,Online,Gaming,0
TXN_009879,USR_0083,2026-03-24 17:49:55,88.36,Mumbai,5.07,DEV_029,POS,Luxury,0
TXN_009880,USR_0001,2026-03-11 17:50:24,17.71,Toronto,1.94,DEV_001,Online,Utilities,0
TXN_009881,USR_0020,2026-01-28 21:42:31,66.2,Mumbai,2.24,DEV_020,POS,Electronics,0
TXN_009882,USR_0023,2026-03-29 15:50:47,29.54,Toronto,7.94,DEV_023,ATM,Travel,0
TXN_009883,USR_0049,2026-02-24 09:53:01,91.63,London,4.43,DEV_049,Wire Transfer,Electronics,0
TXN_009884,USR_0071,2026-02-18 22:08:21,660.25,Mumbai,2979.77,DEV_037,ATM,Gaming,1
TXN_009885,USR_0010,2026-03-30 14:14:37,23.03,Tokyo,0.82,DEV_010,POS,Utilities,0
TXN_009886,USR_0004,2026-02-05 23:36:00,274.19,Paris,0.91,DEV_004,ATM,Luxury,0
TXN_009887,USR_0086,2026-03-04 08:54:22,55.91,Sydney,6.11,DEV_086,ATM,Transfer,0
TXN_009888,USR_0014,2026-02-14 09:13:57,15.84,New York,2.67,DEV_014,POS,Luxury,0
TXN_009889,USR_0032,2026-02-22 16:19:00,19.54,New York,7.73,DEV_032,POS,Travel,0
TXN_009890,USR_0053,2026-02-17 06:13:29,37.0,Berlin,20.95,DEV_053,POS,Travel,0
TXN_009891,USR_0073,2026-01-21 01:30:29,35.64,London,0.69,DEV_073,POS,Gaming,0
TXN_009892,USR_0042,2026-03-14 04:34:39,23.65,Tokyo,0.4,DEV_042,Online,Utilities,0
TXN_009893,USR_0094,2026-02-05 02:24:52,107.58,Sydney,1.14,DEV_094,POS,Luxury,0
TXN_009894,USR_0071,2026-01-30 16:23:50,21.64,Toronto,11.8,DEV_071,Online,Grocery,0
TXN_009895,USR_0010,2026-01-06 21:11:00,127.42,Tokyo,1.44,DEV_010,Online,Grocery,0
TXN_009896,USR_0006,2026-03-30 08:49:49,10.7,London,5.25,DEV_006,POS,Grocery,0
TXN_009897,USR_0082,2026-02-24 03:44:55,37.04,Tokyo,0.76,DEV_082,Online,Transfer,0
TXN_009898,USR_0031,2026-01-04 05:46:45,26.66,Toronto,2.6,DEV_031,Online,Transfer,0
TXN_009899,USR_0047,2026-01-01 12:13:08,60.46,Toronto,5.66,DEV_047,POS,Travel,0
TXN_009900,USR_0098,2026-03-19 00:09:00,156.53,Tokyo,0.63,DEV_098,Online,Transfer,0
TXN_009901,USR_0020,2026-01-30 12:21:28,136.55,Paris,5.8,DEV_020,Online,Utilities,0
TXN_009902,USR_0092,2026-03-03 07:25:27,81.95,Paris,7.62,DEV_104,POS,Utilities,0
TXN_009903,USR_0031,2026-01-13 09:07:34,95.04,Toronto,1.24,DEV_044,ATM,Luxury,0
TXN_009904,USR_0098,2026-01-07 19:09:29,93.29,Tokyo,5.29,DEV_098,POS,Transfer,0
TXN_009905,USR_0064,2026-03-07 17:17:13,1826.01,Paris,1451.5,DEV_003,ATM,Luxury,1
TXN_009906,USR_0100,2026-01-11 20:52:36,54.42,Paris,5.75,DEV_100,Online,Travel,0
TXN_009907,USR_0035,2026-02-12 09:22:25,99.3,Mumbai,1.4,DEV_035,Online,Travel,0
TXN_009908,USR_0078,2026-01-14 02:19:04,150.64,Sydney,7.74,DEV_078,Online,Transfer,0
TXN_009909,USR_0010,2026-01-09 11:47:19,10.69,Tokyo,6.1,DEV_010,Online,Electronics,0
TXN_009910,USR_0051,2026-03-25 20:31:58,47.1,Mumbai,1.72,DEV_051,POS,Transfer,0
TXN_009911,USR_0083,2026-03-11 19:25:59,138.16,Mumbai,1.96,DEV_083,POS,Luxury,0
TXN_009912,USR_0006,2026-01-25 05:50:57,25.53,Sydney,3.98,DEV_006,Online,Utilities,0
TXN_009913,USR_0018,2026-01-24 04:35:25,28.18,Tokyo,1.35,DEV_009,Online,Transfer,0
TXN_009914,USR_0086,2026-03-09 09:43:08,77.61,Sydney,2.2,DEV_086,POS,Travel,0
TXN_009915,USR_0054,2026-03-03 07:58:21,14.3,Sydney,6.93,DEV_054,Online,Transfer,0
TXN_009916,USR_0014,2026-03-15 22:33:45,107.8,Sydney,9.55,DEV_014,Wire Transfer,Travel,0
TXN_009917,USR_0086,2026-02-26 14:08:22,13.55,Sydney,1.66,DEV_086,Online,Transfer,0
TXN_009918,USR_0095,2026-01-10 04:19:53,47.98,Toronto,1.11,DEV_144,ATM,Utilities,0
TXN_009919,USR_0051,2026-03-12 22:34:12,62.27,Mumbai,1.96,DEV_051,Online,Luxury,0
TXN_009920,USR_0023,2026-02-16 09:43:46,142.77,Toronto,1.69,DEV_023,Online,Grocery,0
TXN_009921,USR_0014,2026-02-04 13:21:50,48.6,Sydney,1.68,DEV_014,ATM,Utilities,0
TXN_009922,USR_0099,2026-03-02 12:54:05,60.19,Mumbai,7.03,DEV_099,ATM,Transfer,0
TXN_009923,USR_0042,2026-03-20 23:51:03,41.48,Tokyo,10.75,DEV_042,Online,Luxury,0
TXN_009924,USR_0051,2026-03-28 06:40:03,68.61,Mumbai,0.31,DEV_051,Online,Electronics,0
TXN_009925,USR_0082,2026-01-11 22:03:16,1821.73,Toronto,2411.89,DEV_141,Wire Transfer,Gaming,1
TXN_009926,USR_0026,2026-01-29 09:41:52,35.04,Tokyo,4.42,DEV_026,ATM,Utilities,0
TXN_009927,USR_0093,2026-02-15 13:07:45,125.99,Berlin,1.42,DEV_093,POS,Utilities,0
TXN_009928,USR_0079,2026-03-25 19:27:03,78.67,Toronto,0.29,DEV_079,Online,Electronics,0
TXN_009929,USR_0077,2026-03-14 08:16:48,224.49,Berlin,1.41,DEV_077,POS,Luxury,0
TXN_009930,USR_0097,2026-03-25 09:28:18,127.71,London,8.64,DEV_051,POS,Grocery,0
TXN_009931,USR_0057,2026-02-14 14:47:27,121.15,London,14.09,DEV_057,POS,Electronics,0
TXN_009932,USR_0100,2026-02-28 05:47:24,15.73,Paris,2.29,DEV_100,ATM,Transfer,0
TXN_009933,USR_0099,2026-01-29 09:27:16,14.7,Mumbai,4.6,DEV_099,POS,Utilities,0
TXN_009934,USR_0065,2026-03-17 18:09:23,52.47,London,3.34,DEV_065,Online,Travel,0
TXN_009935,USR_0044,2026-02-06 05:27:36,12.13,Paris,1.41,DEV_044,POS,Utilities,0
TXN_009936,USR_0063,2026-03-13 20:17:23,37.64,Toronto,1.44,DEV_063,Wire Transfer,Electronics,0
TXN_009937,USR_0065,2026-01-15 18:50:31,20.07,London,5.19,DEV_008,POS,Gaming,0
TXN_009938,USR_0044,2026-01-04 02:10:23,150.62,Paris,2.97,DEV_044,Online,Grocery,0
TXN_009939,USR_0029,2026-02-16 05:14:42,235.96,Berlin,9.31,DEV_029,ATM,Gaming,0
TXN_009940,USR_0078,2026-02-27 15:00:41,180.19,Sydney,3.1,DEV_078,Online,Electronics,0
TXN_009941,USR_0100,2026-02-06 11:52:13,208.7,Paris,8.45,DEV_100,Online,Luxury,0
TXN_009942,USR_0091,2026-01-15 22:49:51,17.88,Mumbai,2.08,DEV_091,Online,Utilities,0
TXN_009943,USR_0053,2026-03-26 18:03:44,73.33,Berlin,5.08,DEV_053,Online,Electronics,0
TXN_009944,USR_0068,2026-03-13 07:12:51,22.93,Paris,0.32,DEV_068,ATM,Grocery,0
TXN_009945,USR_0061,2026-03-28 06:39:46,33.12,Berlin,5.08,DEV_061,Online,Luxury,0
TXN_009946,USR_0006,2026-03-13 14:23:32,77.63,Sydney,8.14,DEV_006,POS,Transfer,0
TXN_009947,USR_0006,2026-03-02 22:15:27,24.17,Sydney,3.21,DEV_006,Online,Electronics,0
TXN_009948,USR_0012,2026-03-03 03:13:56,72.82,Paris,6.15,DEV_012,ATM,Electronics,0
TXN_009949,USR_0073,2026-03-24 17:05:33,133.89,New York,4.48,DEV_073,Online,Grocery,0
TXN_009950,USR_0074,2026-01-30 06:18:16,1274.41,Sydney,4309.04,DEV_119,Online,Luxury,1
TXN_009951,USR_0068,2026-01-11 21:48:20,50.83,Paris,9.6,DEV_030,Online,Transfer,0
TXN_009952,USR_0043,2026-02-27 13:52:52,49.7,Tokyo,7.96,DEV_043,POS,Electronics,0
TXN_009953,USR_0036,2026-03-10 15:59:47,23.21,Paris,0.69,DEV_036,POS,Grocery,0
TXN_009954,USR_0027,2026-03-17 23:45:04,12.11,Mumbai,4.41,DEV_027,POS,Travel,0
TXN_009955,USR_0029,2026-02-20 18:03:48,1766.11,Toronto,1238.6,DEV_016,Wire Transfer,Transfer,1
TXN_009956,USR_0029,2026-01-09 20:27:48,13.78,Berlin,0.16,DEV_029,Online,Grocery,0
TXN_009957,USR_0015,2026-01-27 18:04:42,83.29,Toronto,2.74,DEV_015,Online,Utilities,0
TXN_009958,USR_0087,2026-01-02 08:11:43,32.94,Toronto,0.27,DEV_087,Online,Luxury,0
TXN_009959,USR_0061,2026-03-09 09:22:37,47.33,Berlin,1.03,DEV_061,POS,Transfer,0
TXN_009960,USR_0002,2026-03-31 15:44:06,76.68,Tokyo,0.81,DEV_002,POS,Utilities,0
TXN_009961,USR_0079,2026-03-21 20:34:48,13.87,Paris,4.46,DEV_037,ATM,Travel,0
TXN_009962,USR_0041,2026-01-13 05:03:17,22.83,London,2.13,DEV_041,POS,Gaming,0
TXN_009963,USR_0073,2026-01-09 20:34:08,59.62,London,1.05,DEV_073,Wire Transfer,Grocery,0
TXN_009964,USR_0092,2026-01-12 20:33:13,33.02,Paris,3.52,DEV_092,Online,Travel,0
TXN_009965,USR_0069,2026-03-27 03:27:06,4490.32,Paris,4492.8,DEV_111,Wire Transfer,Transfer,1
TXN_009966,USR_0096,2026-01-13 18:36:53,77.29,New York,0.48,DEV_096,POS,Utilities,0
TXN_009967,USR_0070,2026-02-19 11:06:22,976.39,Berlin,4743.74,DEV_144,Online,Luxury,1
TXN_009968,USR_0059,2026-03-27 02:06:32,51.04,Mumbai,5.41,DEV_117,POS,Transfer,0
TXN_009969,USR_0057,2026-03-30 11:59:30,20.57,London,3.86,DEV_057,Wire Transfer,Gaming,0
TXN_009970,USR_0066,2026-01-01 01:40:24,65.05,Tokyo,5.19,DEV_066,POS,Electronics,0
TXN_009971,USR_0078,2026-02-19 12:44:14,51.42,Sydney,0.08,DEV_078,POS,Luxury,0
TXN_009972,USR_0074,2026-03-05 20:26:24,207.41,Tokyo,5.46,DEV_110,ATM,Transfer,0
TXN_009973,USR_0005,2026-01-04 03:25:59,19.85,Berlin,15.63,DEV_005,POS,Electronics,0
TXN_009974,USR_0058,2026-01-29 22:25:10,58.43,Tokyo,1.2,DEV_058,Online,Gaming,0
TXN_009975,USR_0040,2026-01-19 08:50:36,86.89,New York,0.85,DEV_040,POS,Grocery,0
TXN_009976,USR_0056,2026-03-24 14:20:29,30.8,New York,8.57,DEV_056,POS,Travel,0
TXN_009977,USR_0064,2026-01-15 13:52:13,24.99,New York,6.61,DEV_064,POS,Electronics,0
TXN_009978,USR_0094,2026-01-31 11:10:46,345.14,Sydney,0.02,DEV_094,POS,Grocery,0
TXN_009979,USR_0093,2026-01-22 05:41:04,52.25,Berlin,0.21,DEV_093,ATM,Travel,0
TXN_009980,USR_0035,2026-01-28 06:45:14,31.68,Mumbai,7.85,DEV_035,POS,Electronics,0
TXN_009981,USR_0021,2026-01-19 00:38:30,70.93,Toronto,1.16,DEV_053,POS,Electronics,0
TXN_009982,USR_0005,2026-02-06 11:41:17,109.15,Berlin,1.62,DEV_005,Online,Electronics,0
TXN_009983,USR_0097,2026-01-08 01:49:37,58.48,London,0.12,DEV_097,POS,Grocery,0
TXN_009984,USR_0017,2026-03-07 00:31:17,263.27,London,0.12,DEV_017,POS,Luxury,0
TXN_009985,USR_0062,2026-02-28 22:15:26,18.54,Sydney,1.44,DEV_062,POS,Electronics,0
TXN_009986,USR_0041,2026-03-18 10:09:29,13.78,London,22.48,DEV_041,POS,Gaming,0
TXN_009987,USR_0043,2026-01-02 09:39:52,110.27,Paris,2.61,DEV_020,ATM,Electronics,0
TXN_009988,USR_0054,2026-02-07 03:25:40,92.81,Sydney,3.48,DEV_054,POS,Electronics,0
TXN_009989,USR_0028,2026-01-31 07:46:38,85.67,New York,6.52,DEV_028,ATM,Luxury,0
TXN_009990,USR_0016,2026-01-19 15:05:07,22.7,New York,8.41,DEV_016,Wire Transfer,Gaming,0
TXN_009991,USR_0036,2026-01-12 04:39:18,1212.83,New York,3683.78,DEV_057,ATM,Electronics,1
TXN_009992,USR_0023,2026-02-06 18:47:33,28.51,Toronto,1.34,DEV_023,ATM,Utilities,0
TXN_009993,USR_0018,2026-03-25 01:40:06,38.01,Tokyo,6.32,DEV_018,POS,Gaming,0
TXN_009994,USR_0022,2026-02-23 22:59:06,17.05,Sydney,3.72,DEV_022,Online,Electronics,0
TXN_009995,USR_0064,2026-03-18 07:15:34,82.01,New York,0.72,DEV_064,POS,Transfer,0
TXN_009996,USR_0083,2026-01-06 03:25:20,34.13,Mumbai,16.99,DEV_083,POS,Transfer,0
TXN_009997,USR_0041,2026-01-21 04:47:42,60.07,London,1.08,DEV_041,POS,Gaming,0
TXN_009998,USR_0088,2026-03-27 22:49:16,12.53,Berlin,1.26,DEV_057,POS,Travel,0
TXN_009999,USR_0039,2026-01-22 01:20:03,24.85,Toronto,0.25,DEV_039,Wire Transfer,Travel,0
TXN_010000,USR_0044,2026-03-04 02:53:51,46.05,Paris,1.73,DEV_044,POS,Travel,0
